Stasiun,Curah Hujan,Latitude,Longitude
FL Tobing,0,1.55312,98.89738
FL Tobing,27.2,1.55312,98.89738
FL Tobing,0,1.55312,98.89738
FL Tobing,0,1.55312,98.89738
FL Tobing,0,1.55312,98.89738
FL Tobing,0,1.55312,98.89738
FL Tobing,0,1.55312,98.89738
FL Tobing,57.8,1.55312,98.89738
FL Tobing,0,1.55312,98.89738
FL Tobing,0,1.55312,98.89738
FL Tobing,19,1.55312,98.89738
FL Tobing,0,1.55312,98.89738
FL Tobing,84.8,1.55312,98.89738
FL Tobing,0,1.55312,98.89738
FL Tobing,0,1.55312,98.89738
FL Tobing,0,1.55312,98.89738
FL Tobing,0,1.55312,98.89738
FL Tobing,19.2,1.55312,98.89738
FL Tobing,0,1.55312,98.89738
FL Tobing,12,1.55312,98.89738
FL Tobing,7.5,1.55312,98.89738
FL Tobing,6.4,1.55312,98.89738
FL Tobing,0.4,1.55312,98.89738
FL Tobing,0,1.55312,98.89738
FL Tobing,4.7,1.55312,98.89738
FL Tobing,4,1.55312,98.89738
FL Tobing,41.7,1.55312,98.89738
FL Tobing,0,1.55312,98.89738
FL Tobing,0,1.55312,98.89738
FL Tobing,0,1.55312,98.89738
FL Tobing,50,1.55312,98.89738
FL Tobing,0,1.55312,98.89738
FL Tobing,0,1.55312,98.89738
FL Tobing,0,1.55312,98.89738
FL Tobing,0,1.55312,98.89738
FL Tobing,0,1.55312,98.89738
FL Tobing,0,1.55312,98.89738
FL Tobing,0,1.55312,98.89738
FL Tobing,0,1.55312,98.89738
FL Tobing,0,1.55312,98.89738
FL Tobing,0,1.55312,98.89738
FL Tobing,3.9,1.55312,98.89738
FL Tobing,0,1.55312,98.89738
FL Tobing,0,1.55312,98.89738
FL Tobing,0,1.55312,98.89738
FL Tobing,2.3,1.55312,98.89738
FL Tobing,2.6,1.55312,98.89738
FL Tobing,1.6,1.55312,98.89738
FL Tobing,0,1.55312,98.89738
FL Tobing,0,1.55312,98.89738
FL Tobing,0,1.55312,98.89738
FL Tobing,0,1.55312,98.89738
FL Tobing,0,1.55312,98.89738
FL Tobing,0,1.55312,98.89738
FL Tobing,12.5,1.55312,98.89738
FL Tobing,0,1.55312,98.89738
FL Tobing,0,1.55312,98.89738
FL Tobing,0,1.55312,98.89738
FL Tobing,0,1.55312,98.89738
FL Tobing,0,1.55312,98.89738
FL Tobing,0,1.55312,98.89738
FL Tobing,1,1.55312,98.89738
FL Tobing,1,1.55312,98.89738
FL Tobing,0,1.55312,98.89738
FL Tobing,5.4,1.55312,98.89738
FL Tobing,0,1.55312,98.89738
FL Tobing,1.8,1.55312,98.89738
FL Tobing,13.5,1.55312,98.89738
FL Tobing,0,1.55312,98.89738
FL Tobing,0,1.55312,98.89738
FL Tobing,2,1.55312,98.89738
FL Tobing,24.8,1.55312,98.89738
FL Tobing,24,1.55312,98.89738
FL Tobing,11.5,1.55312,98.89738
FL Tobing,0,1.55312,98.89738
FL Tobing,0,1.55312,98.89738
FL Tobing,0,1.55312,98.89738
FL Tobing,0,1.55312,98.89738
FL Tobing,0,1.55312,98.89738
FL Tobing,45.8,1.55312,98.89738
FL Tobing,0,1.55312,98.89738
FL Tobing,0,1.55312,98.89738
FL Tobing,1,1.55312,98.89738
FL Tobing,0,1.55312,98.89738
FL Tobing,0,1.55312,98.89738
FL Tobing,0,1.55312,98.89738
FL Tobing,0,1.55312,98.89738
FL Tobing,0,1.55312,98.89738
FL Tobing,0,1.55312,98.89738
FL Tobing,0,1.55312,98.89738
FL Tobing,0,1.55312,98.89738
FL Tobing,1.3,1.55312,98.89738
FL Tobing,10.5,1.55312,98.89738
FL Tobing,0,1.55312,98.89738
FL Tobing,7,1.55312,98.89738
FL Tobing,9.8,1.55312,98.89738
FL Tobing,1.5,1.55312,98.89738
FL Tobing,9.2,1.55312,98.89738
FL Tobing,54.6,1.55312,98.89738
FL Tobing,0.9,1.55312,98.89738
FL Tobing,0,1.55312,98.89738
FL Tobing,0,1.55312,98.89738
FL Tobing,0,1.55312,98.89738
FL Tobing,6,1.55312,98.89738
FL Tobing,6.1,1.55312,98.89738
FL Tobing,25.5,1.55312,98.89738
FL Tobing,9,1.55312,98.89738
FL Tobing,0,1.55312,98.89738
FL Tobing,0,1.55312,98.89738
FL Tobing,49.5,1.55312,98.89738
FL Tobing,0,1.55312,98.89738
FL Tobing,0,1.55312,98.89738
FL Tobing,0,1.55312,98.89738
FL Tobing,36.5,1.55312,98.89738
FL Tobing,0,1.55312,98.89738
FL Tobing,36.5,1.55312,98.89738
FL Tobing,121.9,1.55312,98.89738
FL Tobing,60.2,1.55312,98.89738
FL Tobing,0,1.55312,98.89738
FL Tobing,0.5,1.55312,98.89738
FL Tobing,17.8,1.55312,98.89738
FL Tobing,0,1.55312,98.89738
FL Tobing,0,1.55312,98.89738
FL Tobing,0,1.55312,98.89738
FL Tobing,5.6,1.55312,98.89738
FL Tobing,17.6,1.55312,98.89738
FL Tobing,27.8,1.55312,98.89738
FL Tobing,2,1.55312,98.89738
FL Tobing,2,1.55312,98.89738
FL Tobing,37.3,1.55312,98.89738
FL Tobing,0,1.55312,98.89738
FL Tobing,0,1.55312,98.89738
FL Tobing,1.4,1.55312,98.89738
FL Tobing,19.2,1.55312,98.89738
FL Tobing,1.2,1.55312,98.89738
FL Tobing,33.6,1.55312,98.89738
FL Tobing,0.5,1.55312,98.89738
FL Tobing,0,1.55312,98.89738
FL Tobing,0,1.55312,98.89738
FL Tobing,0.5,1.55312,98.89738
FL Tobing,14,1.55312,98.89738
FL Tobing,14.4,1.55312,98.89738
FL Tobing,1.3,1.55312,98.89738
FL Tobing,0,1.55312,98.89738
FL Tobing,34.8,1.55312,98.89738
FL Tobing,13.2,1.55312,98.89738
FL Tobing,11.1,1.55312,98.89738
FL Tobing,1,1.55312,98.89738
FL Tobing,0,1.55312,98.89738
FL Tobing,1.6,1.55312,98.89738
FL Tobing,0,1.55312,98.89738
FL Tobing,0,1.55312,98.89738
FL Tobing,0,1.55312,98.89738
FL Tobing,8.4,1.55312,98.89738
FL Tobing,1,1.55312,98.89738
FL Tobing,2.7,1.55312,98.89738
FL Tobing,5.3,1.55312,98.89738
FL Tobing,0,1.55312,98.89738
FL Tobing,13.2,1.55312,98.89738
FL Tobing,0,1.55312,98.89738
FL Tobing,18.9,1.55312,98.89738
FL Tobing,0,1.55312,98.89738
FL Tobing,9.4,1.55312,98.89738
FL Tobing,0,1.55312,98.89738
FL Tobing,15.3,1.55312,98.89738
FL Tobing,0,1.55312,98.89738
FL Tobing,0,1.55312,98.89738
FL Tobing,1.4,1.55312,98.89738
FL Tobing,16.2,1.55312,98.89738
FL Tobing,2.6,1.55312,98.89738
FL Tobing,0,1.55312,98.89738
FL Tobing,32.8,1.55312,98.89738
FL Tobing,0,1.55312,98.89738
FL Tobing,145.8,1.55312,98.89738
FL Tobing,0,1.55312,98.89738
FL Tobing,0,1.55312,98.89738
FL Tobing,0,1.55312,98.89738
FL Tobing,0,1.55312,98.89738
FL Tobing,13.1,1.55312,98.89738
FL Tobing,0,1.55312,98.89738
FL Tobing,16.5,1.55312,98.89738
FL Tobing,8.6,1.55312,98.89738
FL Tobing,9.5,1.55312,98.89738
FL Tobing,0,1.55312,98.89738
FL Tobing,10.8,1.55312,98.89738
FL Tobing,2.2,1.55312,98.89738
FL Tobing,0,1.55312,98.89738
FL Tobing,38.3,1.55312,98.89738
FL Tobing,0,1.55312,98.89738
FL Tobing,0,1.55312,98.89738
FL Tobing,0,1.55312,98.89738
FL Tobing,2.4,1.55312,98.89738
FL Tobing,0,1.55312,98.89738
FL Tobing,0.5,1.55312,98.89738
FL Tobing,0,1.55312,98.89738
FL Tobing,24.1,1.55312,98.89738
FL Tobing,0,1.55312,98.89738
FL Tobing,0,1.55312,98.89738
FL Tobing,0,1.55312,98.89738
FL Tobing,14,1.55312,98.89738
FL Tobing,0,1.55312,98.89738
FL Tobing,0,1.55312,98.89738
FL Tobing,23.1,1.55312,98.89738
FL Tobing,10.6,1.55312,98.89738
FL Tobing,28.8,1.55312,98.89738
FL Tobing,4.3,1.55312,98.89738
FL Tobing,0,1.55312,98.89738
FL Tobing,13,1.55312,98.89738
FL Tobing,19.1,1.55312,98.89738
FL Tobing,0,1.55312,98.89738
FL Tobing,0,1.55312,98.89738
FL Tobing,13.3,1.55312,98.89738
FL Tobing,0,1.55312,98.89738
FL Tobing,0,1.55312,98.89738
FL Tobing,0,1.55312,98.89738
FL Tobing,31.7,1.55312,98.89738
FL Tobing,18,1.55312,98.89738
FL Tobing,8,1.55312,98.89738
FL Tobing,0,1.55312,98.89738
FL Tobing,12,1.55312,98.89738
FL Tobing,6,1.55312,98.89738
FL Tobing,0,1.55312,98.89738
FL Tobing,76,1.55312,98.89738
FL Tobing,0,1.55312,98.89738
FL Tobing,13.7,1.55312,98.89738
FL Tobing,2.5,1.55312,98.89738
FL Tobing,0,1.55312,98.89738
FL Tobing,0,1.55312,98.89738
FL Tobing,0,1.55312,98.89738
FL Tobing,8.3,1.55312,98.89738
FL Tobing,22.1,1.55312,98.89738
FL Tobing,0,1.55312,98.89738
FL Tobing,48.6,1.55312,98.89738
FL Tobing,1.4,1.55312,98.89738
FL Tobing,0,1.55312,98.89738
FL Tobing,0.6,1.55312,98.89738
FL Tobing,1.7,1.55312,98.89738
FL Tobing,12.5,1.55312,98.89738
FL Tobing,0,1.55312,98.89738
FL Tobing,13.4,1.55312,98.89738
FL Tobing,2.4,1.55312,98.89738
FL Tobing,36.2,1.55312,98.89738
FL Tobing,0,1.55312,98.89738
FL Tobing,4.5,1.55312,98.89738
FL Tobing,0,1.55312,98.89738
FL Tobing,0,1.55312,98.89738
FL Tobing,4.6,1.55312,98.89738
FL Tobing,0,1.55312,98.89738
FL Tobing,229.5,1.55312,98.89738
FL Tobing,2.4,1.55312,98.89738
FL Tobing,0,1.55312,98.89738
FL Tobing,11.4,1.55312,98.89738
FL Tobing,8,1.55312,98.89738
FL Tobing,0,1.55312,98.89738
FL Tobing,0,1.55312,98.89738
FL Tobing,0,1.55312,98.89738
FL Tobing,0,1.55312,98.89738
FL Tobing,0,1.55312,98.89738
FL Tobing,68,1.55312,98.89738
FL Tobing,0.6,1.55312,98.89738
FL Tobing,0.6,1.55312,98.89738
FL Tobing,29.9,1.55312,98.89738
FL Tobing,28,1.55312,98.89738
FL Tobing,0,1.55312,98.89738
FL Tobing,0,1.55312,98.89738
FL Tobing,0,1.55312,98.89738
FL Tobing,0,1.55312,98.89738
FL Tobing,0,1.55312,98.89738
FL Tobing,2.4,1.55312,98.89738
FL Tobing,0,1.55312,98.89738
FL Tobing,1.4,1.55312,98.89738
FL Tobing,0,1.55312,98.89738
FL Tobing,31.7,1.55312,98.89738
FL Tobing,3.5,1.55312,98.89738
FL Tobing,0,1.55312,98.89738
FL Tobing,4.5,1.55312,98.89738
FL Tobing,9.4,1.55312,98.89738
FL Tobing,0,1.55312,98.89738
FL Tobing,1.7,1.55312,98.89738
FL Tobing,0,1.55312,98.89738
FL Tobing,35.4,1.55312,98.89738
FL Tobing,1.5,1.55312,98.89738
FL Tobing,0,1.55312,98.89738
FL Tobing,1,1.55312,98.89738
FL Tobing,22.9,1.55312,98.89738
FL Tobing,19,1.55312,98.89738
FL Tobing,4,1.55312,98.89738
FL Tobing,0,1.55312,98.89738
FL Tobing,7.5,1.55312,98.89738
FL Tobing,0,1.55312,98.89738
FL Tobing,0,1.55312,98.89738
FL Tobing,18.5,1.55312,98.89738
FL Tobing,0,1.55312,98.89738
FL Tobing,7.4,1.55312,98.89738
FL Tobing,0,1.55312,98.89738
FL Tobing,31.3,1.55312,98.89738
FL Tobing,3.9,1.55312,98.89738
FL Tobing,3,1.55312,98.89738
FL Tobing,5.8,1.55312,98.89738
FL Tobing,1.2,1.55312,98.89738
FL Tobing,0,1.55312,98.89738
FL Tobing,0,1.55312,98.89738
FL Tobing,0,1.55312,98.89738
FL Tobing,7,1.55312,98.89738
FL Tobing,2.8,1.55312,98.89738
FL Tobing,14.8,1.55312,98.89738
FL Tobing,10.2,1.55312,98.89738
FL Tobing,28.9,1.55312,98.89738
FL Tobing,0,1.55312,98.89738
FL Tobing,4.2,1.55312,98.89738
FL Tobing,5.2,1.55312,98.89738
FL Tobing,7.4,1.55312,98.89738
FL Tobing,2,1.55312,98.89738
FL Tobing,0,1.55312,98.89738
FL Tobing,10.6,1.55312,98.89738
FL Tobing,4.5,1.55312,98.89738
FL Tobing,23.8,1.55312,98.89738
FL Tobing,10.2,1.55312,98.89738
FL Tobing,0,1.55312,98.89738
FL Tobing,24.5,1.55312,98.89738
FL Tobing,2,1.55312,98.89738
FL Tobing,107,1.55312,98.89738
FL Tobing,79.4,1.55312,98.89738
FL Tobing,11.3,1.55312,98.89738
FL Tobing,22,1.55312,98.89738
FL Tobing,3.6,1.55312,98.89738
FL Tobing,3.2,1.55312,98.89738
FL Tobing,13.6,1.55312,98.89738
FL Tobing,47.8,1.55312,98.89738
FL Tobing,164.6,1.55312,98.89738
FL Tobing,23,1.55312,98.89738
FL Tobing,62.2,1.55312,98.89738
FL Tobing,23.7,1.55312,98.89738
FL Tobing,0,1.55312,98.89738
FL Tobing,18.7,1.55312,98.89738
FL Tobing,0,1.55312,98.89738
FL Tobing,4.5,1.55312,98.89738
FL Tobing,24.2,1.55312,98.89738
FL Tobing,0,1.55312,98.89738
FL Tobing,0,1.55312,98.89738
FL Tobing,0,1.55312,98.89738
FL Tobing,72.1,1.55312,98.89738
FL Tobing,0,1.55312,98.89738
FL Tobing,37.6,1.55312,98.89738
FL Tobing,0.7,1.55312,98.89738
FL Tobing,0,1.55312,98.89738
FL Tobing,5.5,1.55312,98.89738
FL Tobing,1.5,1.55312,98.89738
FL Tobing,3.7,1.55312,98.89738
FL Tobing,7,1.55312,98.89738
FL Tobing,15.4,1.55312,98.89738
FL Tobing,4,1.55312,98.89738
FL Tobing,0,1.55312,98.89738
FL Tobing,36,1.55312,98.89738
FL Tobing,0,1.55312,98.89738
FL Tobing,0.5,1.55312,98.89738
FL Tobing,0.7,1.55312,98.89738
FL Tobing,0,1.55312,98.89738
FL Tobing,8.5,1.55312,98.89738
FL Tobing,46.2,1.55312,98.89738
FL Tobing,4.8,1.55312,98.89738
FL Tobing,91.8,1.55312,98.89738
FL Tobing,33.2,1.55312,98.89738
FL Tobing,20,1.55312,98.89738
FL Tobing,9.2,1.55312,98.89738
FL Tobing,0,1.55312,98.89738
FL Tobing,8.3,1.55312,98.89738
FL Tobing,0,1.55312,98.89738
FL Tobing,68.5,1.55312,98.89738
FL Tobing,9.2,1.55312,98.89738
FL Tobing,26,1.55312,98.89738
FL Tobing,1.6,1.55312,98.89738
FL Tobing,0,1.55312,98.89738
FL Tobing,26.6,1.55312,98.89738
FL Tobing,12.4,1.55312,98.89738
FL Tobing,0,1.55312,98.89738
FL Tobing,0,1.55312,98.89738
FL Tobing,0,1.55312,98.89738
FL Tobing,24.1,1.55312,98.89738
FL Tobing,7.5,1.55312,98.89738
FL Tobing,11.8,1.55312,98.89738
FL Tobing,0,1.55312,98.89738
FL Tobing,0,1.55312,98.89738
FL Tobing,5,1.55312,98.89738
FL Tobing,2.4,1.55312,98.89738
FL Tobing,22.8,1.55312,98.89738
FL Tobing,5,1.55312,98.89738
FL Tobing,12,1.55312,98.89738
FL Tobing,7,1.55312,98.89738
FL Tobing,0,1.55312,98.89738
FL Tobing,0,1.55312,98.89738
FL Tobing,0,1.55312,98.89738
FL Tobing,0.8,1.55312,98.89738
FL Tobing,0,1.55312,98.89738
FL Tobing,93,1.55312,98.89738
FL Tobing,6,1.55312,98.89738
FL Tobing,29.9,1.55312,98.89738
FL Tobing,0,1.55312,98.89738
FL Tobing,28.2,1.55312,98.89738
FL Tobing,10.4,1.55312,98.89738
FL Tobing,0,1.55312,98.89738
FL Tobing,1,1.55312,98.89738
FL Tobing,0.3,1.55312,98.89738
FL Tobing,0.5,1.55312,98.89738
FL Tobing,9.5,1.55312,98.89738
FL Tobing,0,1.55312,98.89738
FL Tobing,7.8,1.55312,98.89738
FL Tobing,0,1.55312,98.89738
FL Tobing,53.8,1.55312,98.89738
FL Tobing,6.5,1.55312,98.89738
FL Tobing,0,1.55312,98.89738
FL Tobing,0,1.55312,98.89738
FL Tobing,0,1.55312,98.89738
FL Tobing,0,1.55312,98.89738
FL Tobing,0,1.55312,98.89738
FL Tobing,7.2,1.55312,98.89738
FL Tobing,0,1.55312,98.89738
FL Tobing,0,1.55312,98.89738
FL Tobing,0,1.55312,98.89738
FL Tobing,0,1.55312,98.89738
FL Tobing,0,1.55312,98.89738
FL Tobing,0,1.55312,98.89738
FL Tobing,1.6,1.55312,98.89738
FL Tobing,37.6,1.55312,98.89738
FL Tobing,8.1,1.55312,98.89738
FL Tobing,0,1.55312,98.89738
FL Tobing,13.4,1.55312,98.89738
FL Tobing,0,1.55312,98.89738
FL Tobing,0,1.55312,98.89738
FL Tobing,9.4,1.55312,98.89738
FL Tobing,0,1.55312,98.89738
FL Tobing,0,1.55312,98.89738
FL Tobing,0,1.55312,98.89738
FL Tobing,6.4,1.55312,98.89738
FL Tobing,0,1.55312,98.89738
FL Tobing,0,1.55312,98.89738
FL Tobing,27.5,1.55312,98.89738
FL Tobing,0,1.55312,98.89738
FL Tobing,0,1.55312,98.89738
FL Tobing,20.4,1.55312,98.89738
FL Tobing,0,1.55312,98.89738
FL Tobing,0,1.55312,98.89738
FL Tobing,0,1.55312,98.89738
FL Tobing,11,1.55312,98.89738
FL Tobing,39.5,1.55312,98.89738
FL Tobing,1.1,1.55312,98.89738
FL Tobing,0,1.55312,98.89738
FL Tobing,0,1.55312,98.89738
FL Tobing,0,1.55312,98.89738
FL Tobing,20.4,1.55312,98.89738
FL Tobing,43.8,1.55312,98.89738
FL Tobing,0,1.55312,98.89738
FL Tobing,67.1,1.55312,98.89738
FL Tobing,6.4,1.55312,98.89738
FL Tobing,5.5,1.55312,98.89738
FL Tobing,0,1.55312,98.89738
FL Tobing,0,1.55312,98.89738
FL Tobing,12,1.55312,98.89738
FL Tobing,0,1.55312,98.89738
FL Tobing,2.9,1.55312,98.89738
FL Tobing,9.5,1.55312,98.89738
FL Tobing,0,1.55312,98.89738
FL Tobing,30.5,1.55312,98.89738
FL Tobing,22,1.55312,98.89738
FL Tobing,0,1.55312,98.89738
FL Tobing,27.8,1.55312,98.89738
FL Tobing,7.8,1.55312,98.89738
FL Tobing,0,1.55312,98.89738
FL Tobing,0,1.55312,98.89738
FL Tobing,0.6,1.55312,98.89738
FL Tobing,181.1,1.55312,98.89738
FL Tobing,0,1.55312,98.89738
FL Tobing,1,1.55312,98.89738
FL Tobing,0.7,1.55312,98.89738
FL Tobing,0,1.55312,98.89738
FL Tobing,0,1.55312,98.89738
FL Tobing,67.4,1.55312,98.89738
FL Tobing,9.5,1.55312,98.89738
FL Tobing,6.5,1.55312,98.89738
FL Tobing,1,1.55312,98.89738
FL Tobing,0,1.55312,98.89738
FL Tobing,0,1.55312,98.89738
FL Tobing,0,1.55312,98.89738
FL Tobing,27.5,1.55312,98.89738
FL Tobing,50,1.55312,98.89738
FL Tobing,6,1.55312,98.89738
FL Tobing,0,1.55312,98.89738
FL Tobing,0,1.55312,98.89738
FL Tobing,0,1.55312,98.89738
FL Tobing,0,1.55312,98.89738
FL Tobing,0.3,1.55312,98.89738
FL Tobing,8.5,1.55312,98.89738
FL Tobing,3.9,1.55312,98.89738
FL Tobing,4.8,1.55312,98.89738
FL Tobing,0,1.55312,98.89738
FL Tobing,0,1.55312,98.89738
FL Tobing,0,1.55312,98.89738
FL Tobing,0,1.55312,98.89738
FL Tobing,0,1.55312,98.89738
FL Tobing,0,1.55312,98.89738
FL Tobing,1,1.55312,98.89738
FL Tobing,0,1.55312,98.89738
FL Tobing,1.4,1.55312,98.89738
FL Tobing,11.2,1.55312,98.89738
FL Tobing,0,1.55312,98.89738
FL Tobing,34.8,1.55312,98.89738
FL Tobing,2.3,1.55312,98.89738
FL Tobing,0,1.55312,98.89738
FL Tobing,0,1.55312,98.89738
FL Tobing,34.1,1.55312,98.89738
FL Tobing,0,1.55312,98.89738
FL Tobing,8.6,1.55312,98.89738
FL Tobing,0,1.55312,98.89738
FL Tobing,13,1.55312,98.89738
FL Tobing,2.2,1.55312,98.89738
FL Tobing,0,1.55312,98.89738
FL Tobing,0,1.55312,98.89738
FL Tobing,0,1.55312,98.89738
FL Tobing,0,1.55312,98.89738
FL Tobing,0,1.55312,98.89738
FL Tobing,17,1.55312,98.89738
FL Tobing,3,1.55312,98.89738
FL Tobing,3.8,1.55312,98.89738
FL Tobing,0,1.55312,98.89738
FL Tobing,0,1.55312,98.89738
FL Tobing,0,1.55312,98.89738
FL Tobing,0,1.55312,98.89738
FL Tobing,7.3,1.55312,98.89738
FL Tobing,8.1,1.55312,98.89738
FL Tobing,0,1.55312,98.89738
FL Tobing,0,1.55312,98.89738
FL Tobing,4.3,1.55312,98.89738
FL Tobing,52.6,1.55312,98.89738
FL Tobing,0,1.55312,98.89738
FL Tobing,7,1.55312,98.89738
FL Tobing,0,1.55312,98.89738
FL Tobing,33.8,1.55312,98.89738
FL Tobing,0,1.55312,98.89738
FL Tobing,0,1.55312,98.89738
FL Tobing,0,1.55312,98.89738
FL Tobing,0,1.55312,98.89738
FL Tobing,5.6,1.55312,98.89738
FL Tobing,0,1.55312,98.89738
FL Tobing,1,1.55312,98.89738
FL Tobing,0,1.55312,98.89738
FL Tobing,18,1.55312,98.89738
FL Tobing,21.4,1.55312,98.89738
FL Tobing,0,1.55312,98.89738
FL Tobing,0,1.55312,98.89738
FL Tobing,17.7,1.55312,98.89738
FL Tobing,0,1.55312,98.89738
FL Tobing,0,1.55312,98.89738
FL Tobing,0,1.55312,98.89738
FL Tobing,0,1.55312,98.89738
FL Tobing,11,1.55312,98.89738
FL Tobing,2.8,1.55312,98.89738
FL Tobing,0,1.55312,98.89738
FL Tobing,0,1.55312,98.89738
FL Tobing,0,1.55312,98.89738
FL Tobing,0,1.55312,98.89738
FL Tobing,10.8,1.55312,98.89738
FL Tobing,0,1.55312,98.89738
FL Tobing,0,1.55312,98.89738
FL Tobing,0,1.55312,98.89738
FL Tobing,0,1.55312,98.89738
FL Tobing,0,1.55312,98.89738
FL Tobing,8,1.55312,98.89738
FL Tobing,17.2,1.55312,98.89738
FL Tobing,15.6,1.55312,98.89738
FL Tobing,0,1.55312,98.89738
FL Tobing,19.4,1.55312,98.89738
FL Tobing,0,1.55312,98.89738
FL Tobing,1,1.55312,98.89738
FL Tobing,2,1.55312,98.89738
FL Tobing,11.5,1.55312,98.89738
FL Tobing,0,1.55312,98.89738
FL Tobing,18.2,1.55312,98.89738
FL Tobing,4,1.55312,98.89738
FL Tobing,15.5,1.55312,98.89738
FL Tobing,0,1.55312,98.89738
FL Tobing,4.7,1.55312,98.89738
FL Tobing,20.6,1.55312,98.89738
FL Tobing,0,1.55312,98.89738
FL Tobing,20.5,1.55312,98.89738
FL Tobing,32.5,1.55312,98.89738
FL Tobing,16.1,1.55312,98.89738
FL Tobing,0,1.55312,98.89738
FL Tobing,0,1.55312,98.89738
FL Tobing,24.5,1.55312,98.89738
FL Tobing,0,1.55312,98.89738
FL Tobing,0,1.55312,98.89738
FL Tobing,16.7,1.55312,98.89738
FL Tobing,45.2,1.55312,98.89738
FL Tobing,42.1,1.55312,98.89738
FL Tobing,0,1.55312,98.89738
FL Tobing,13.6,1.55312,98.89738
FL Tobing,0,1.55312,98.89738
FL Tobing,74.8,1.55312,98.89738
FL Tobing,0,1.55312,98.89738
FL Tobing,0,1.55312,98.89738
FL Tobing,1.3,1.55312,98.89738
FL Tobing,0,1.55312,98.89738
FL Tobing,0.6,1.55312,98.89738
FL Tobing,4.5,1.55312,98.89738
FL Tobing,4.6,1.55312,98.89738
FL Tobing,9.5,1.55312,98.89738
FL Tobing,28.8,1.55312,98.89738
FL Tobing,0,1.55312,98.89738
FL Tobing,0,1.55312,98.89738
FL Tobing,22.7,1.55312,98.89738
FL Tobing,0,1.55312,98.89738
FL Tobing,4.2,1.55312,98.89738
FL Tobing,0,1.55312,98.89738
FL Tobing,0,1.55312,98.89738
FL Tobing,32.7,1.55312,98.89738
FL Tobing,0,1.55312,98.89738
FL Tobing,0,1.55312,98.89738
FL Tobing,3.1,1.55312,98.89738
FL Tobing,14.6,1.55312,98.89738
FL Tobing,10.6,1.55312,98.89738
FL Tobing,0,1.55312,98.89738
FL Tobing,112,1.55312,98.89738
FL Tobing,1,1.55312,98.89738
FL Tobing,2.6,1.55312,98.89738
FL Tobing,83,1.55312,98.89738
FL Tobing,32.8,1.55312,98.89738
FL Tobing,0,1.55312,98.89738
FL Tobing,0,1.55312,98.89738
FL Tobing,0,1.55312,98.89738
FL Tobing,42.2,1.55312,98.89738
FL Tobing,0,1.55312,98.89738
FL Tobing,7.7,1.55312,98.89738
FL Tobing,39.5,1.55312,98.89738
FL Tobing,0,1.55312,98.89738
FL Tobing,5,1.55312,98.89738
FL Tobing,3.5,1.55312,98.89738
FL Tobing,31.6,1.55312,98.89738
FL Tobing,8,1.55312,98.89738
FL Tobing,1,1.55312,98.89738
FL Tobing,13,1.55312,98.89738
FL Tobing,0,1.55312,98.89738
FL Tobing,1.6,1.55312,98.89738
FL Tobing,0,1.55312,98.89738
FL Tobing,0,1.55312,98.89738
FL Tobing,0,1.55312,98.89738
FL Tobing,0,1.55312,98.89738
FL Tobing,0,1.55312,98.89738
FL Tobing,1.5,1.55312,98.89738
FL Tobing,1,1.55312,98.89738
FL Tobing,38.7,1.55312,98.89738
FL Tobing,0,1.55312,98.89738
FL Tobing,0,1.55312,98.89738
FL Tobing,40.4,1.55312,98.89738
FL Tobing,0,1.55312,98.89738
FL Tobing,8.2,1.55312,98.89738
FL Tobing,40.6,1.55312,98.89738
FL Tobing,0,1.55312,98.89738
FL Tobing,0,1.55312,98.89738
FL Tobing,3.4,1.55312,98.89738
FL Tobing,81.7,1.55312,98.89738
FL Tobing,13.3,1.55312,98.89738
FL Tobing,0,1.55312,98.89738
FL Tobing,10,1.55312,98.89738
FL Tobing,0,1.55312,98.89738
FL Tobing,8.2,1.55312,98.89738
FL Tobing,0,1.55312,98.89738
FL Tobing,0,1.55312,98.89738
FL Tobing,0,1.55312,98.89738
FL Tobing,0,1.55312,98.89738
FL Tobing,35,1.55312,98.89738
FL Tobing,26.8,1.55312,98.89738
FL Tobing,1.3,1.55312,98.89738
FL Tobing,1.6,1.55312,98.89738
FL Tobing,5.9,1.55312,98.89738
FL Tobing,11.5,1.55312,98.89738
FL Tobing,0,1.55312,98.89738
FL Tobing,21.7,1.55312,98.89738
FL Tobing,23.7,1.55312,98.89738
FL Tobing,59,1.55312,98.89738
FL Tobing,21.4,1.55312,98.89738
FL Tobing,0,1.55312,98.89738
FL Tobing,0,1.55312,98.89738
FL Tobing,0,1.55312,98.89738
FL Tobing,1.9,1.55312,98.89738
FL Tobing,2,1.55312,98.89738
FL Tobing,0,1.55312,98.89738
FL Tobing,4,1.55312,98.89738
FL Tobing,0,1.55312,98.89738
FL Tobing,0,1.55312,98.89738
FL Tobing,1.6,1.55312,98.89738
FL Tobing,7.1,1.55312,98.89738
FL Tobing,1,1.55312,98.89738
FL Tobing,103.9,1.55312,98.89738
FL Tobing,6,1.55312,98.89738
FL Tobing,20.5,1.55312,98.89738
FL Tobing,30.3,1.55312,98.89738
FL Tobing,1,1.55312,98.89738
FL Tobing,25.3,1.55312,98.89738
FL Tobing,21.6,1.55312,98.89738
FL Tobing,48.6,1.55312,98.89738
FL Tobing,8.7,1.55312,98.89738
FL Tobing,11.2,1.55312,98.89738
FL Tobing,0,1.55312,98.89738
FL Tobing,24.5,1.55312,98.89738
FL Tobing,1.5,1.55312,98.89738
FL Tobing,12,1.55312,98.89738
FL Tobing,0,1.55312,98.89738
FL Tobing,5.2,1.55312,98.89738
FL Tobing,0,1.55312,98.89738
FL Tobing,80.5,1.55312,98.89738
FL Tobing,19.6,1.55312,98.89738
FL Tobing,67.9,1.55312,98.89738
FL Tobing,0,1.55312,98.89738
FL Tobing,0,1.55312,98.89738
FL Tobing,102.3,1.55312,98.89738
FL Tobing,0,1.55312,98.89738
FL Tobing,104.1,1.55312,98.89738
FL Tobing,0.7,1.55312,98.89738
FL Tobing,3,1.55312,98.89738
FL Tobing,19.7,1.55312,98.89738
FL Tobing,9,1.55312,98.89738
FL Tobing,70.5,1.55312,98.89738
FL Tobing,1,1.55312,98.89738
FL Tobing,0.4,1.55312,98.89738
FL Tobing,0.5,1.55312,98.89738
FL Tobing,0.5,1.55312,98.89738
FL Tobing,45.6,1.55312,98.89738
FL Tobing,26.2,1.55312,98.89738
FL Tobing,0,1.55312,98.89738
FL Tobing,6.5,1.55312,98.89738
FL Tobing,0,1.55312,98.89738
FL Tobing,18.5,1.55312,98.89738
FL Tobing,0,1.55312,98.89738
FL Tobing,5.6,1.55312,98.89738
FL Tobing,0,1.55312,98.89738
FL Tobing,0,1.55312,98.89738
FL Tobing,64.7,1.55312,98.89738
FL Tobing,21.4,1.55312,98.89738
FL Tobing,19.8,1.55312,98.89738
FL Tobing,1.6,1.55312,98.89738
FL Tobing,38.8,1.55312,98.89738
FL Tobing,2,1.55312,98.89738
FL Tobing,0,1.55312,98.89738
FL Tobing,1,1.55312,98.89738
FL Tobing,3,1.55312,98.89738
FL Tobing,0,1.55312,98.89738
FL Tobing,0,1.55312,98.89738
FL Tobing,85.2,1.55312,98.89738
FL Tobing,0,1.55312,98.89738
FL Tobing,14,1.55312,98.89738
FL Tobing,2.8,1.55312,98.89738
FL Tobing,0,1.55312,98.89738
FL Tobing,0,1.55312,98.89738
FL Tobing,14,1.55312,98.89738
FL Tobing,0,1.55312,98.89738
FL Tobing,0.5,1.55312,98.89738
FL Tobing,0,1.55312,98.89738
FL Tobing,15.7,1.55312,98.89738
FL Tobing,24.4,1.55312,98.89738
FL Tobing,2,1.55312,98.89738
FL Tobing,0,1.55312,98.89738
FL Tobing,0,1.55312,98.89738
FL Tobing,0,1.55312,98.89738
FL Tobing,0,1.55312,98.89738
FL Tobing,0.5,1.55312,98.89738
FL Tobing,0,1.55312,98.89738
FL Tobing,3.6,1.55312,98.89738
FL Tobing,22.6,1.55312,98.89738
FL Tobing,0,1.55312,98.89738
FL Tobing,0,1.55312,98.89738
FL Tobing,22,1.55312,98.89738
FL Tobing,0,1.55312,98.89738
FL Tobing,0,1.55312,98.89738
FL Tobing,21,1.55312,98.89738
FL Tobing,54.8,1.55312,98.89738
FL Tobing,0,1.55312,98.89738
FL Tobing,34,1.55312,98.89738
FL Tobing,0,1.55312,98.89738
FL Tobing,0,1.55312,98.89738
FL Tobing,0,1.55312,98.89738
FL Tobing,0,1.55312,98.89738
FL Tobing,2.5,1.55312,98.89738
FL Tobing,1.2,1.55312,98.89738
FL Tobing,56.2,1.55312,98.89738
FL Tobing,23.5,1.55312,98.89738
FL Tobing,0,1.55312,98.89738
FL Tobing,3.8,1.55312,98.89738
FL Tobing,51.2,1.55312,98.89738
FL Tobing,0,1.55312,98.89738
FL Tobing,0,1.55312,98.89738
FL Tobing,1,1.55312,98.89738
FL Tobing,1.5,1.55312,98.89738
FL Tobing,0,1.55312,98.89738
FL Tobing,2,1.55312,98.89738
FL Tobing,0,1.55312,98.89738
FL Tobing,10,1.55312,98.89738
FL Tobing,42.5,1.55312,98.89738
FL Tobing,189.5,1.55312,98.89738
FL Tobing,0,1.55312,98.89738
FL Tobing,2.9,1.55312,98.89738
FL Tobing,11.6,1.55312,98.89738
FL Tobing,8.8,1.55312,98.89738
FL Tobing,20,1.55312,98.89738
FL Tobing,0,1.55312,98.89738
FL Tobing,26.6,1.55312,98.89738
FL Tobing,9.2,1.55312,98.89738
FL Tobing,153.1,1.55312,98.89738
FL Tobing,12,1.55312,98.89738
FL Tobing,4.5,1.55312,98.89738
FL Tobing,0.6,1.55312,98.89738
FL Tobing,1.5,1.55312,98.89738
FL Tobing,0,1.55312,98.89738
FL Tobing,31,1.55312,98.89738
FL Tobing,15,1.55312,98.89738
FL Tobing,64,1.55312,98.89738
FL Tobing,0,1.55312,98.89738
FL Tobing,0.6,1.55312,98.89738
FL Tobing,9.4,1.55312,98.89738
FL Tobing,5.6,1.55312,98.89738
FL Tobing,13.7,1.55312,98.89738
FL Tobing,111.9,1.55312,98.89738
FL Tobing,0,1.55312,98.89738
FL Tobing,35.4,1.55312,98.89738
FL Tobing,0,1.55312,98.89738
FL Tobing,18.4,1.55312,98.89738
FL Tobing,0,1.55312,98.89738
FL Tobing,0.9,1.55312,98.89738
FL Tobing,1,1.55312,98.89738
FL Tobing,0,1.55312,98.89738
FL Tobing,71.6,1.55312,98.89738
FL Tobing,7.2,1.55312,98.89738
FL Tobing,22.6,1.55312,98.89738
FL Tobing,18.4,1.55312,98.89738
FL Tobing,0,1.55312,98.89738
FL Tobing,3.5,1.55312,98.89738
FL Tobing,0,1.55312,98.89738
FL Tobing,1,1.55312,98.89738
FL Tobing,138.5,1.55312,98.89738
FL Tobing,0,1.55312,98.89738
FL Tobing,13,1.55312,98.89738
FL Tobing,0,1.55312,98.89738
FL Tobing,35.1,1.55312,98.89738
FL Tobing,13.5,1.55312,98.89738
FL Tobing,4.3,1.55312,98.89738
FL Tobing,3.4,1.55312,98.89738
FL Tobing,0,1.55312,98.89738
FL Tobing,0,1.55312,98.89738
FL Tobing,22,1.55312,98.89738
FL Tobing,9,1.55312,98.89738
FL Tobing,0,1.55312,98.89738
FL Tobing,0,1.55312,98.89738
FL Tobing,0,1.55312,98.89738
FL Tobing,2,1.55312,98.89738
FL Tobing,0,1.55312,98.89738
FL Tobing,1.2,1.55312,98.89738
FL Tobing,11.1,1.55312,98.89738
FL Tobing,2.1,1.55312,98.89738
FL Tobing,22.4,1.55312,98.89738
FL Tobing,0,1.55312,98.89738
FL Tobing,3,1.55312,98.89738
FL Tobing,5.7,1.55312,98.89738
FL Tobing,67.4,1.55312,98.89738
FL Tobing,0,1.55312,98.89738
FL Tobing,12,1.55312,98.89738
FL Tobing,0,1.55312,98.89738
FL Tobing,42.7,1.55312,98.89738
FL Tobing,0.5,1.55312,98.89738
FL Tobing,9.3,1.55312,98.89738
FL Tobing,8.9,1.55312,98.89738
FL Tobing,1.2,1.55312,98.89738
FL Tobing,3.5,1.55312,98.89738
FL Tobing,5,1.55312,98.89738
FL Tobing,14.8,1.55312,98.89738
FL Tobing,10.3,1.55312,98.89738
FL Tobing,92.4,1.55312,98.89738
FL Tobing,4,1.55312,98.89738
FL Tobing,1.2,1.55312,98.89738
FL Tobing,6.9,1.55312,98.89738
FL Tobing,3.7,1.55312,98.89738
FL Tobing,2,1.55312,98.89738
FL Tobing,0,1.55312,98.89738
FL Tobing,8,1.55312,98.89738
FL Tobing,0,1.55312,98.89738
FL Tobing,0,1.55312,98.89738
FL Tobing,0,1.55312,98.89738
FL Tobing,3.6,1.55312,98.89738
FL Tobing,0,1.55312,98.89738
FL Tobing,11,1.55312,98.89738
FL Tobing,36.5,1.55312,98.89738
FL Tobing,9.4,1.55312,98.89738
FL Tobing,0,1.55312,98.89738
FL Tobing,0,1.55312,98.89738
FL Tobing,0,1.55312,98.89738
FL Tobing,0,1.55312,98.89738
FL Tobing,0.5,1.55312,98.89738
FL Tobing,3.2,1.55312,98.89738
FL Tobing,122.2,1.55312,98.89738
FL Tobing,6.8,1.55312,98.89738
FL Tobing,3.8,1.55312,98.89738
FL Tobing,0,1.55312,98.89738
FL Tobing,0,1.55312,98.89738
FL Tobing,42.6,1.55312,98.89738
FL Tobing,0,1.55312,98.89738
FL Tobing,0,1.55312,98.89738
FL Tobing,20.4,1.55312,98.89738
FL Tobing,0,1.55312,98.89738
FL Tobing,0.6,1.55312,98.89738
FL Tobing,0,1.55312,98.89738
FL Tobing,0,1.55312,98.89738
FL Tobing,0,1.55312,98.89738
FL Tobing,37.1,1.55312,98.89738
FL Tobing,5.5,1.55312,98.89738
FL Tobing,27.5,1.55312,98.89738
FL Tobing,0,1.55312,98.89738
FL Tobing,13.3,1.55312,98.89738
FL Tobing,0,1.55312,98.89738
FL Tobing,0,1.55312,98.89738
FL Tobing,6.6,1.55312,98.89738
FL Tobing,2,1.55312,98.89738
FL Tobing,3,1.55312,98.89738
FL Tobing,0,1.55312,98.89738
FL Tobing,146.3,1.55312,98.89738
FL Tobing,0,1.55312,98.89738
FL Tobing,115.9,1.55312,98.89738
FL Tobing,0,1.55312,98.89738
FL Tobing,15,1.55312,98.89738
FL Tobing,1.5,1.55312,98.89738
FL Tobing,0,1.55312,98.89738
FL Tobing,8.9,1.55312,98.89738
FL Tobing,0,1.55312,98.89738
FL Tobing,0,1.55312,98.89738
FL Tobing,2.8,1.55312,98.89738
FL Tobing,0,1.55312,98.89738
FL Tobing,0,1.55312,98.89738
FL Tobing,0,1.55312,98.89738
FL Tobing,2,1.55312,98.89738
FL Tobing,0,1.55312,98.89738
FL Tobing,0,1.55312,98.89738
FL Tobing,50.1,1.55312,98.89738
FL Tobing,0,1.55312,98.89738
FL Tobing,17.2,1.55312,98.89738
FL Tobing,122.8,1.55312,98.89738
FL Tobing,58,1.55312,98.89738
FL Tobing,14.4,1.55312,98.89738
FL Tobing,0.8,1.55312,98.89738
FL Tobing,40.7,1.55312,98.89738
FL Tobing,10.3,1.55312,98.89738
FL Tobing,3,1.55312,98.89738
FL Tobing,0,1.55312,98.89738
FL Tobing,1.5,1.55312,98.89738
FL Tobing,0,1.55312,98.89738
FL Tobing,0,1.55312,98.89738
FL Tobing,11.5,1.55312,98.89738
FL Tobing,3,1.55312,98.89738
FL Tobing,2,1.55312,98.89738
FL Tobing,67,1.55312,98.89738
FL Tobing,0.8,1.55312,98.89738
FL Tobing,4.2,1.55312,98.89738
FL Tobing,0,1.55312,98.89738
FL Tobing,0,1.55312,98.89738
FL Tobing,4.5,1.55312,98.89738
FL Tobing,0,1.55312,98.89738
FL Tobing,1.5,1.55312,98.89738
FL Tobing,0,1.55312,98.89738
FL Tobing,2,1.55312,98.89738
FL Tobing,0,1.55312,98.89738
FL Tobing,20.6,1.55312,98.89738
FL Tobing,8.9,1.55312,98.89738
FL Tobing,53.6,1.55312,98.89738
FL Tobing,12.3,1.55312,98.89738
FL Tobing,0,1.55312,98.89738
FL Tobing,0.2,1.55312,98.89738
FL Tobing,18.5,1.55312,98.89738
FL Tobing,13.5,1.55312,98.89738
FL Tobing,77.5,1.55312,98.89738
FL Tobing,0,1.55312,98.89738
FL Tobing,28,1.55312,98.89738
FL Tobing,12.8,1.55312,98.89738
FL Tobing,0,1.55312,98.89738
FL Tobing,62.5,1.55312,98.89738
FL Tobing,0,1.55312,98.89738
FL Tobing,13.6,1.55312,98.89738
FL Tobing,0,1.55312,98.89738
FL Tobing,7.9,1.55312,98.89738
FL Tobing,5.5,1.55312,98.89738
FL Tobing,36,1.55312,98.89738
FL Tobing,0,1.55312,98.89738
FL Tobing,0,1.55312,98.89738
FL Tobing,25.6,1.55312,98.89738
FL Tobing,9,1.55312,98.89738
FL Tobing,26.1,1.55312,98.89738
FL Tobing,1.6,1.55312,98.89738
FL Tobing,0,1.55312,98.89738
FL Tobing,1,1.55312,98.89738
FL Tobing,1,1.55312,98.89738
FL Tobing,16.3,1.55312,98.89738
FL Tobing,0,1.55312,98.89738
FL Tobing,0,1.55312,98.89738
FL Tobing,2.6,1.55312,98.89738
FL Tobing,0,1.55312,98.89738
FL Tobing,3.5,1.55312,98.89738
FL Tobing,0,1.55312,98.89738
FL Tobing,0,1.55312,98.89738
FL Tobing,0,1.55312,98.89738
FL Tobing,14.3,1.55312,98.89738
FL Tobing,36.1,1.55312,98.89738
FL Tobing,36.8,1.55312,98.89738
FL Tobing,6.8,1.55312,98.89738
FL Tobing,0,1.55312,98.89738
FL Tobing,0,1.55312,98.89738
FL Tobing,9.1,1.55312,98.89738
FL Tobing,0,1.55312,98.89738
FL Tobing,0,1.55312,98.89738
FL Tobing,63.8,1.55312,98.89738
FL Tobing,90.9,1.55312,98.89738
FL Tobing,0,1.55312,98.89738
FL Tobing,4.6,1.55312,98.89738
FL Tobing,9.3,1.55312,98.89738
FL Tobing,0,1.55312,98.89738
FL Tobing,0,1.55312,98.89738
FL Tobing,2.1,1.55312,98.89738
FL Tobing,64.1,1.55312,98.89738
FL Tobing,0,1.55312,98.89738
FL Tobing,1,1.55312,98.89738
FL Tobing,44,1.55312,98.89738
FL Tobing,2.7,1.55312,98.89738
FL Tobing,10,1.55312,98.89738
FL Tobing,0,1.55312,98.89738
FL Tobing,0,1.55312,98.89738
FL Tobing,41,1.55312,98.89738
FL Tobing,0.6,1.55312,98.89738
FL Tobing,33.2,1.55312,98.89738
FL Tobing,0.1,1.55312,98.89738
FL Tobing,0,1.55312,98.89738
FL Tobing,23,1.55312,98.89738
FL Tobing,43.1,1.55312,98.89738
FL Tobing,5.3,1.55312,98.89738
FL Tobing,0.6,1.55312,98.89738
FL Tobing,17.1,1.55312,98.89738
FL Tobing,1,1.55312,98.89738
FL Tobing,11.8,1.55312,98.89738
FL Tobing,5.2,1.55312,98.89738
FL Tobing,26.1,1.55312,98.89738
FL Tobing,7,1.55312,98.89738
FL Tobing,0,1.55312,98.89738
FL Tobing,1.1,1.55312,98.89738
FL Tobing,70,1.55312,98.89738
FL Tobing,9.5,1.55312,98.89738
FL Tobing,18.9,1.55312,98.89738
FL Tobing,48.6,1.55312,98.89738
FL Tobing,0,1.55312,98.89738
FL Tobing,40.8,1.55312,98.89738
FL Tobing,24.4,1.55312,98.89738
FL Tobing,42.2,1.55312,98.89738
FL Tobing,18.3,1.55312,98.89738
FL Tobing,13.3,1.55312,98.89738
FL Tobing,7.3,1.55312,98.89738
FL Tobing,24.7,1.55312,98.89738
FL Tobing,2,1.55312,98.89738
FL Tobing,0.7,1.55312,98.89738
FL Tobing,27.9,1.55312,98.89738
FL Tobing,69.7,1.55312,98.89738
FL Tobing,0.8,1.55312,98.89738
FL Tobing,2,1.55312,98.89738
FL Tobing,154,1.55312,98.89738
FL Tobing,10.8,1.55312,98.89738
FL Tobing,25.1,1.55312,98.89738
FL Tobing,60.5,1.55312,98.89738
FL Tobing,7,1.55312,98.89738
FL Tobing,3.5,1.55312,98.89738
FL Tobing,3.2,1.55312,98.89738
FL Tobing,108.3,1.55312,98.89738
FL Tobing,60.4,1.55312,98.89738
FL Tobing,21,1.55312,98.89738
FL Tobing,1.1,1.55312,98.89738
FL Tobing,1.8,1.55312,98.89738
FL Tobing,19.9,1.55312,98.89738
FL Tobing,0,1.55312,98.89738
FL Tobing,18.4,1.55312,98.89738
FL Tobing,9.5,1.55312,98.89738
FL Tobing,18.4,1.55312,98.89738
FL Tobing,28.6,1.55312,98.89738
FL Tobing,23.5,1.55312,98.89738
FL Tobing,8.9,1.55312,98.89738
FL Tobing,55.2,1.55312,98.89738
FL Tobing,2.4,1.55312,98.89738
FL Tobing,0.7,1.55312,98.89738
FL Tobing,4.1,1.55312,98.89738
FL Tobing,32,1.55312,98.89738
FL Tobing,1,1.55312,98.89738
FL Tobing,16.2,1.55312,98.89738
FL Tobing,2.1,1.55312,98.89738
FL Tobing,0,1.55312,98.89738
FL Tobing,0,1.55312,98.89738
FL Tobing,1.6,1.55312,98.89738
FL Tobing,31,1.55312,98.89738
FL Tobing,15,1.55312,98.89738
FL Tobing,54.2,1.55312,98.89738
FL Tobing,48.6,1.55312,98.89738
FL Tobing,0,1.55312,98.89738
FL Tobing,14.6,1.55312,98.89738
FL Tobing,0.6,1.55312,98.89738
FL Tobing,57.8,1.55312,98.89738
FL Tobing,3,1.55312,98.89738
FL Tobing,242.4,1.55312,98.89738
FL Tobing,1.6,1.55312,98.89738
FL Tobing,0,1.55312,98.89738
FL Tobing,0,1.55312,98.89738
FL Tobing,35.2,1.55312,98.89738
FL Tobing,51.4,1.55312,98.89738
FL Tobing,0,1.55312,98.89738
FL Tobing,0,1.55312,98.89738
FL Tobing,63.3,1.55312,98.89738
FL Tobing,0,1.55312,98.89738
FL Tobing,0.4,1.55312,98.89738
FL Tobing,10.5,1.55312,98.89738
FL Tobing,7.6,1.55312,98.89738
FL Tobing,0,1.55312,98.89738
FL Tobing,0,1.55312,98.89738
FL Tobing,14.1,1.55312,98.89738
FL Tobing,2.5,1.55312,98.89738
FL Tobing,2,1.55312,98.89738
FL Tobing,22.3,1.55312,98.89738
FL Tobing,3.9,1.55312,98.89738
FL Tobing,0,1.55312,98.89738
FL Tobing,6.6,1.55312,98.89738
FL Tobing,0,1.55312,98.89738
FL Tobing,1.5,1.55312,98.89738
FL Tobing,0,1.55312,98.89738
FL Tobing,14.8,1.55312,98.89738
FL Tobing,9.4,1.55312,98.89738
FL Tobing,0,1.55312,98.89738
FL Tobing,0,1.55312,98.89738
FL Tobing,0.1,1.55312,98.89738
FL Tobing,11.5,1.55312,98.89738
FL Tobing,17.7,1.55312,98.89738
FL Tobing,0,1.55312,98.89738
FL Tobing,0,1.55312,98.89738
FL Tobing,10,1.55312,98.89738
FL Tobing,107.3,1.55312,98.89738
FL Tobing,0,1.55312,98.89738
FL Tobing,2,1.55312,98.89738
FL Tobing,14,1.55312,98.89738
FL Tobing,8.9,1.55312,98.89738
FL Tobing,54.9,1.55312,98.89738
FL Tobing,0,1.55312,98.89738
FL Tobing,33.8,1.55312,98.89738
FL Tobing,0,1.55312,98.89738
FL Tobing,0,1.55312,98.89738
FL Tobing,0,1.55312,98.89738
FL Tobing,0,1.55312,98.89738
FL Tobing,0.7,1.55312,98.89738
FL Tobing,24.7,1.55312,98.89738
FL Tobing,0,1.55312,98.89738
FL Tobing,0,1.55312,98.89738
FL Tobing,62,1.55312,98.89738
FL Tobing,23.3,1.55312,98.89738
FL Tobing,78.4,1.55312,98.89738
FL Tobing,7.5,1.55312,98.89738
FL Tobing,0,1.55312,98.89738
FL Tobing,0,1.55312,98.89738
FL Tobing,0,1.55312,98.89738
FL Tobing,0.6,1.55312,98.89738
FL Tobing,1.2,1.55312,98.89738
FL Tobing,0,1.55312,98.89738
FL Tobing,91.7,1.55312,98.89738
FL Tobing,1,1.55312,98.89738
FL Tobing,2.6,1.55312,98.89738
FL Tobing,0,1.55312,98.89738
FL Tobing,14.7,1.55312,98.89738
FL Tobing,10.3,1.55312,98.89738
FL Tobing,2.8,1.55312,98.89738
FL Tobing,0,1.55312,98.89738
FL Tobing,39.9,1.55312,98.89738
FL Tobing,1.3,1.55312,98.89738
FL Tobing,1.5,1.55312,98.89738
FL Tobing,0,1.55312,98.89738
FL Tobing,23.2,1.55312,98.89738
FL Tobing,5.2,1.55312,98.89738
FL Tobing,0,1.55312,98.89738
FL Tobing,0,1.55312,98.89738
FL Tobing,0,1.55312,98.89738
FL Tobing,0,1.55312,98.89738
FL Tobing,0.5,1.55312,98.89738
FL Tobing,1.2,1.55312,98.89738
FL Tobing,0,1.55312,98.89738
FL Tobing,1.5,1.55312,98.89738
FL Tobing,2.2,1.55312,98.89738
FL Tobing,1,1.55312,98.89738
FL Tobing,50,1.55312,98.89738
FL Tobing,9,1.55312,98.89738
FL Tobing,41.9,1.55312,98.89738
FL Tobing,33,1.55312,98.89738
FL Tobing,0,1.55312,98.89738
FL Tobing,2.2,1.55312,98.89738
FL Tobing,16.5,1.55312,98.89738
FL Tobing,2.8,1.55312,98.89738
FL Tobing,0,1.55312,98.89738
FL Tobing,0,1.55312,98.89738
FL Tobing,8.3,1.55312,98.89738
FL Tobing,21.1,1.55312,98.89738
FL Tobing,31.8,1.55312,98.89738
FL Tobing,14.9,1.55312,98.89738
FL Tobing,45.3,1.55312,98.89738
FL Tobing,14.5,1.55312,98.89738
FL Tobing,0,1.55312,98.89738
FL Tobing,0,1.55312,98.89738
FL Tobing,14,1.55312,98.89738
FL Tobing,1,1.55312,98.89738
FL Tobing,4.7,1.55312,98.89738
FL Tobing,0,1.55312,98.89738
FL Tobing,13.6,1.55312,98.89738
FL Tobing,0,1.55312,98.89738
FL Tobing,0.5,1.55312,98.89738
FL Tobing,11,1.55312,98.89738
FL Tobing,6.5,1.55312,98.89738
FL Tobing,39.4,1.55312,98.89738
FL Tobing,0,1.55312,98.89738
FL Tobing,0,1.55312,98.89738
FL Tobing,0,1.55312,98.89738
FL Tobing,0,1.55312,98.89738
FL Tobing,0.6,1.55312,98.89738
FL Tobing,9.5,1.55312,98.89738
FL Tobing,60.6,1.55312,98.89738
FL Tobing,1,1.55312,98.89738
FL Tobing,30.5,1.55312,98.89738
FL Tobing,0,1.55312,98.89738
FL Tobing,34.2,1.55312,98.89738
FL Tobing,13.8,1.55312,98.89738
FL Tobing,0,1.55312,98.89738
FL Tobing,19.3,1.55312,98.89738
FL Tobing,0,1.55312,98.89738
FL Tobing,0,1.55312,98.89738
FL Tobing,0,1.55312,98.89738
FL Tobing,1.6,1.55312,98.89738
FL Tobing,43.1,1.55312,98.89738
FL Tobing,4.7,1.55312,98.89738
FL Tobing,1,1.55312,98.89738
FL Tobing,0,1.55312,98.89738
FL Tobing,0.5,1.55312,98.89738
FL Tobing,5,1.55312,98.89738
FL Tobing,1.2,1.55312,98.89738
FL Tobing,0,1.55312,98.89738
FL Tobing,0,1.55312,98.89738
FL Tobing,62.4,1.55312,98.89738
FL Tobing,11.5,1.55312,98.89738
FL Tobing,0,1.55312,98.89738
FL Tobing,11.5,1.55312,98.89738
FL Tobing,24.5,1.55312,98.89738
FL Tobing,0,1.55312,98.89738
FL Tobing,0,1.55312,98.89738
FL Tobing,16.2,1.55312,98.89738
FL Tobing,6.6,1.55312,98.89738
FL Tobing,0,1.55312,98.89738
FL Tobing,0,1.55312,98.89738
FL Tobing,3.2,1.55312,98.89738
FL Tobing,0,1.55312,98.89738
FL Tobing,0,1.55312,98.89738
FL Tobing,0,1.55312,98.89738
FL Tobing,0,1.55312,98.89738
FL Tobing,2.1,1.55312,98.89738
FL Tobing,0,1.55312,98.89738
FL Tobing,0,1.55312,98.89738
FL Tobing,0,1.55312,98.89738
FL Tobing,0,1.55312,98.89738
FL Tobing,43.6,1.55312,98.89738
FL Tobing,0,1.55312,98.89738
FL Tobing,0,1.55312,98.89738
FL Tobing,0,1.55312,98.89738
FL Tobing,0,1.55312,98.89738
FL Tobing,0,1.55312,98.89738
FL Tobing,2,1.55312,98.89738
FL Tobing,6,1.55312,98.89738
FL Tobing,1.4,1.55312,98.89738
FL Tobing,0,1.55312,98.89738
FL Tobing,0,1.55312,98.89738
FL Tobing,2.4,1.55312,98.89738
FL Tobing,0,1.55312,98.89738
FL Tobing,0,1.55312,98.89738
FL Tobing,0,1.55312,98.89738
FL Tobing,1.5,1.55312,98.89738
FL Tobing,0,1.55312,98.89738
FL Tobing,0,1.55312,98.89738
FL Tobing,0,1.55312,98.89738
FL Tobing,0,1.55312,98.89738
FL Tobing,1.8,1.55312,98.89738
FL Tobing,49.5,1.55312,98.89738
FL Tobing,0,1.55312,98.89738
FL Tobing,0,1.55312,98.89738
FL Tobing,0,1.55312,98.89738
FL Tobing,0,1.55312,98.89738
FL Tobing,1.5,1.55312,98.89738
FL Tobing,0,1.55312,98.89738
FL Tobing,0,1.55312,98.89738
FL Tobing,30.2,1.55312,98.89738
FL Tobing,4.9,1.55312,98.89738
FL Tobing,18.1,1.55312,98.89738
FL Tobing,15.7,1.55312,98.89738
FL Tobing,7.3,1.55312,98.89738
FL Tobing,27.1,1.55312,98.89738
FL Tobing,72.2,1.55312,98.89738
FL Tobing,0,1.55312,98.89738
FL Tobing,0,1.55312,98.89738
FL Tobing,1,1.55312,98.89738
FL Tobing,0,1.55312,98.89738
FL Tobing,0,1.55312,98.89738
FL Tobing,0,1.55312,98.89738
FL Tobing,0,1.55312,98.89738
FL Tobing,0,1.55312,98.89738
FL Tobing,1.8,1.55312,98.89738
FL Tobing,0,1.55312,98.89738
FL Tobing,0,1.55312,98.89738
FL Tobing,2,1.55312,98.89738
FL Tobing,0,1.55312,98.89738
FL Tobing,13.4,1.55312,98.89738
FL Tobing,0.2,1.55312,98.89738
FL Tobing,9,1.55312,98.89738
FL Tobing,9.8,1.55312,98.89738
FL Tobing,21.1,1.55312,98.89738
FL Tobing,60.2,1.55312,98.89738
FL Tobing,1,1.55312,98.89738
FL Tobing,32.9,1.55312,98.89738
FL Tobing,49.5,1.55312,98.89738
FL Tobing,0,1.55312,98.89738
FL Tobing,13.1,1.55312,98.89738
FL Tobing,16,1.55312,98.89738
FL Tobing,0,1.55312,98.89738
FL Tobing,22.1,1.55312,98.89738
FL Tobing,0,1.55312,98.89738
FL Tobing,34.5,1.55312,98.89738
FL Tobing,0,1.55312,98.89738
FL Tobing,0,1.55312,98.89738
FL Tobing,0,1.55312,98.89738
FL Tobing,0,1.55312,98.89738
FL Tobing,0,1.55312,98.89738
FL Tobing,0,1.55312,98.89738
FL Tobing,114.7,1.55312,98.89738
FL Tobing,1.8,1.55312,98.89738
FL Tobing,0,1.55312,98.89738
FL Tobing,136.4,1.55312,98.89738
FL Tobing,37.7,1.55312,98.89738
FL Tobing,4.7,1.55312,98.89738
FL Tobing,31.4,1.55312,98.89738
FL Tobing,20,1.55312,98.89738
FL Tobing,6.4,1.55312,98.89738
FL Tobing,0,1.55312,98.89738
FL Tobing,7.8,1.55312,98.89738
FL Tobing,6.1,1.55312,98.89738
FL Tobing,0,1.55312,98.89738
FL Tobing,31.4,1.55312,98.89738
FL Tobing,50.6,1.55312,98.89738
FL Tobing,28.8,1.55312,98.89738
FL Tobing,4.1,1.55312,98.89738
FL Tobing,0,1.55312,98.89738
FL Tobing,4,1.55312,98.89738
FL Tobing,8.3,1.55312,98.89738
FL Tobing,0,1.55312,98.89738
FL Tobing,17.2,1.55312,98.89738
FL Tobing,6.6,1.55312,98.89738
FL Tobing,70.2,1.55312,98.89738
FL Tobing,10.5,1.55312,98.89738
FL Tobing,0,1.55312,98.89738
FL Tobing,0,1.55312,98.89738
FL Tobing,0,1.55312,98.89738
FL Tobing,55.4,1.55312,98.89738
FL Tobing,0,1.55312,98.89738
FL Tobing,2.6,1.55312,98.89738
FL Tobing,14.9,1.55312,98.89738
FL Tobing,1.5,1.55312,98.89738
FL Tobing,8.7,1.55312,98.89738
FL Tobing,0,1.55312,98.89738
FL Tobing,0,1.55312,98.89738
FL Tobing,62.2,1.55312,98.89738
FL Tobing,136.8,1.55312,98.89738
FL Tobing,9.5,1.55312,98.89738
FL Tobing,2,1.55312,98.89738
FL Tobing,0,1.55312,98.89738
FL Tobing,0,1.55312,98.89738
FL Tobing,73.2,1.55312,98.89738
FL Tobing,0,1.55312,98.89738
FL Tobing,2,1.55312,98.89738
FL Tobing,114.5,1.55312,98.89738
FL Tobing,6.4,1.55312,98.89738
FL Tobing,0,1.55312,98.89738
FL Tobing,0,1.55312,98.89738
FL Tobing,0,1.55312,98.89738
FL Tobing,0.4,1.55312,98.89738
FL Tobing,1.9,1.55312,98.89738
FL Tobing,0.4,1.55312,98.89738
FL Tobing,11.9,1.55312,98.89738
FL Tobing,0,1.55312,98.89738
FL Tobing,7.1,1.55312,98.89738
FL Tobing,0,1.55312,98.89738
FL Tobing,0,1.55312,98.89738
FL Tobing,0,1.55312,98.89738
FL Tobing,1.7,1.55312,98.89738
FL Tobing,0,1.55312,98.89738
FL Tobing,11.5,1.55312,98.89738
FL Tobing,0,1.55312,98.89738
FL Tobing,2.3,1.55312,98.89738
FL Tobing,36.4,1.55312,98.89738
FL Tobing,41.9,1.55312,98.89738
FL Tobing,9.8,1.55312,98.89738
FL Tobing,21,1.55312,98.89738
FL Tobing,145.3,1.55312,98.89738
FL Tobing,1.9,1.55312,98.89738
FL Tobing,106.1,1.55312,98.89738
FL Tobing,13.6,1.55312,98.89738
FL Tobing,21.6,1.55312,98.89738
FL Tobing,0,1.55312,98.89738
FL Tobing,12.7,1.55312,98.89738
FL Tobing,6.7,1.55312,98.89738
FL Tobing,18.7,1.55312,98.89738
FL Tobing,2.4,1.55312,98.89738
FL Tobing,6,1.55312,98.89738
FL Tobing,9,1.55312,98.89738
FL Tobing,1.2,1.55312,98.89738
FL Tobing,21.6,1.55312,98.89738
FL Tobing,29.8,1.55312,98.89738
FL Tobing,34.8,1.55312,98.89738
FL Tobing,74.3,1.55312,98.89738
FL Tobing,7.7,1.55312,98.89738
FL Tobing,25.3,1.55312,98.89738
FL Tobing,6.7,1.55312,98.89738
FL Tobing,12,1.55312,98.89738
FL Tobing,4,1.55312,98.89738
FL Tobing,50.1,1.55312,98.89738
FL Tobing,16.5,1.55312,98.89738
FL Tobing,65,1.55312,98.89738
FL Tobing,37,1.55312,98.89738
FL Tobing,14.3,1.55312,98.89738
FL Tobing,0,1.55312,98.89738
FL Tobing,18.9,1.55312,98.89738
FL Tobing,1,1.55312,98.89738
FL Tobing,0,1.55312,98.89738
FL Tobing,5,1.55312,98.89738
FL Tobing,22.9,1.55312,98.89738
FL Tobing,0,1.55312,98.89738
FL Tobing,4.9,1.55312,98.89738
FL Tobing,0,1.55312,98.89738
FL Tobing,96.1,1.55312,98.89738
FL Tobing,19.9,1.55312,98.89738
FL Tobing,0,1.55312,98.89738
FL Tobing,19.3,1.55312,98.89738
FL Tobing,0,1.55312,98.89738
FL Tobing,0,1.55312,98.89738
FL Tobing,0,1.55312,98.89738
FL Tobing,0,1.55312,98.89738
FL Tobing,7.2,1.55312,98.89738
FL Tobing,7.2,1.55312,98.89738
FL Tobing,15.6,1.55312,98.89738
FL Tobing,0,1.55312,98.89738
FL Tobing,51.3,1.55312,98.89738
FL Tobing,20.7,1.55312,98.89738
FL Tobing,17.1,1.55312,98.89738
FL Tobing,8.4,1.55312,98.89738
FL Tobing,0,1.55312,98.89738
FL Tobing,96.5,1.55312,98.89738
FL Tobing,40.3,1.55312,98.89738
FL Tobing,65.8,1.55312,98.89738
FL Tobing,15,1.55312,98.89738
FL Tobing,0,1.55312,98.89738
FL Tobing,20.3,1.55312,98.89738
FL Tobing,0,1.55312,98.89738
FL Tobing,4.8,1.55312,98.89738
FL Tobing,74,1.55312,98.89738
FL Tobing,0,1.55312,98.89738
FL Tobing,37.2,1.55312,98.89738
FL Tobing,5.1,1.55312,98.89738
FL Tobing,0,1.55312,98.89738
FL Tobing,1.7,1.55312,98.89738
FL Tobing,8.8,1.55312,98.89738
FL Tobing,0,1.55312,98.89738
FL Tobing,0.6,1.55312,98.89738
FL Tobing,0,1.55312,98.89738
FL Tobing,0,1.55312,98.89738
FL Tobing,1,1.55312,98.89738
FL Tobing,0,1.55312,98.89738
FL Tobing,0,1.55312,98.89738
FL Tobing,0,1.55312,98.89738
FL Tobing,38.3,1.55312,98.89738
FL Tobing,0.5,1.55312,98.89738
FL Tobing,0,1.55312,98.89738
FL Tobing,0,1.55312,98.89738
FL Tobing,0,1.55312,98.89738
FL Tobing,45.3,1.55312,98.89738
FL Tobing,8,1.55312,98.89738
FL Tobing,0,1.55312,98.89738
FL Tobing,0,1.55312,98.89738
FL Tobing,151.8,1.55312,98.89738
FL Tobing,0,1.55312,98.89738
FL Tobing,0.8,1.55312,98.89738
FL Tobing,33.2,1.55312,98.89738
FL Tobing,0.5,1.55312,98.89738
FL Tobing,0,1.55312,98.89738
FL Tobing,0,1.55312,98.89738
FL Tobing,15,1.55312,98.89738
FL Tobing,31.2,1.55312,98.89738
FL Tobing,0,1.55312,98.89738
FL Tobing,0,1.55312,98.89738
FL Tobing,0,1.55312,98.89738
FL Tobing,25,1.55312,98.89738
FL Tobing,31,1.55312,98.89738
FL Tobing,11.5,1.55312,98.89738
FL Tobing,0,1.55312,98.89738
FL Tobing,6.5,1.55312,98.89738
FL Tobing,0.5,1.55312,98.89738
FL Tobing,0,1.55312,98.89738
FL Tobing,0,1.55312,98.89738
FL Tobing,0,1.55312,98.89738
FL Tobing,14,1.55312,98.89738
FL Tobing,0,1.55312,98.89738
FL Tobing,4.1,1.55312,98.89738
FL Tobing,0,1.55312,98.89738
FL Tobing,0,1.55312,98.89738
FL Tobing,0,1.55312,98.89738
FL Tobing,0,1.55312,98.89738
FL Tobing,105.5,1.55312,98.89738
FL Tobing,16.5,1.55312,98.89738
FL Tobing,0.7,1.55312,98.89738
FL Tobing,0,1.55312,98.89738
FL Tobing,0,1.55312,98.89738
FL Tobing,62.6,1.55312,98.89738
FL Tobing,0,1.55312,98.89738
FL Tobing,0,1.55312,98.89738
FL Tobing,0,1.55312,98.89738
FL Tobing,0,1.55312,98.89738
FL Tobing,1.2,1.55312,98.89738
FL Tobing,98.9,1.55312,98.89738
FL Tobing,10.5,1.55312,98.89738
FL Tobing,3.5,1.55312,98.89738
FL Tobing,3.3,1.55312,98.89738
FL Tobing,27.6,1.55312,98.89738
FL Tobing,1,1.55312,98.89738
FL Tobing,38.9,1.55312,98.89738
FL Tobing,24.5,1.55312,98.89738
FL Tobing,0.5,1.55312,98.89738
FL Tobing,0,1.55312,98.89738
FL Tobing,36.4,1.55312,98.89738
FL Tobing,0,1.55312,98.89738
FL Tobing,18.9,1.55312,98.89738
FL Tobing,2.8,1.55312,98.89738
FL Tobing,3,1.55312,98.89738
FL Tobing,0,1.55312,98.89738
FL Tobing,76.8,1.55312,98.89738
FL Tobing,3.5,1.55312,98.89738
FL Tobing,34.3,1.55312,98.89738
FL Tobing,8.7,1.55312,98.89738
FL Tobing,4,1.55312,98.89738
FL Tobing,164.5,1.55312,98.89738
FL Tobing,0,1.55312,98.89738
FL Tobing,0,1.55312,98.89738
FL Tobing,2.8,1.55312,98.89738
FL Tobing,1,1.55312,98.89738
FL Tobing,3.9,1.55312,98.89738
FL Tobing,0,1.55312,98.89738
FL Tobing,3.5,1.55312,98.89738
FL Tobing,88.3,1.55312,98.89738
FL Tobing,48,1.55312,98.89738
FL Tobing,8.4,1.55312,98.89738
FL Tobing,39.7,1.55312,98.89738
FL Tobing,2.8,1.55312,98.89738
FL Tobing,0,1.55312,98.89738
FL Tobing,0,1.55312,98.89738
FL Tobing,33.4,1.55312,98.89738
FL Tobing,0,1.55312,98.89738
FL Tobing,101.3,1.55312,98.89738
FL Tobing,0,1.55312,98.89738
FL Tobing,6.2,1.55312,98.89738
FL Tobing,0,1.55312,98.89738
FL Tobing,3,1.55312,98.89738
FL Tobing,1.2,1.55312,98.89738
FL Tobing,2,1.55312,98.89738
FL Tobing,1.2,1.55312,98.89738
FL Tobing,29.2,1.55312,98.89738
FL Tobing,41.1,1.55312,98.89738
FL Tobing,2.5,1.55312,98.89738
FL Tobing,0,1.55312,98.89738
FL Tobing,0.4,1.55312,98.89738
FL Tobing,5.5,1.55312,98.89738
FL Tobing,0,1.55312,98.89738
FL Tobing,1,1.55312,98.89738
FL Tobing,1.2,1.55312,98.89738
FL Tobing,5.4,1.55312,98.89738
FL Tobing,32.1,1.55312,98.89738
FL Tobing,0,1.55312,98.89738
FL Tobing,0,1.55312,98.89738
FL Tobing,32.5,1.55312,98.89738
FL Tobing,49.1,1.55312,98.89738
FL Tobing,8,1.55312,98.89738
FL Tobing,12.1,1.55312,98.89738
FL Tobing,1.2,1.55312,98.89738
FL Tobing,10.7,1.55312,98.89738
FL Tobing,0,1.55312,98.89738
FL Tobing,29.8,1.55312,98.89738
FL Tobing,9.2,1.55312,98.89738
FL Tobing,35.7,1.55312,98.89738
FL Tobing,22.7,1.55312,98.89738
FL Tobing,46.5,1.55312,98.89738
FL Tobing,56.5,1.55312,98.89738
FL Tobing,21.9,1.55312,98.89738
FL Tobing,10,1.55312,98.89738
FL Tobing,0,1.55312,98.89738
FL Tobing,1,1.55312,98.89738
FL Tobing,0,1.55312,98.89738
FL Tobing,9.1,1.55312,98.89738
FL Tobing,17.1,1.55312,98.89738
FL Tobing,0,1.55312,98.89738
FL Tobing,2,1.55312,98.89738
FL Tobing,37,1.55312,98.89738
FL Tobing,0,1.55312,98.89738
FL Tobing,1.5,1.55312,98.89738
FL Tobing,21.9,1.55312,98.89738
FL Tobing,32.9,1.55312,98.89738
FL Tobing,72.6,1.55312,98.89738
FL Tobing,6.5,1.55312,98.89738
FL Tobing,0,1.55312,98.89738
FL Tobing,0,1.55312,98.89738
FL Tobing,11.4,1.55312,98.89738
FL Tobing,0,1.55312,98.89738
FL Tobing,0,1.55312,98.89738
FL Tobing,3.5,1.55312,98.89738
FL Tobing,0,1.55312,98.89738
FL Tobing,0,1.55312,98.89738
FL Tobing,6.5,1.55312,98.89738
FL Tobing,0,1.55312,98.89738
FL Tobing,0,1.55312,98.89738
FL Tobing,36.5,1.55312,98.89738
FL Tobing,4.1,1.55312,98.89738
FL Tobing,1,1.55312,98.89738
FL Tobing,15,1.55312,98.89738
FL Tobing,2,1.55312,98.89738
FL Tobing,42.5,1.55312,98.89738
FL Tobing,0,1.55312,98.89738
FL Tobing,5.2,1.55312,98.89738
FL Tobing,0,1.55312,98.89738
FL Tobing,1,1.55312,98.89738
FL Tobing,0,1.55312,98.89738
FL Tobing,16.4,1.55312,98.89738
FL Tobing,0,1.55312,98.89738
FL Tobing,0,1.55312,98.89738
FL Tobing,0,1.55312,98.89738
FL Tobing,2.3,1.55312,98.89738
FL Tobing,1.5,1.55312,98.89738
FL Tobing,29.3,1.55312,98.89738
FL Tobing,0,1.55312,98.89738
FL Tobing,41.1,1.55312,98.89738
FL Tobing,45.2,1.55312,98.89738
FL Tobing,4.8,1.55312,98.89738
FL Tobing,0.6,1.55312,98.89738
FL Tobing,2.2,1.55312,98.89738
FL Tobing,36.5,1.55312,98.89738
FL Tobing,0,1.55312,98.89738
FL Tobing,0,1.55312,98.89738
FL Tobing,43.2,1.55312,98.89738
FL Tobing,4.5,1.55312,98.89738
FL Tobing,83.9,1.55312,98.89738
FL Tobing,0,1.55312,98.89738
FL Tobing,0,1.55312,98.89738
FL Tobing,0,1.55312,98.89738
FL Tobing,28.5,1.55312,98.89738
FL Tobing,21.4,1.55312,98.89738
FL Tobing,0,1.55312,98.89738
FL Tobing,17.8,1.55312,98.89738
FL Tobing,13,1.55312,98.89738
FL Tobing,0,1.55312,98.89738
FL Tobing,6,1.55312,98.89738
FL Tobing,0,1.55312,98.89738
FL Tobing,22.2,1.55312,98.89738
FL Tobing,42,1.55312,98.89738
FL Tobing,0,1.55312,98.89738
FL Tobing,0,1.55312,98.89738
FL Tobing,0,1.55312,98.89738
FL Tobing,3.6,1.55312,98.89738
FL Tobing,0,1.55312,98.89738
FL Tobing,12.5,1.55312,98.89738
FL Tobing,36.2,1.55312,98.89738
FL Tobing,79.4,1.55312,98.89738
FL Tobing,0,1.55312,98.89738
FL Tobing,0,1.55312,98.89738
FL Tobing,0.9,1.55312,98.89738
FL Tobing,14.6,1.55312,98.89738
FL Tobing,0,1.55312,98.89738
FL Tobing,12.5,1.55312,98.89738
FL Tobing,0,1.55312,98.89738
FL Tobing,1,1.55312,98.89738
FL Tobing,1,1.55312,98.89738
FL Tobing,0,1.55312,98.89738
FL Tobing,0,1.55312,98.89738
FL Tobing,0,1.55312,98.89738
FL Tobing,0,1.55312,98.89738
FL Tobing,0,1.55312,98.89738
FL Tobing,6.7,1.55312,98.89738
FL Tobing,0,1.55312,98.89738
FL Tobing,0,1.55312,98.89738
FL Tobing,0,1.55312,98.89738
FL Tobing,36.7,1.55312,98.89738
FL Tobing,1.2,1.55312,98.89738
FL Tobing,14.6,1.55312,98.89738
FL Tobing,77.3,1.55312,98.89738
FL Tobing,10,1.55312,98.89738
FL Tobing,0,1.55312,98.89738
FL Tobing,0.7,1.55312,98.89738
FL Tobing,39.2,1.55312,98.89738
FL Tobing,0,1.55312,98.89738
FL Tobing,15.1,1.55312,98.89738
FL Tobing,0,1.55312,98.89738
FL Tobing,0,1.55312,98.89738
FL Tobing,60.8,1.55312,98.89738
FL Tobing,23,1.55312,98.89738
FL Tobing,2.5,1.55312,98.89738
FL Tobing,10.8,1.55312,98.89738
FL Tobing,81.1,1.55312,98.89738
FL Tobing,5.1,1.55312,98.89738
FL Tobing,0,1.55312,98.89738
FL Tobing,1.3,1.55312,98.89738
FL Tobing,9.7,1.55312,98.89738
FL Tobing,1,1.55312,98.89738
FL Tobing,0.5,1.55312,98.89738
FL Tobing,3.8,1.55312,98.89738
FL Tobing,2.5,1.55312,98.89738
FL Tobing,0,1.55312,98.89738
FL Tobing,0.9,1.55312,98.89738
FL Tobing,0,1.55312,98.89738
FL Tobing,6.5,1.55312,98.89738
FL Tobing,3,1.55312,98.89738
FL Tobing,3.3,1.55312,98.89738
FL Tobing,0.5,1.55312,98.89738
FL Tobing,0,1.55312,98.89738
FL Tobing,0,1.55312,98.89738
FL Tobing,49.5,1.55312,98.89738
FL Tobing,3.5,1.55312,98.89738
FL Tobing,0,1.55312,98.89738
FL Tobing,0,1.55312,98.89738
FL Tobing,0,1.55312,98.89738
FL Tobing,78,1.55312,98.89738
FL Tobing,6.4,1.55312,98.89738
FL Tobing,0,1.55312,98.89738
FL Tobing,1.8,1.55312,98.89738
FL Tobing,0,1.55312,98.89738
FL Tobing,0,1.55312,98.89738
FL Tobing,1,1.55312,98.89738
FL Tobing,33,1.55312,98.89738
FL Tobing,98.2,1.55312,98.89738
FL Tobing,3.5,1.55312,98.89738
FL Tobing,0,1.55312,98.89738
FL Tobing,3,1.55312,98.89738
FL Tobing,0,1.55312,98.89738
FL Tobing,46.5,1.55312,98.89738
FL Tobing,108.1,1.55312,98.89738
FL Tobing,33,1.55312,98.89738
FL Tobing,1.5,1.55312,98.89738
FL Tobing,161.7,1.55312,98.89738
FL Tobing,13.1,1.55312,98.89738
FL Tobing,19.7,1.55312,98.89738
FL Tobing,0,1.55312,98.89738
FL Tobing,0,1.55312,98.89738
FL Tobing,60.8,1.55312,98.89738
FL Tobing,8.6,1.55312,98.89738
FL Tobing,7,1.55312,98.89738
FL Tobing,50.8,1.55312,98.89738
FL Tobing,17.6,1.55312,98.89738
FL Tobing,26.5,1.55312,98.89738
FL Tobing,15.5,1.55312,98.89738
FL Tobing,3.5,1.55312,98.89738
FL Tobing,13.4,1.55312,98.89738
FL Tobing,0,1.55312,98.89738
FL Tobing,87.5,1.55312,98.89738
FL Tobing,22.9,1.55312,98.89738
FL Tobing,17.6,1.55312,98.89738
FL Tobing,0,1.55312,98.89738
FL Tobing,12.5,1.55312,98.89738
FL Tobing,0,1.55312,98.89738
FL Tobing,98.3,1.55312,98.89738
FL Tobing,36.6,1.55312,98.89738
FL Tobing,0,1.55312,98.89738
FL Tobing,0.6,1.55312,98.89738
FL Tobing,26.3,1.55312,98.89738
FL Tobing,30.7,1.55312,98.89738
FL Tobing,38.2,1.55312,98.89738
FL Tobing,1,1.55312,98.89738
FL Tobing,20.8,1.55312,98.89738
FL Tobing,5.3,1.55312,98.89738
FL Tobing,5.5,1.55312,98.89738
FL Tobing,20.9,1.55312,98.89738
FL Tobing,1,1.55312,98.89738
FL Tobing,0.6,1.55312,98.89738
FL Tobing,10.1,1.55312,98.89738
FL Tobing,11.9,1.55312,98.89738
FL Tobing,47.9,1.55312,98.89738
FL Tobing,0.8,1.55312,98.89738
FL Tobing,13.2,1.55312,98.89738
FL Tobing,6.4,1.55312,98.89738
FL Tobing,28.1,1.55312,98.89738
FL Tobing,23,1.55312,98.89738
FL Tobing,2.7,1.55312,98.89738
FL Tobing,2.5,1.55312,98.89738
FL Tobing,2,1.55312,98.89738
FL Tobing,3.2,1.55312,98.89738
FL Tobing,0,1.55312,98.89738
FL Tobing,0,1.55312,98.89738
FL Tobing,2,1.55312,98.89738
FL Tobing,0,1.55312,98.89738
FL Tobing,0,1.55312,98.89738
FL Tobing,0,1.55312,98.89738
FL Tobing,2.6,1.55312,98.89738
FL Tobing,0,1.55312,98.89738
FL Tobing,3.6,1.55312,98.89738
FL Tobing,8.2,1.55312,98.89738
FL Tobing,0,1.55312,98.89738
FL Tobing,0,1.55312,98.89738
FL Tobing,0,1.55312,98.89738
FL Tobing,12.4,1.55312,98.89738
FL Tobing,12.3,1.55312,98.89738
FL Tobing,3.5,1.55312,98.89738
FL Tobing,0,1.55312,98.89738
FL Tobing,21.6,1.55312,98.89738
FL Tobing,68.3,1.55312,98.89738
FL Tobing,32.6,1.55312,98.89738
FL Tobing,21.2,1.55312,98.89738
FL Tobing,22,1.55312,98.89738
FL Tobing,0,1.55312,98.89738
FL Tobing,2.2,1.55312,98.89738
FL Tobing,84.5,1.55312,98.89738
FL Tobing,0,1.55312,98.89738
FL Tobing,17.7,1.55312,98.89738
FL Tobing,1.5,1.55312,98.89738
FL Tobing,0,1.55312,98.89738
FL Tobing,0,1.55312,98.89738
FL Tobing,26.1,1.55312,98.89738
FL Tobing,1.6,1.55312,98.89738
FL Tobing,0,1.55312,98.89738
FL Tobing,0.9,1.55312,98.89738
FL Tobing,1.4,1.55312,98.89738
FL Tobing,0,1.55312,98.89738
FL Tobing,9.8,1.55312,98.89738
FL Tobing,18.4,1.55312,98.89738
FL Tobing,0,1.55312,98.89738
FL Tobing,0,1.55312,98.89738
FL Tobing,2.6,1.55312,98.89738
FL Tobing,17.5,1.55312,98.89738
FL Tobing,3.3,1.55312,98.89738
FL Tobing,30.6,1.55312,98.89738
FL Tobing,1,1.55312,98.89738
FL Tobing,5.9,1.55312,98.89738
FL Tobing,23.8,1.55312,98.89738
FL Tobing,18,1.55312,98.89738
FL Tobing,0,1.55312,98.89738
FL Tobing,0,1.55312,98.89738
FL Tobing,112.1,1.55312,98.89738
FL Tobing,31.6,1.55312,98.89738
FL Tobing,0,1.55312,98.89738
FL Tobing,17.3,1.55312,98.89738
FL Tobing,0,1.55312,98.89738
FL Tobing,1,1.55312,98.89738
FL Tobing,0,1.55312,98.89738
FL Tobing,9.4,1.55312,98.89738
FL Tobing,0,1.55312,98.89738
FL Tobing,0,1.55312,98.89738
FL Tobing,0,1.55312,98.89738
FL Tobing,32.8,1.55312,98.89738
FL Tobing,0,1.55312,98.89738
FL Tobing,69,1.55312,98.89738
FL Tobing,18.5,1.55312,98.89738
FL Tobing,0,1.55312,98.89738
FL Tobing,28.3,1.55312,98.89738
FL Tobing,5.6,1.55312,98.89738
FL Tobing,2,1.55312,98.89738
FL Tobing,25,1.55312,98.89738
FL Tobing,0,1.55312,98.89738
FL Tobing,12.5,1.55312,98.89738
FL Tobing,0,1.55312,98.89738
FL Tobing,15.6,1.55312,98.89738
FL Tobing,0,1.55312,98.89738
FL Tobing,0,1.55312,98.89738
FL Tobing,0,1.55312,98.89738
FL Tobing,12.4,1.55312,98.89738
FL Tobing,20.3,1.55312,98.89738
FL Tobing,0,1.55312,98.89738
FL Tobing,0,1.55312,98.89738
FL Tobing,0,1.55312,98.89738
FL Tobing,1.6,1.55312,98.89738
FL Tobing,34.5,1.55312,98.89738
FL Tobing,1,1.55312,98.89738
FL Tobing,1.5,1.55312,98.89738
FL Tobing,43,1.55312,98.89738
FL Tobing,6.1,1.55312,98.89738
FL Tobing,0,1.55312,98.89738
FL Tobing,5.1,1.55312,98.89738
FL Tobing,7,1.55312,98.89738
FL Tobing,0,1.55312,98.89738
FL Tobing,0,1.55312,98.89738
FL Tobing,0,1.55312,98.89738
FL Tobing,0,1.55312,98.89738
FL Tobing,60.5,1.55312,98.89738
FL Tobing,26,1.55312,98.89738
FL Tobing,74,1.55312,98.89738
FL Tobing,20.1,1.55312,98.89738
FL Tobing,1.6,1.55312,98.89738
FL Tobing,4,1.55312,98.89738
FL Tobing,39.6,1.55312,98.89738
FL Tobing,0,1.55312,98.89738
FL Tobing,2.7,1.55312,98.89738
FL Tobing,5.4,1.55312,98.89738
FL Tobing,0,1.55312,98.89738
FL Tobing,9.8,1.55312,98.89738
FL Tobing,14.6,1.55312,98.89738
FL Tobing,0.6,1.55312,98.89738
FL Tobing,0,1.55312,98.89738
FL Tobing,0,1.55312,98.89738
FL Tobing,0,1.55312,98.89738
FL Tobing,0,1.55312,98.89738
FL Tobing,0,1.55312,98.89738
FL Tobing,15.5,1.55312,98.89738
FL Tobing,0,1.55312,98.89738
FL Tobing,5.4,1.55312,98.89738
FL Tobing,20.3,1.55312,98.89738
FL Tobing,1.2,1.55312,98.89738
FL Tobing,0,1.55312,98.89738
FL Tobing,0,1.55312,98.89738
FL Tobing,79.5,1.55312,98.89738
FL Tobing,0,1.55312,98.89738
FL Tobing,0,1.55312,98.89738
FL Tobing,0,1.55312,98.89738
FL Tobing,5.6,1.55312,98.89738
FL Tobing,0,1.55312,98.89738
FL Tobing,5.4,1.55312,98.89738
FL Tobing,5.2,1.55312,98.89738
FL Tobing,2.6,1.55312,98.89738
FL Tobing,5.6,1.55312,98.89738
FL Tobing,0,1.55312,98.89738
FL Tobing,0,1.55312,98.89738
FL Tobing,64.9,1.55312,98.89738
FL Tobing,0,1.55312,98.89738
FL Tobing,0,1.55312,98.89738
FL Tobing,0,1.55312,98.89738
FL Tobing,51.3,1.55312,98.89738
FL Tobing,0,1.55312,98.89738
FL Tobing,0,1.55312,98.89738
FL Tobing,30,1.55312,98.89738
FL Tobing,0,1.55312,98.89738
FL Tobing,1.8,1.55312,98.89738
FL Tobing,9.8,1.55312,98.89738
FL Tobing,0.7,1.55312,98.89738
FL Tobing,2.6,1.55312,98.89738
FL Tobing,19.5,1.55312,98.89738
FL Tobing,1,1.55312,98.89738
FL Tobing,0,1.55312,98.89738
FL Tobing,0,1.55312,98.89738
FL Tobing,20.6,1.55312,98.89738
FL Tobing,0,1.55312,98.89738
FL Tobing,33.7,1.55312,98.89738
FL Tobing,0,1.55312,98.89738
FL Tobing,0,1.55312,98.89738
FL Tobing,0,1.55312,98.89738
FL Tobing,48,1.55312,98.89738
FL Tobing,37.6,1.55312,98.89738
FL Tobing,0,1.55312,98.89738
FL Tobing,0,1.55312,98.89738
FL Tobing,0,1.55312,98.89738
FL Tobing,62.5,1.55312,98.89738
FL Tobing,7.5,1.55312,98.89738
FL Tobing,24.7,1.55312,98.89738
FL Tobing,0,1.55312,98.89738
FL Tobing,10.8,1.55312,98.89738
FL Tobing,4.7,1.55312,98.89738
FL Tobing,1,1.55312,98.89738
FL Tobing,0,1.55312,98.89738
FL Tobing,0,1.55312,98.89738
FL Tobing,0,1.55312,98.89738
FL Tobing,2.5,1.55312,98.89738
FL Tobing,6,1.55312,98.89738
FL Tobing,0,1.55312,98.89738
FL Tobing,0,1.55312,98.89738
FL Tobing,0,1.55312,98.89738
FL Tobing,0,1.55312,98.89738
FL Tobing,7.9,1.55312,98.89738
FL Tobing,0,1.55312,98.89738
FL Tobing,0,1.55312,98.89738
FL Tobing,42.5,1.55312,98.89738
FL Tobing,0,1.55312,98.89738
FL Tobing,0,1.55312,98.89738
FL Tobing,0,1.55312,98.89738
FL Tobing,4.7,1.55312,98.89738
FL Tobing,27,1.55312,98.89738
FL Tobing,0,1.55312,98.89738
FL Tobing,5,1.55312,98.89738
FL Tobing,0,1.55312,98.89738
FL Tobing,0,1.55312,98.89738
FL Tobing,0,1.55312,98.89738
FL Tobing,53.1,1.55312,98.89738
FL Tobing,0,1.55312,98.89738
FL Tobing,0,1.55312,98.89738
FL Tobing,18.6,1.55312,98.89738
FL Tobing,0,1.55312,98.89738
FL Tobing,0,1.55312,98.89738
FL Tobing,7.6,1.55312,98.89738
FL Tobing,0,1.55312,98.89738
FL Tobing,1.2,1.55312,98.89738
FL Tobing,0,1.55312,98.89738
FL Tobing,3,1.55312,98.89738
FL Tobing,118,1.55312,98.89738
FL Tobing,0,1.55312,98.89738
FL Tobing,0,1.55312,98.89738
FL Tobing,18.5,1.55312,98.89738
FL Tobing,62.7,1.55312,98.89738
FL Tobing,1,1.55312,98.89738
FL Tobing,0,1.55312,98.89738
FL Tobing,0,1.55312,98.89738
FL Tobing,0,1.55312,98.89738
FL Tobing,0,1.55312,98.89738
FL Tobing,0,1.55312,98.89738
FL Tobing,9.6,1.55312,98.89738
FL Tobing,0,1.55312,98.89738
FL Tobing,8.9,1.55312,98.89738
FL Tobing,6.6,1.55312,98.89738
FL Tobing,2.6,1.55312,98.89738
FL Tobing,0,1.55312,98.89738
FL Tobing,0,1.55312,98.89738
FL Tobing,0,1.55312,98.89738
FL Tobing,0,1.55312,98.89738
FL Tobing,0,1.55312,98.89738
FL Tobing,0,1.55312,98.89738
FL Tobing,28.8,1.55312,98.89738
FL Tobing,2,1.55312,98.89738
FL Tobing,35.8,1.55312,98.89738
FL Tobing,4.6,1.55312,98.89738
FL Tobing,0.8,1.55312,98.89738
FL Tobing,0,1.55312,98.89738
FL Tobing,3,1.55312,98.89738
FL Tobing,1.2,1.55312,98.89738
FL Tobing,0,1.55312,98.89738
FL Tobing,14.2,1.55312,98.89738
FL Tobing,0,1.55312,98.89738
FL Tobing,9.6,1.55312,98.89738
FL Tobing,0,1.55312,98.89738
FL Tobing,3.6,1.55312,98.89738
FL Tobing,2.1,1.55312,98.89738
FL Tobing,0,1.55312,98.89738
FL Tobing,13.8,1.55312,98.89738
FL Tobing,7.4,1.55312,98.89738
FL Tobing,2.1,1.55312,98.89738
FL Tobing,8.2,1.55312,98.89738
FL Tobing,0,1.55312,98.89738
FL Tobing,0,1.55312,98.89738
FL Tobing,0,1.55312,98.89738
FL Tobing,12.6,1.55312,98.89738
FL Tobing,56.2,1.55312,98.89738
FL Tobing,0,1.55312,98.89738
FL Tobing,67.4,1.55312,98.89738
FL Tobing,0,1.55312,98.89738
FL Tobing,3.6,1.55312,98.89738
FL Tobing,3.7,1.55312,98.89738
FL Tobing,65.4,1.55312,98.89738
FL Tobing,0,1.55312,98.89738
FL Tobing,12.5,1.55312,98.89738
FL Tobing,0,1.55312,98.89738
FL Tobing,10,1.55312,98.89738
FL Tobing,33.2,1.55312,98.89738
FL Tobing,3.2,1.55312,98.89738
FL Tobing,64.7,1.55312,98.89738
FL Tobing,0,1.55312,98.89738
FL Tobing,0,1.55312,98.89738
FL Tobing,0,1.55312,98.89738
FL Tobing,1.2,1.55312,98.89738
FL Tobing,1.6,1.55312,98.89738
FL Tobing,66.4,1.55312,98.89738
FL Tobing,0,1.55312,98.89738
FL Tobing,1.5,1.55312,98.89738
FL Tobing,12.2,1.55312,98.89738
FL Tobing,0,1.55312,98.89738
FL Tobing,0,1.55312,98.89738
FL Tobing,0,1.55312,98.89738
FL Tobing,0,1.55312,98.89738
FL Tobing,0,1.55312,98.89738
FL Tobing,0,1.55312,98.89738
FL Tobing,0,1.55312,98.89738
FL Tobing,0,1.55312,98.89738
FL Tobing,0,1.55312,98.89738
FL Tobing,0,1.55312,98.89738
FL Tobing,0,1.55312,98.89738
FL Tobing,0,1.55312,98.89738
FL Tobing,0,1.55312,98.89738
FL Tobing,0,1.55312,98.89738
FL Tobing,0,1.55312,98.89738
FL Tobing,0,1.55312,98.89738
FL Tobing,13.5,1.55312,98.89738
FL Tobing,0,1.55312,98.89738
FL Tobing,0,1.55312,98.89738
FL Tobing,10.1,1.55312,98.89738
FL Tobing,4.6,1.55312,98.89738
FL Tobing,0,1.55312,98.89738
FL Tobing,8.3,1.55312,98.89738
FL Tobing,32.4,1.55312,98.89738
FL Tobing,0,1.55312,98.89738
FL Tobing,4.5,1.55312,98.89738
FL Tobing,0,1.55312,98.89738
FL Tobing,0,1.55312,98.89738
FL Tobing,3,1.55312,98.89738
FL Tobing,86.6,1.55312,98.89738
FL Tobing,4.8,1.55312,98.89738
FL Tobing,0.3,1.55312,98.89738
FL Tobing,15.7,1.55312,98.89738
FL Tobing,43,1.55312,98.89738
FL Tobing,35.5,1.55312,98.89738
FL Tobing,0,1.55312,98.89738
FL Tobing,0,1.55312,98.89738
FL Tobing,56.8,1.55312,98.89738
FL Tobing,54.5,1.55312,98.89738
FL Tobing,23.5,1.55312,98.89738
FL Tobing,3.1,1.55312,98.89738
FL Tobing,59.8,1.55312,98.89738
FL Tobing,13.2,1.55312,98.89738
FL Tobing,29,1.55312,98.89738
FL Tobing,4,1.55312,98.89738
FL Tobing,3,1.55312,98.89738
FL Tobing,4.5,1.55312,98.89738
FL Tobing,4.4,1.55312,98.89738
FL Tobing,1.5,1.55312,98.89738
FL Tobing,72.8,1.55312,98.89738
FL Tobing,3.6,1.55312,98.89738
FL Tobing,0,1.55312,98.89738
FL Tobing,8.2,1.55312,98.89738
FL Tobing,4.1,1.55312,98.89738
FL Tobing,0,1.55312,98.89738
FL Tobing,10.5,1.55312,98.89738
FL Tobing,0,1.55312,98.89738
FL Tobing,2,1.55312,98.89738
FL Tobing,36.2,1.55312,98.89738
FL Tobing,28.3,1.55312,98.89738
FL Tobing,0,1.55312,98.89738
FL Tobing,8.7,1.55312,98.89738
FL Tobing,11.2,1.55312,98.89738
FL Tobing,79,1.55312,98.89738
FL Tobing,37.2,1.55312,98.89738
FL Tobing,0,1.55312,98.89738
FL Tobing,58.7,1.55312,98.89738
FL Tobing,0,1.55312,98.89738
FL Tobing,0,1.55312,98.89738
FL Tobing,0,1.55312,98.89738
FL Tobing,1,1.55312,98.89738
FL Tobing,0,1.55312,98.89738
FL Tobing,6.8,1.55312,98.89738
FL Tobing,4.2,1.55312,98.89738
FL Tobing,29.9,1.55312,98.89738
FL Tobing,38.6,1.55312,98.89738
FL Tobing,0,1.55312,98.89738
FL Tobing,0,1.55312,98.89738
FL Tobing,24.1,1.55312,98.89738
FL Tobing,0,1.55312,98.89738
FL Tobing,20.5,1.55312,98.89738
FL Tobing,9,1.55312,98.89738
FL Tobing,0,1.55312,98.89738
FL Tobing,20.1,1.55312,98.89738
FL Tobing,3,1.55312,98.89738
FL Tobing,0,1.55312,98.89738
FL Tobing,0,1.55312,98.89738
FL Tobing,0,1.55312,98.89738
FL Tobing,8,1.55312,98.89738
FL Tobing,11,1.55312,98.89738
FL Tobing,2.5,1.55312,98.89738
FL Tobing,0,1.55312,98.89738
FL Tobing,0,1.55312,98.89738
FL Tobing,0,1.55312,98.89738
FL Tobing,1.1,1.55312,98.89738
FL Tobing,3.2,1.55312,98.89738
FL Tobing,53.9,1.55312,98.89738
FL Tobing,71.9,1.55312,98.89738
FL Tobing,1,1.55312,98.89738
FL Tobing,30.5,1.55312,98.89738
FL Tobing,1,1.55312,98.89738
FL Tobing,96.9,1.55312,98.89738
FL Tobing,1.4,1.55312,98.89738
FL Tobing,0,1.55312,98.89738
FL Tobing,3.5,1.55312,98.89738
FL Tobing,6.1,1.55312,98.89738
FL Tobing,0.2,1.55312,98.89738
FL Tobing,52.1,1.55312,98.89738
FL Tobing,8.7,1.55312,98.89738
FL Tobing,0,1.55312,98.89738
FL Tobing,2.1,1.55312,98.89738
FL Tobing,25.1,1.55312,98.89738
FL Tobing,18.8,1.55312,98.89738
FL Tobing,10,1.55312,98.89738
FL Tobing,0,1.55312,98.89738
FL Tobing,6.6,1.55312,98.89738
FL Tobing,17.6,1.55312,98.89738
FL Tobing,79.5,1.55312,98.89738
FL Tobing,12.3,1.55312,98.89738
FL Tobing,0,1.55312,98.89738
FL Tobing,8.2,1.55312,98.89738
FL Tobing,1.5,1.55312,98.89738
FL Tobing,6.5,1.55312,98.89738
FL Tobing,53.4,1.55312,98.89738
FL Tobing,158.7,1.55312,98.89738
FL Tobing,9.2,1.55312,98.89738
FL Tobing,77.5,1.55312,98.89738
FL Tobing,24.5,1.55312,98.89738
FL Tobing,26.8,1.55312,98.89738
FL Tobing,0,1.55312,98.89738
FL Tobing,0,1.55312,98.89738
FL Tobing,5.2,1.55312,98.89738
FL Tobing,0,1.55312,98.89738
FL Tobing,3.6,1.55312,98.89738
FL Tobing,59,1.55312,98.89738
FL Tobing,4.9,1.55312,98.89738
FL Tobing,33.6,1.55312,98.89738
FL Tobing,1,1.55312,98.89738
FL Tobing,128.5,1.55312,98.89738
FL Tobing,13.5,1.55312,98.89738
FL Tobing,0,1.55312,98.89738
FL Tobing,0,1.55312,98.89738
FL Tobing,0,1.55312,98.89738
FL Tobing,0,1.55312,98.89738
FL Tobing,9,1.55312,98.89738
FL Tobing,0,1.55312,98.89738
FL Tobing,0,1.55312,98.89738
FL Tobing,0,1.55312,98.89738
FL Tobing,0,1.55312,98.89738
FL Tobing,0,1.55312,98.89738
FL Tobing,0.5,1.55312,98.89738
FL Tobing,0,1.55312,98.89738
FL Tobing,0,1.55312,98.89738
FL Tobing,0,1.55312,98.89738
FL Tobing,0,1.55312,98.89738
FL Tobing,0,1.55312,98.89738
FL Tobing,0,1.55312,98.89738
FL Tobing,0,1.55312,98.89738
FL Tobing,133.5,1.55312,98.89738
FL Tobing,0,1.55312,98.89738
FL Tobing,1.8,1.55312,98.89738
FL Tobing,0,1.55312,98.89738
FL Tobing,0,1.55312,98.89738
FL Tobing,0,1.55312,98.89738
FL Tobing,7.5,1.55312,98.89738
FL Tobing,0,1.55312,98.89738
FL Tobing,0,1.55312,98.89738
FL Tobing,45.8,1.55312,98.89738
FL Tobing,1.6,1.55312,98.89738
FL Tobing,0,1.55312,98.89738
FL Tobing,0,1.55312,98.89738
FL Tobing,0,1.55312,98.89738
FL Tobing,0,1.55312,98.89738
FL Tobing,0.4,1.55312,98.89738
FL Tobing,73.5,1.55312,98.89738
FL Tobing,0,1.55312,98.89738
FL Tobing,0,1.55312,98.89738
FL Tobing,2.7,1.55312,98.89738
FL Tobing,21.8,1.55312,98.89738
FL Tobing,0,1.55312,98.89738
FL Tobing,0,1.55312,98.89738
FL Tobing,0,1.55312,98.89738
FL Tobing,0,1.55312,98.89738
FL Tobing,0,1.55312,98.89738
FL Tobing,48.9,1.55312,98.89738
FL Tobing,72.8,1.55312,98.89738
FL Tobing,11,1.55312,98.89738
FL Tobing,0,1.55312,98.89738
FL Tobing,2,1.55312,98.89738
FL Tobing,0,1.55312,98.89738
FL Tobing,34,1.55312,98.89738
FL Tobing,0.6,1.55312,98.89738
FL Tobing,9.2,1.55312,98.89738
FL Tobing,0,1.55312,98.89738
FL Tobing,0,1.55312,98.89738
FL Tobing,8.3,1.55312,98.89738
FL Tobing,0,1.55312,98.89738
FL Tobing,0,1.55312,98.89738
FL Tobing,7.2,1.55312,98.89738
FL Tobing,0,1.55312,98.89738
FL Tobing,65.7,1.55312,98.89738
FL Tobing,0,1.55312,98.89738
FL Tobing,32.5,1.55312,98.89738
FL Tobing,0,1.55312,98.89738
FL Tobing,0,1.55312,98.89738
FL Tobing,46.1,1.55312,98.89738
FL Tobing,12,1.55312,98.89738
FL Tobing,0,1.55312,98.89738
FL Tobing,37.8,1.55312,98.89738
FL Tobing,1.8,1.55312,98.89738
FL Tobing,9,1.55312,98.89738
FL Tobing,0,1.55312,98.89738
FL Tobing,58.4,1.55312,98.89738
FL Tobing,41.2,1.55312,98.89738
FL Tobing,26.6,1.55312,98.89738
FL Tobing,34.3,1.55312,98.89738
FL Tobing,13.4,1.55312,98.89738
FL Tobing,0,1.55312,98.89738
FL Tobing,21.5,1.55312,98.89738
FL Tobing,6.7,1.55312,98.89738
FL Tobing,6.2,1.55312,98.89738
FL Tobing,4.5,1.55312,98.89738
FL Tobing,0,1.55312,98.89738
FL Tobing,1.3,1.55312,98.89738
FL Tobing,4.6,1.55312,98.89738
FL Tobing,8.1,1.55312,98.89738
FL Tobing,9,1.55312,98.89738
FL Tobing,39.5,1.55312,98.89738
FL Tobing,33.1,1.55312,98.89738
FL Tobing,44.3,1.55312,98.89738
FL Tobing,0,1.55312,98.89738
FL Tobing,0,1.55312,98.89738
FL Tobing,21.3,1.55312,98.89738
FL Tobing,0,1.55312,98.89738
FL Tobing,12.2,1.55312,98.89738
FL Tobing,99.8,1.55312,98.89738
FL Tobing,1,1.55312,98.89738
FL Tobing,29.2,1.55312,98.89738
FL Tobing,32.1,1.55312,98.89738
FL Tobing,3.9,1.55312,98.89738
FL Tobing,0,1.55312,98.89738
FL Tobing,5,1.55312,98.89738
FL Tobing,0,1.55312,98.89738
FL Tobing,53.3,1.55312,98.89738
FL Tobing,0,1.55312,98.89738
FL Tobing,0,1.55312,98.89738
FL Tobing,0,1.55312,98.89738
FL Tobing,0,1.55312,98.89738
FL Tobing,38.7,1.55312,98.89738
FL Tobing,7,1.55312,98.89738
FL Tobing,0,1.55312,98.89738
FL Tobing,13.3,1.55312,98.89738
FL Tobing,0,1.55312,98.89738
FL Tobing,13.3,1.55312,98.89738
FL Tobing,1.8,1.55312,98.89738
FL Tobing,6.9,1.55312,98.89738
FL Tobing,0,1.55312,98.89738
FL Tobing,0.8,1.55312,98.89738
FL Tobing,0,1.55312,98.89738
FL Tobing,2.6,1.55312,98.89738
FL Tobing,2.4,1.55312,98.89738
FL Tobing,0,1.55312,98.89738
FL Tobing,0,1.55312,98.89738
FL Tobing,10.2,1.55312,98.89738
FL Tobing,8.8,1.55312,98.89738
FL Tobing,4.8,1.55312,98.89738
FL Tobing,0,1.55312,98.89738
FL Tobing,112.5,1.55312,98.89738
FL Tobing,15.4,1.55312,98.89738
FL Tobing,25.7,1.55312,98.89738
FL Tobing,18.2,1.55312,98.89738
FL Tobing,0,1.55312,98.89738
FL Tobing,0,1.55312,98.89738
FL Tobing,0,1.55312,98.89738
FL Tobing,12.7,1.55312,98.89738
FL Tobing,0,1.55312,98.89738
FL Tobing,69.5,1.55312,98.89738
FL Tobing,51.4,1.55312,98.89738
FL Tobing,33.4,1.55312,98.89738
FL Tobing,2.6,1.55312,98.89738
FL Tobing,10.5,1.55312,98.89738
FL Tobing,0,1.55312,98.89738
FL Tobing,11.4,1.55312,98.89738
FL Tobing,0,1.55312,98.89738
FL Tobing,30.1,1.55312,98.89738
FL Tobing,0,1.55312,98.89738
FL Tobing,0,1.55312,98.89738
FL Tobing,3.5,1.55312,98.89738
FL Tobing,0,1.55312,98.89738
FL Tobing,0,1.55312,98.89738
FL Tobing,0,1.55312,98.89738
FL Tobing,0,1.55312,98.89738
FL Tobing,0.5,1.55312,98.89738
FL Tobing,0,1.55312,98.89738
FL Tobing,0,1.55312,98.89738
FL Tobing,0,1.55312,98.89738
FL Tobing,0,1.55312,98.89738
FL Tobing,3.8,1.55312,98.89738
FL Tobing,0,1.55312,98.89738
FL Tobing,1.8,1.55312,98.89738
FL Tobing,0,1.55312,98.89738
FL Tobing,2.1,1.55312,98.89738
FL Tobing,1,1.55312,98.89738
FL Tobing,0,1.55312,98.89738
FL Tobing,20.8,1.55312,98.89738
FL Tobing,0,1.55312,98.89738
FL Tobing,1.5,1.55312,98.89738
FL Tobing,9.6,1.55312,98.89738
FL Tobing,0,1.55312,98.89738
FL Tobing,0,1.55312,98.89738
FL Tobing,0,1.55312,98.89738
FL Tobing,2,1.55312,98.89738
FL Tobing,19,1.55312,98.89738
FL Tobing,0,1.55312,98.89738
FL Tobing,23.2,1.55312,98.89738
FL Tobing,0,1.55312,98.89738
FL Tobing,0,1.55312,98.89738
FL Tobing,8.8,1.55312,98.89738
FL Tobing,34,1.55312,98.89738
FL Tobing,0,1.55312,98.89738
FL Tobing,83.1,1.55312,98.89738
FL Tobing,0.4,1.55312,98.89738
FL Tobing,27.1,1.55312,98.89738
FL Tobing,0,1.55312,98.89738
FL Tobing,0,1.55312,98.89738
FL Tobing,25.4,1.55312,98.89738
FL Tobing,12.9,1.55312,98.89738
FL Tobing,0,1.55312,98.89738
FL Tobing,1.8,1.55312,98.89738
FL Tobing,0.5,1.55312,98.89738
FL Tobing,33.7,1.55312,98.89738
FL Tobing,6.5,1.55312,98.89738
FL Tobing,0,1.55312,98.89738
FL Tobing,96.7,1.55312,98.89738
FL Tobing,0,1.55312,98.89738
FL Tobing,0,1.55312,98.89738
FL Tobing,27,1.55312,98.89738
FL Tobing,0,1.55312,98.89738
FL Tobing,0,1.55312,98.89738
FL Tobing,0,1.55312,98.89738
FL Tobing,0,1.55312,98.89738
FL Tobing,1,1.55312,98.89738
FL Tobing,3,1.55312,98.89738
FL Tobing,9,1.55312,98.89738
FL Tobing,0,1.55312,98.89738
FL Tobing,12.7,1.55312,98.89738
FL Tobing,0,1.55312,98.89738
FL Tobing,11.8,1.55312,98.89738
FL Tobing,1,1.55312,98.89738
FL Tobing,16.3,1.55312,98.89738
FL Tobing,0,1.55312,98.89738
FL Tobing,0,1.55312,98.89738
FL Tobing,30.4,1.55312,98.89738
FL Tobing,10.7,1.55312,98.89738
FL Tobing,1.3,1.55312,98.89738
FL Tobing,3.5,1.55312,98.89738
FL Tobing,3,1.55312,98.89738
FL Tobing,12.3,1.55312,98.89738
FL Tobing,0,1.55312,98.89738
FL Tobing,1.2,1.55312,98.89738
FL Tobing,0,1.55312,98.89738
FL Tobing,0,1.55312,98.89738
FL Tobing,9.5,1.55312,98.89738
FL Tobing,0.5,1.55312,98.89738
FL Tobing,0,1.55312,98.89738
FL Tobing,0,1.55312,98.89738
FL Tobing,0,1.55312,98.89738
FL Tobing,50.3,1.55312,98.89738
FL Tobing,1,1.55312,98.89738
FL Tobing,8.8,1.55312,98.89738
FL Tobing,11.5,1.55312,98.89738
FL Tobing,1,1.55312,98.89738
FL Tobing,0,1.55312,98.89738
FL Tobing,4.8,1.55312,98.89738
FL Tobing,7.7,1.55312,98.89738
FL Tobing,9,1.55312,98.89738
FL Tobing,16.8,1.55312,98.89738
FL Tobing,0,1.55312,98.89738
FL Tobing,14.5,1.55312,98.89738
FL Tobing,0,1.55312,98.89738
FL Tobing,0.8,1.55312,98.89738
FL Tobing,0,1.55312,98.89738
FL Tobing,0,1.55312,98.89738
FL Tobing,25,1.55312,98.89738
FL Tobing,0,1.55312,98.89738
FL Tobing,13.2,1.55312,98.89738
FL Tobing,43.3,1.55312,98.89738
FL Tobing,79.5,1.55312,98.89738
FL Tobing,18.9,1.55312,98.89738
FL Tobing,20.4,1.55312,98.89738
FL Tobing,28.3,1.55312,98.89738
FL Tobing,3.9,1.55312,98.89738
FL Tobing,1.4,1.55312,98.89738
FL Tobing,4.8,1.55312,98.89738
FL Tobing,10.1,1.55312,98.89738
FL Tobing,0,1.55312,98.89738
FL Tobing,1,1.55312,98.89738
FL Tobing,37.9,1.55312,98.89738
FL Tobing,10.8,1.55312,98.89738
FL Tobing,0.5,1.55312,98.89738
FL Tobing,39.5,1.55312,98.89738
FL Tobing,5,1.55312,98.89738
FL Tobing,11.2,1.55312,98.89738
FL Tobing,30.8,1.55312,98.89738
FL Tobing,2.6,1.55312,98.89738
FL Tobing,0,1.55312,98.89738
FL Tobing,54.9,1.55312,98.89738
FL Tobing,1.5,1.55312,98.89738
FL Tobing,1.4,1.55312,98.89738
FL Tobing,1.6,1.55312,98.89738
FL Tobing,0,1.55312,98.89738
FL Tobing,12.4,1.55312,98.89738
FL Tobing,0,1.55312,98.89738
FL Tobing,9.9,1.55312,98.89738
FL Tobing,0,1.55312,98.89738
FL Tobing,25.3,1.55312,98.89738
FL Tobing,1.2,1.55312,98.89738
FL Tobing,0,1.55312,98.89738
FL Tobing,7.5,1.55312,98.89738
FL Tobing,0,1.55312,98.89738
FL Tobing,0.4,1.55312,98.89738
FL Tobing,0,1.55312,98.89738
FL Tobing,7.1,1.55312,98.89738
FL Tobing,1.6,1.55312,98.89738
FL Tobing,102,1.55312,98.89738
FL Tobing,0,1.55312,98.89738
FL Tobing,9,1.55312,98.89738
FL Tobing,29.9,1.55312,98.89738
FL Tobing,0,1.55312,98.89738
FL Tobing,0,1.55312,98.89738
FL Tobing,0.8,1.55312,98.89738
FL Tobing,9.8,1.55312,98.89738
FL Tobing,0,1.55312,98.89738
FL Tobing,12,1.55312,98.89738
FL Tobing,2.8,1.55312,98.89738
FL Tobing,0,1.55312,98.89738
FL Tobing,0,1.55312,98.89738
FL Tobing,2.2,1.55312,98.89738
FL Tobing,21.8,1.55312,98.89738
FL Tobing,0,1.55312,98.89738
FL Tobing,39.4,1.55312,98.89738
FL Tobing,4.9,1.55312,98.89738
FL Tobing,15.7,1.55312,98.89738
FL Tobing,8.1,1.55312,98.89738
FL Tobing,0,1.55312,98.89738
FL Tobing,9.6,1.55312,98.89738
FL Tobing,0,1.55312,98.89738
FL Tobing,12.6,1.55312,98.89738
FL Tobing,5.9,1.55312,98.89738
FL Tobing,1.2,1.55312,98.89738
FL Tobing,1.2,1.55312,98.89738
FL Tobing,15.1,1.55312,98.89738
FL Tobing,7.2,1.55312,98.89738
FL Tobing,3,1.55312,98.89738
FL Tobing,45,1.55312,98.89738
FL Tobing,2.7,1.55312,98.89738
FL Tobing,0,1.55312,98.89738
FL Tobing,17.6,1.55312,98.89738
FL Tobing,0,1.55312,98.89738
FL Tobing,14.9,1.55312,98.89738
FL Tobing,0,1.55312,98.89738
FL Tobing,6.4,1.55312,98.89738
FL Tobing,7.3,1.55312,98.89738
FL Tobing,4.1,1.55312,98.89738
FL Tobing,58.9,1.55312,98.89738
FL Tobing,0,1.55312,98.89738
FL Tobing,70.7,1.55312,98.89738
FL Tobing,6.6,1.55312,98.89738
FL Tobing,26,1.55312,98.89738
FL Tobing,0,1.55312,98.89738
FL Tobing,0.5,1.55312,98.89738
FL Tobing,0,1.55312,98.89738
FL Tobing,0,1.55312,98.89738
FL Tobing,2.9,1.55312,98.89738
FL Tobing,0.6,1.55312,98.89738
FL Tobing,1,1.55312,98.89738
FL Tobing,24.2,1.55312,98.89738
FL Tobing,2.7,1.55312,98.89738
FL Tobing,98,1.55312,98.89738
FL Tobing,27.7,1.55312,98.89738
FL Tobing,12.2,1.55312,98.89738
FL Tobing,2.2,1.55312,98.89738
FL Tobing,0.4,1.55312,98.89738
FL Tobing,0.7,1.55312,98.89738
FL Tobing,4.6,1.55312,98.89738
FL Tobing,0,1.55312,98.89738
FL Tobing,35.2,1.55312,98.89738
FL Tobing,0,1.55312,98.89738
FL Tobing,0,1.55312,98.89738
FL Tobing,0,1.55312,98.89738
FL Tobing,0,1.55312,98.89738
FL Tobing,0,1.55312,98.89738
FL Tobing,15.6,1.55312,98.89738
FL Tobing,5.1,1.55312,98.89738
FL Tobing,4.5,1.55312,98.89738
FL Tobing,98.8,1.55312,98.89738
FL Tobing,2.7,1.55312,98.89738
FL Tobing,0,1.55312,98.89738
FL Tobing,0,1.55312,98.89738
FL Tobing,6.5,1.55312,98.89738
FL Tobing,33.3,1.55312,98.89738
FL Tobing,0,1.55312,98.89738
FL Tobing,6.2,1.55312,98.89738
FL Tobing,3.5,1.55312,98.89738
FL Tobing,11.7,1.55312,98.89738
FL Tobing,0,1.55312,98.89738
FL Tobing,0,1.55312,98.89738
FL Tobing,3.8,1.55312,98.89738
FL Tobing,0,1.55312,98.89738
FL Tobing,0,1.55312,98.89738
FL Tobing,0,1.55312,98.89738
FL Tobing,0,1.55312,98.89738
FL Tobing,0,1.55312,98.89738
FL Tobing,0,1.55312,98.89738
FL Tobing,0,1.55312,98.89738
FL Tobing,0,1.55312,98.89738
FL Tobing,0,1.55312,98.89738
FL Tobing,2,1.55312,98.89738
FL Tobing,3.5,1.55312,98.89738
FL Tobing,0,1.55312,98.89738
FL Tobing,1,1.55312,98.89738
FL Tobing,0,1.55312,98.89738
FL Tobing,20,1.55312,98.89738
FL Tobing,0,1.55312,98.89738
FL Tobing,0,1.55312,98.89738
FL Tobing,0.6,1.55312,98.89738
FL Tobing,0,1.55312,98.89738
FL Tobing,8.5,1.55312,98.89738
FL Tobing,0,1.55312,98.89738
FL Tobing,0,1.55312,98.89738
FL Tobing,0,1.55312,98.89738
FL Tobing,3.8,1.55312,98.89738
FL Tobing,0,1.55312,98.89738
FL Tobing,0,1.55312,98.89738
FL Tobing,29.5,1.55312,98.89738
FL Tobing,0,1.55312,98.89738
FL Tobing,6,1.55312,98.89738
FL Tobing,0,1.55312,98.89738
FL Tobing,0,1.55312,98.89738
FL Tobing,0,1.55312,98.89738
FL Tobing,0,1.55312,98.89738
FL Tobing,9.2,1.55312,98.89738
FL Tobing,0,1.55312,98.89738
FL Tobing,11,1.55312,98.89738
FL Tobing,0,1.55312,98.89738
FL Tobing,0,1.55312,98.89738
FL Tobing,0.8,1.55312,98.89738
FL Tobing,1.4,1.55312,98.89738
FL Tobing,2.2,1.55312,98.89738
FL Tobing,26,1.55312,98.89738
FL Tobing,15.6,1.55312,98.89738
FL Tobing,84.6,1.55312,98.89738
FL Tobing,33.1,1.55312,98.89738
FL Tobing,16.5,1.55312,98.89738
FL Tobing,0.5,1.55312,98.89738
FL Tobing,0,1.55312,98.89738
FL Tobing,0,1.55312,98.89738
FL Tobing,4.3,1.55312,98.89738
FL Tobing,3.5,1.55312,98.89738
FL Tobing,0,1.55312,98.89738
FL Tobing,39.2,1.55312,98.89738
FL Tobing,0,1.55312,98.89738
FL Tobing,3.2,1.55312,98.89738
FL Tobing,21.4,1.55312,98.89738
FL Tobing,0,1.55312,98.89738
FL Tobing,25.2,1.55312,98.89738
FL Tobing,1.6,1.55312,98.89738
FL Tobing,0,1.55312,98.89738
FL Tobing,45,1.55312,98.89738
FL Tobing,0,1.55312,98.89738
FL Tobing,30.5,1.55312,98.89738
FL Tobing,30,1.55312,98.89738
FL Tobing,1,1.55312,98.89738
FL Tobing,5.9,1.55312,98.89738
FL Tobing,0,1.55312,98.89738
FL Tobing,54.2,1.55312,98.89738
FL Tobing,35.6,1.55312,98.89738
FL Tobing,0,1.55312,98.89738
FL Tobing,3.2,1.55312,98.89738
FL Tobing,4.7,1.55312,98.89738
FL Tobing,33.7,1.55312,98.89738
FL Tobing,24.6,1.55312,98.89738
FL Tobing,0,1.55312,98.89738
FL Tobing,0,1.55312,98.89738
FL Tobing,0,1.55312,98.89738
FL Tobing,10.6,1.55312,98.89738
FL Tobing,95.4,1.55312,98.89738
FL Tobing,0,1.55312,98.89738
FL Tobing,0,1.55312,98.89738
FL Tobing,6.9,1.55312,98.89738
FL Tobing,28.5,1.55312,98.89738
FL Tobing,36.5,1.55312,98.89738
FL Tobing,0,1.55312,98.89738
FL Tobing,0,1.55312,98.89738
FL Tobing,18.1,1.55312,98.89738
FL Tobing,8.6,1.55312,98.89738
FL Tobing,2.4,1.55312,98.89738
FL Tobing,1.7,1.55312,98.89738
FL Tobing,3.6,1.55312,98.89738
FL Tobing,13.9,1.55312,98.89738
FL Tobing,80,1.55312,98.89738
FL Tobing,0,1.55312,98.89738
FL Tobing,11.8,1.55312,98.89738
FL Tobing,0,1.55312,98.89738
FL Tobing,0,1.55312,98.89738
FL Tobing,0.3,1.55312,98.89738
FL Tobing,0,1.55312,98.89738
FL Tobing,15.6,1.55312,98.89738
FL Tobing,0,1.55312,98.89738
FL Tobing,0,1.55312,98.89738
FL Tobing,0,1.55312,98.89738
FL Tobing,34.1,1.55312,98.89738
FL Tobing,12,1.55312,98.89738
FL Tobing,2.7,1.55312,98.89738
FL Tobing,6,1.55312,98.89738
FL Tobing,0,1.55312,98.89738
FL Tobing,0.5,1.55312,98.89738
FL Tobing,33.8,1.55312,98.89738
FL Tobing,0,1.55312,98.89738
FL Tobing,0,1.55312,98.89738
FL Tobing,8,1.55312,98.89738
FL Tobing,0,1.55312,98.89738
FL Tobing,1,1.55312,98.89738
FL Tobing,6.8,1.55312,98.89738
FL Tobing,28.6,1.55312,98.89738
FL Tobing,3.4,1.55312,98.89738
FL Tobing,37.5,1.55312,98.89738
FL Tobing,0.5,1.55312,98.89738
FL Tobing,0,1.55312,98.89738
FL Tobing,1,1.55312,98.89738
FL Tobing,1.8,1.55312,98.89738
FL Tobing,9,1.55312,98.89738
FL Tobing,0,1.55312,98.89738
FL Tobing,20.2,1.55312,98.89738
FL Tobing,2.7,1.55312,98.89738
FL Tobing,0,1.55312,98.89738
FL Tobing,0,1.55312,98.89738
FL Tobing,0,1.55312,98.89738
FL Tobing,0,1.55312,98.89738
FL Tobing,0,1.55312,98.89738
FL Tobing,0,1.55312,98.89738
FL Tobing,0,1.55312,98.89738
FL Tobing,51.5,1.55312,98.89738
FL Tobing,7.3,1.55312,98.89738
FL Tobing,0,1.55312,98.89738
FL Tobing,2.5,1.55312,98.89738
FL Tobing,0,1.55312,98.89738
FL Tobing,3,1.55312,98.89738
FL Tobing,15.5,1.55312,98.89738
FL Tobing,0,1.55312,98.89738
FL Tobing,0,1.55312,98.89738
FL Tobing,0.6,1.55312,98.89738
FL Tobing,0,1.55312,98.89738
FL Tobing,5.5,1.55312,98.89738
FL Tobing,22.5,1.55312,98.89738
FL Tobing,9.6,1.55312,98.89738
FL Tobing,52.1,1.55312,98.89738
FL Tobing,0,1.55312,98.89738
FL Tobing,40.9,1.55312,98.89738
FL Tobing,1,1.55312,98.89738
FL Tobing,0.5,1.55312,98.89738
FL Tobing,84.8,1.55312,98.89738
FL Tobing,23.5,1.55312,98.89738
FL Tobing,43.8,1.55312,98.89738
FL Tobing,1.2,1.55312,98.89738
FL Tobing,0,1.55312,98.89738
FL Tobing,66.8,1.55312,98.89738
FL Tobing,0,1.55312,98.89738
FL Tobing,22.9,1.55312,98.89738
FL Tobing,0,1.55312,98.89738
FL Tobing,0,1.55312,98.89738
FL Tobing,1,1.55312,98.89738
FL Tobing,0,1.55312,98.89738
FL Tobing,8,1.55312,98.89738
FL Tobing,13.5,1.55312,98.89738
FL Tobing,0,1.55312,98.89738
FL Tobing,0,1.55312,98.89738
FL Tobing,0,1.55312,98.89738
FL Tobing,8.5,1.55312,98.89738
FL Tobing,0,1.55312,98.89738
FL Tobing,0,1.55312,98.89738
FL Tobing,0,1.55312,98.89738
FL Tobing,0,1.55312,98.89738
FL Tobing,92,1.55312,98.89738
FL Tobing,0,1.55312,98.89738
FL Tobing,1.5,1.55312,98.89738
FL Tobing,6.7,1.55312,98.89738
FL Tobing,0,1.55312,98.89738
FL Tobing,10.5,1.55312,98.89738
FL Tobing,0,1.55312,98.89738
FL Tobing,1,1.55312,98.89738
FL Tobing,0,1.55312,98.89738
FL Tobing,17.9,1.55312,98.89738
FL Tobing,0,1.55312,98.89738
FL Tobing,0,1.55312,98.89738
FL Tobing,8.8,1.55312,98.89738
FL Tobing,29.6,1.55312,98.89738
FL Tobing,3.4,1.55312,98.89738
FL Tobing,0,1.55312,98.89738
FL Tobing,6.3,1.55312,98.89738
FL Tobing,84.7,1.55312,98.89738
FL Tobing,1.6,1.55312,98.89738
FL Tobing,0,1.55312,98.89738
FL Tobing,11.3,1.55312,98.89738
FL Tobing,4.5,1.55312,98.89738
FL Tobing,0,1.55312,98.89738
FL Tobing,1.4,1.55312,98.89738
FL Tobing,0,1.55312,98.89738
FL Tobing,5.1,1.55312,98.89738
FL Tobing,76,1.55312,98.89738
FL Tobing,1.3,1.55312,98.89738
FL Tobing,0,1.55312,98.89738
FL Tobing,31.5,1.55312,98.89738
FL Tobing,16.8,1.55312,98.89738
FL Tobing,0,1.55312,98.89738
FL Tobing,0.4,1.55312,98.89738
FL Tobing,10.6,1.55312,98.89738
FL Tobing,2.4,1.55312,98.89738
FL Tobing,1.4,1.55312,98.89738
FL Tobing,58.5,1.55312,98.89738
FL Tobing,2.4,1.55312,98.89738
FL Tobing,0,1.55312,98.89738
FL Tobing,0,1.55312,98.89738
FL Tobing,11.1,1.55312,98.89738
FL Tobing,21.6,1.55312,98.89738
FL Tobing,0.5,1.55312,98.89738
FL Tobing,0,1.55312,98.89738
FL Tobing,0,1.55312,98.89738
FL Tobing,1.1,1.55312,98.89738
FL Tobing,4.8,1.55312,98.89738
FL Tobing,0,1.55312,98.89738
FL Tobing,0,1.55312,98.89738
FL Tobing,9,1.55312,98.89738
FL Tobing,1,1.55312,98.89738
FL Tobing,22.5,1.55312,98.89738
FL Tobing,0,1.55312,98.89738
FL Tobing,0,1.55312,98.89738
FL Tobing,0,1.55312,98.89738
FL Tobing,98,1.55312,98.89738
FL Tobing,22,1.55312,98.89738
FL Tobing,0,1.55312,98.89738
FL Tobing,0,1.55312,98.89738
FL Tobing,5.3,1.55312,98.89738
FL Tobing,0,1.55312,98.89738
FL Tobing,3,1.55312,98.89738
FL Tobing,0,1.55312,98.89738
FL Tobing,4,1.55312,98.89738
FL Tobing,20.6,1.55312,98.89738
FL Tobing,26.5,1.55312,98.89738
FL Tobing,12.5,1.55312,98.89738
FL Tobing,7.4,1.55312,98.89738
FL Tobing,0,1.55312,98.89738
FL Tobing,24.1,1.55312,98.89738
FL Tobing,17.7,1.55312,98.89738
FL Tobing,14.2,1.55312,98.89738
FL Tobing,6.8,1.55312,98.89738
FL Tobing,2,1.55312,98.89738
FL Tobing,0.8,1.55312,98.89738
FL Tobing,1.8,1.55312,98.89738
FL Tobing,0,1.55312,98.89738
FL Tobing,0,1.55312,98.89738
FL Tobing,0,1.55312,98.89738
FL Tobing,7.8,1.55312,98.89738
FL Tobing,4.4,1.55312,98.89738
FL Tobing,0,1.55312,98.89738
FL Tobing,90.8,1.55312,98.89738
FL Tobing,0,1.55312,98.89738
FL Tobing,0,1.55312,98.89738
FL Tobing,0,1.55312,98.89738
FL Tobing,33.3,1.55312,98.89738
FL Tobing,0,1.55312,98.89738
FL Tobing,8,1.55312,98.89738
FL Tobing,0,1.55312,98.89738
FL Tobing,0,1.55312,98.89738
FL Tobing,0,1.55312,98.89738
FL Tobing,1,1.55312,98.89738
FL Tobing,0,1.55312,98.89738
FL Tobing,12.1,1.55312,98.89738
FL Tobing,0,1.55312,98.89738
FL Tobing,0,1.55312,98.89738
FL Tobing,0,1.55312,98.89738
FL Tobing,0,1.55312,98.89738
FL Tobing,2.2,1.55312,98.89738
FL Tobing,8.4,1.55312,98.89738
FL Tobing,4.6,1.55312,98.89738
FL Tobing,9.2,1.55312,98.89738
FL Tobing,0,1.55312,98.89738
FL Tobing,0,1.55312,98.89738
FL Tobing,0,1.55312,98.89738
FL Tobing,10.7,1.55312,98.89738
FL Tobing,0,1.55312,98.89738
FL Tobing,0,1.55312,98.89738
FL Tobing,7.7,1.55312,98.89738
FL Tobing,17.1,1.55312,98.89738
FL Tobing,0,1.55312,98.89738
FL Tobing,3.8,1.55312,98.89738
FL Tobing,9.5,1.55312,98.89738
FL Tobing,69.1,1.55312,98.89738
FL Tobing,0,1.55312,98.89738
FL Tobing,1.2,1.55312,98.89738
FL Tobing,9.2,1.55312,98.89738
FL Tobing,15.1,1.55312,98.89738
FL Tobing,18,1.55312,98.89738
FL Tobing,23,1.55312,98.89738
FL Tobing,0,1.55312,98.89738
FL Tobing,0,1.55312,98.89738
FL Tobing,0,1.55312,98.89738
FL Tobing,0.4,1.55312,98.89738
FL Tobing,15.8,1.55312,98.89738
FL Tobing,5.5,1.55312,98.89738
FL Tobing,16.1,1.55312,98.89738
FL Tobing,10.7,1.55312,98.89738
FL Tobing,2,1.55312,98.89738
FL Tobing,4.2,1.55312,98.89738
FL Tobing,0,1.55312,98.89738
FL Tobing,26.5,1.55312,98.89738
FL Tobing,2.2,1.55312,98.89738
FL Tobing,1,1.55312,98.89738
FL Tobing,1,1.55312,98.89738
FL Tobing,27.5,1.55312,98.89738
FL Tobing,24.2,1.55312,98.89738
FL Tobing,100.9,1.55312,98.89738
FL Tobing,26.5,1.55312,98.89738
FL Tobing,0,1.55312,98.89738
FL Tobing,0,1.55312,98.89738
FL Tobing,0,1.55312,98.89738
FL Tobing,36.5,1.55312,98.89738
FL Tobing,0,1.55312,98.89738
FL Tobing,141.3,1.55312,98.89738
FL Tobing,69.9,1.55312,98.89738
FL Tobing,3.5,1.55312,98.89738
FL Tobing,0,1.55312,98.89738
FL Tobing,57.5,1.55312,98.89738
FL Tobing,2.9,1.55312,98.89738
FL Tobing,0,1.55312,98.89738
FL Tobing,8.7,1.55312,98.89738
FL Tobing,0,1.55312,98.89738
FL Tobing,5.4,1.55312,98.89738
FL Tobing,51.6,1.55312,98.89738
FL Tobing,0.6,1.55312,98.89738
FL Tobing,43.5,1.55312,98.89738
FL Tobing,7.3,1.55312,98.89738
FL Tobing,1,1.55312,98.89738
FL Tobing,33.9,1.55312,98.89738
FL Tobing,0,1.55312,98.89738
FL Tobing,0,1.55312,98.89738
FL Tobing,12,1.55312,98.89738
FL Tobing,6,1.55312,98.89738
FL Tobing,34.2,1.55312,98.89738
FL Tobing,0,1.55312,98.89738
FL Tobing,4.2,1.55312,98.89738
FL Tobing,13,1.55312,98.89738
FL Tobing,0,1.55312,98.89738
FL Tobing,22.2,1.55312,98.89738
FL Tobing,0,1.55312,98.89738
FL Tobing,0,1.55312,98.89738
FL Tobing,0,1.55312,98.89738
FL Tobing,0,1.55312,98.89738
FL Tobing,1,1.55312,98.89738
FL Tobing,2.3,1.55312,98.89738
FL Tobing,3,1.55312,98.89738
FL Tobing,2,1.55312,98.89738
FL Tobing,98.4,1.55312,98.89738
FL Tobing,0,1.55312,98.89738
FL Tobing,0,1.55312,98.89738
FL Tobing,17.3,1.55312,98.89738
FL Tobing,0,1.55312,98.89738
FL Tobing,28.8,1.55312,98.89738
FL Tobing,0,1.55312,98.89738
FL Tobing,0,1.55312,98.89738
FL Tobing,0,1.55312,98.89738
FL Tobing,36.5,1.55312,98.89738
FL Tobing,0,1.55312,98.89738
FL Tobing,0.5,1.55312,98.89738
FL Tobing,24.1,1.55312,98.89738
FL Tobing,0,1.55312,98.89738
FL Tobing,9.1,1.55312,98.89738
FL Tobing,0,1.55312,98.89738
FL Tobing,2.6,1.55312,98.89738
FL Tobing,0,1.55312,98.89738
FL Tobing,18.5,1.55312,98.89738
FL Tobing,0,1.55312,98.89738
FL Tobing,2.5,1.55312,98.89738
FL Tobing,7.5,1.55312,98.89738
FL Tobing,0,1.55312,98.89738
FL Tobing,0,1.55312,98.89738
FL Tobing,49.6,1.55312,98.89738
FL Tobing,0,1.55312,98.89738
FL Tobing,5.9,1.55312,98.89738
FL Tobing,0,1.55312,98.89738
FL Tobing,1,1.55312,98.89738
FL Tobing,2.1,1.55312,98.89738
FL Tobing,15.3,1.55312,98.89738
FL Tobing,0.7,1.55312,98.89738
FL Tobing,0,1.55312,98.89738
FL Tobing,6,1.55312,98.89738
FL Tobing,9.4,1.55312,98.89738
FL Tobing,0,1.55312,98.89738
FL Tobing,1.2,1.55312,98.89738
FL Tobing,0,1.55312,98.89738
FL Tobing,0,1.55312,98.89738
FL Tobing,0,1.55312,98.89738
FL Tobing,0,1.55312,98.89738
FL Tobing,0,1.55312,98.89738
FL Tobing,0,1.55312,98.89738
FL Tobing,25.5,1.55312,98.89738
FL Tobing,1,1.55312,98.89738
FL Tobing,1.2,1.55312,98.89738
FL Tobing,7.9,1.55312,98.89738
FL Tobing,1,1.55312,98.89738
FL Tobing,15,1.55312,98.89738
FL Tobing,0,1.55312,98.89738
FL Tobing,13.6,1.55312,98.89738
FL Tobing,0,1.55312,98.89738
FL Tobing,2.4,1.55312,98.89738
FL Tobing,0,1.55312,98.89738
FL Tobing,0,1.55312,98.89738
FL Tobing,5,1.55312,98.89738
FL Tobing,8.4,1.55312,98.89738
FL Tobing,2.1,1.55312,98.89738
FL Tobing,8,1.55312,98.89738
FL Tobing,0,1.55312,98.89738
FL Tobing,0,1.55312,98.89738
FL Tobing,0,1.55312,98.89738
FL Tobing,0,1.55312,98.89738
FL Tobing,17.7,1.55312,98.89738
FL Tobing,32.3,1.55312,98.89738
FL Tobing,0,1.55312,98.89738
FL Tobing,0,1.55312,98.89738
FL Tobing,123.4,1.55312,98.89738
FL Tobing,1,1.55312,98.89738
FL Tobing,75.9,1.55312,98.89738
FL Tobing,1.4,1.55312,98.89738
FL Tobing,0,1.55312,98.89738
FL Tobing,26.4,1.55312,98.89738
FL Tobing,0.8,1.55312,98.89738
FL Tobing,1.6,1.55312,98.89738
FL Tobing,20.5,1.55312,98.89738
FL Tobing,0,1.55312,98.89738
FL Tobing,12.9,1.55312,98.89738
FL Tobing,0,1.55312,98.89738
FL Tobing,38.3,1.55312,98.89738
FL Tobing,0,1.55312,98.89738
FL Tobing,0,1.55312,98.89738
FL Tobing,6,1.55312,98.89738
FL Tobing,0,1.55312,98.89738
FL Tobing,0,1.55312,98.89738
FL Tobing,1.5,1.55312,98.89738
FL Tobing,0,1.55312,98.89738
FL Tobing,0,1.55312,98.89738
FL Tobing,0,1.55312,98.89738
FL Tobing,0,1.55312,98.89738
FL Tobing,68.9,1.55312,98.89738
FL Tobing,2,1.55312,98.89738
FL Tobing,0,1.55312,98.89738
FL Tobing,32.2,1.55312,98.89738
FL Tobing,0,1.55312,98.89738
FL Tobing,0,1.55312,98.89738
FL Tobing,14.3,1.55312,98.89738
FL Tobing,0,1.55312,98.89738
FL Tobing,8.2,1.55312,98.89738
FL Tobing,8,1.55312,98.89738
FL Tobing,1.8,1.55312,98.89738
FL Tobing,0.6,1.55312,98.89738
FL Tobing,0,1.55312,98.89738
FL Tobing,38.7,1.55312,98.89738
FL Tobing,8.6,1.55312,98.89738
FL Tobing,0,1.55312,98.89738
FL Tobing,0.2,1.55312,98.89738
FL Tobing,62.8,1.55312,98.89738
FL Tobing,17.1,1.55312,98.89738
FL Tobing,10.2,1.55312,98.89738
FL Tobing,0,1.55312,98.89738
FL Tobing,0,1.55312,98.89738
FL Tobing,18,1.55312,98.89738
FL Tobing,21.9,1.55312,98.89738
FL Tobing,0,1.55312,98.89738
FL Tobing,0,1.55312,98.89738
FL Tobing,0,1.55312,98.89738
FL Tobing,0,1.55312,98.89738
FL Tobing,8,1.55312,98.89738
FL Tobing,0,1.55312,98.89738
FL Tobing,22.6,1.55312,98.89738
FL Tobing,4.6,1.55312,98.89738
FL Tobing,20,1.55312,98.89738
FL Tobing,0,1.55312,98.89738
FL Tobing,0,1.55312,98.89738
FL Tobing,0,1.55312,98.89738
FL Tobing,0,1.55312,98.89738
FL Tobing,77.5,1.55312,98.89738
FL Tobing,9.4,1.55312,98.89738
FL Tobing,22.6,1.55312,98.89738
FL Tobing,0,1.55312,98.89738
FL Tobing,49.7,1.55312,98.89738
FL Tobing,0,1.55312,98.89738
FL Tobing,2,1.55312,98.89738
FL Tobing,0,1.55312,98.89738
FL Tobing,0.6,1.55312,98.89738
FL Tobing,12.4,1.55312,98.89738
FL Tobing,8.6,1.55312,98.89738
FL Tobing,2.3,1.55312,98.89738
FL Tobing,0,1.55312,98.89738
FL Tobing,0,1.55312,98.89738
FL Tobing,0,1.55312,98.89738
FL Tobing,0,1.55312,98.89738
FL Tobing,2,1.55312,98.89738
FL Tobing,0,1.55312,98.89738
FL Tobing,34.3,1.55312,98.89738
FL Tobing,0,1.55312,98.89738
FL Tobing,17.3,1.55312,98.89738
FL Tobing,33.5,1.55312,98.89738
FL Tobing,0,1.55312,98.89738
FL Tobing,1.8,1.55312,98.89738
FL Tobing,204.9,1.55312,98.89738
FL Tobing,55.8,1.55312,98.89738
FL Tobing,6.2,1.55312,98.89738
FL Tobing,16,1.55312,98.89738
FL Tobing,0,1.55312,98.89738
FL Tobing,0,1.55312,98.89738
FL Tobing,2.2,1.55312,98.89738
FL Tobing,75.3,1.55312,98.89738
FL Tobing,14.3,1.55312,98.89738
FL Tobing,3,1.55312,98.89738
FL Tobing,10.1,1.55312,98.89738
FL Tobing,9.5,1.55312,98.89738
FL Tobing,2,1.55312,98.89738
FL Tobing,96.7,1.55312,98.89738
FL Tobing,3.5,1.55312,98.89738
FL Tobing,1,1.55312,98.89738
FL Tobing,1,1.55312,98.89738
FL Tobing,40,1.55312,98.89738
FL Tobing,0,1.55312,98.89738
FL Tobing,16.8,1.55312,98.89738
FL Tobing,0,1.55312,98.89738
FL Tobing,0,1.55312,98.89738
FL Tobing,10.6,1.55312,98.89738
FL Tobing,11.1,1.55312,98.89738
FL Tobing,0,1.55312,98.89738
FL Tobing,0,1.55312,98.89738
FL Tobing,0,1.55312,98.89738
FL Tobing,92.5,1.55312,98.89738
FL Tobing,0,1.55312,98.89738
FL Tobing,0,1.55312,98.89738
FL Tobing,0,1.55312,98.89738
FL Tobing,0,1.55312,98.89738
FL Tobing,0,1.55312,98.89738
FL Tobing,43.2,1.55312,98.89738
FL Tobing,0,1.55312,98.89738
FL Tobing,18,1.55312,98.89738
FL Tobing,8.9,1.55312,98.89738
FL Tobing,0,1.55312,98.89738
FL Tobing,8.4,1.55312,98.89738
FL Tobing,0,1.55312,98.89738
FL Tobing,73.2,1.55312,98.89738
FL Tobing,17.1,1.55312,98.89738
FL Tobing,6.3,1.55312,98.89738
FL Tobing,1,1.55312,98.89738
FL Tobing,0,1.55312,98.89738
FL Tobing,0,1.55312,98.89738
FL Tobing,0,1.55312,98.89738
FL Tobing,0,1.55312,98.89738
FL Tobing,8.7,1.55312,98.89738
FL Tobing,1,1.55312,98.89738
FL Tobing,0,1.55312,98.89738
FL Tobing,22.1,1.55312,98.89738
FL Tobing,0,1.55312,98.89738
FL Tobing,0,1.55312,98.89738
FL Tobing,7.3,1.55312,98.89738
FL Tobing,87.8,1.55312,98.89738
FL Tobing,26.7,1.55312,98.89738
FL Tobing,0,1.55312,98.89738
FL Tobing,1.6,1.55312,98.89738
FL Tobing,5.6,1.55312,98.89738
FL Tobing,0.5,1.55312,98.89738
FL Tobing,0,1.55312,98.89738
FL Tobing,16,1.55312,98.89738
FL Tobing,82.5,1.55312,98.89738
FL Tobing,0,1.55312,98.89738
FL Tobing,0,1.55312,98.89738
FL Tobing,4.8,1.55312,98.89738
FL Tobing,0,1.55312,98.89738
FL Tobing,0,1.55312,98.89738
FL Tobing,0,1.55312,98.89738
FL Tobing,17.9,1.55312,98.89738
FL Tobing,0,1.55312,98.89738
FL Tobing,24.8,1.55312,98.89738
FL Tobing,0,1.55312,98.89738
FL Tobing,17,1.55312,98.89738
FL Tobing,4.7,1.55312,98.89738
FL Tobing,20,1.55312,98.89738
FL Tobing,44.6,1.55312,98.89738
FL Tobing,19.9,1.55312,98.89738
FL Tobing,0,1.55312,98.89738
FL Tobing,11.9,1.55312,98.89738
FL Tobing,3.4,1.55312,98.89738
FL Tobing,1.5,1.55312,98.89738
FL Tobing,0.8,1.55312,98.89738
FL Tobing,33.7,1.55312,98.89738
FL Tobing,81.6,1.55312,98.89738
FL Tobing,42.4,1.55312,98.89738
FL Tobing,0,1.55312,98.89738
FL Tobing,0,1.55312,98.89738
FL Tobing,4,1.55312,98.89738
FL Tobing,0,1.55312,98.89738
FL Tobing,3,1.55312,98.89738
FL Tobing,1.5,1.55312,98.89738
FL Tobing,8,1.55312,98.89738
FL Tobing,0,1.55312,98.89738
FL Tobing,0,1.55312,98.89738
FL Tobing,0,1.55312,98.89738
FL Tobing,0,1.55312,98.89738
FL Tobing,0,1.55312,98.89738
FL Tobing,0,1.55312,98.89738
FL Tobing,0,1.55312,98.89738
FL Tobing,13.1,1.55312,98.89738
FL Tobing,48.5,1.55312,98.89738
FL Tobing,125.5,1.55312,98.89738
FL Tobing,2.5,1.55312,98.89738
FL Tobing,0.6,1.55312,98.89738
FL Tobing,9.8,1.55312,98.89738
FL Tobing,0,1.55312,98.89738
FL Tobing,0,1.55312,98.89738
FL Tobing,0,1.55312,98.89738
FL Tobing,87,1.55312,98.89738
FL Tobing,19.6,1.55312,98.89738
FL Tobing,3.5,1.55312,98.89738
FL Tobing,5.7,1.55312,98.89738
FL Tobing,0,1.55312,98.89738
FL Tobing,3.1,1.55312,98.89738
FL Tobing,8,1.55312,98.89738
FL Tobing,0,1.55312,98.89738
FL Tobing,41.2,1.55312,98.89738
FL Tobing,0,1.55312,98.89738
FL Tobing,5.6,1.55312,98.89738
FL Tobing,67.8,1.55312,98.89738
FL Tobing,0.7,1.55312,98.89738
FL Tobing,43.8,1.55312,98.89738
FL Tobing,141.3,1.55312,98.89738
FL Tobing,5.3,1.55312,98.89738
FL Tobing,25.3,1.55312,98.89738
FL Tobing,8.4,1.55312,98.89738
FL Tobing,0,1.55312,98.89738
FL Tobing,43.4,1.55312,98.89738
FL Tobing,6.8,1.55312,98.89738
FL Tobing,1,1.55312,98.89738
FL Tobing,18.5,1.55312,98.89738
FL Tobing,15.4,1.55312,98.89738
FL Tobing,36.7,1.55312,98.89738
FL Tobing,5.6,1.55312,98.89738
FL Tobing,3.5,1.55312,98.89738
FL Tobing,33.1,1.55312,98.89738
FL Tobing,0,1.55312,98.89738
FL Tobing,3,1.55312,98.89738
FL Tobing,0,1.55312,98.89738
FL Tobing,0,1.55312,98.89738
FL Tobing,0,1.55312,98.89738
FL Tobing,55,1.55312,98.89738
FL Tobing,46.4,1.55312,98.89738
FL Tobing,8.7,1.55312,98.89738
FL Tobing,13.2,1.55312,98.89738
FL Tobing,23.6,1.55312,98.89738
FL Tobing,2,1.55312,98.89738
FL Tobing,2,1.55312,98.89738
FL Tobing,21.8,1.55312,98.89738
FL Tobing,21.1,1.55312,98.89738
FL Tobing,28.5,1.55312,98.89738
FL Tobing,0,1.55312,98.89738
FL Tobing,0,1.55312,98.89738
FL Tobing,20.7,1.55312,98.89738
FL Tobing,20.4,1.55312,98.89738
FL Tobing,0,1.55312,98.89738
FL Tobing,7.2,1.55312,98.89738
FL Tobing,37.1,1.55312,98.89738
FL Tobing,30.8,1.55312,98.89738
FL Tobing,12,1.55312,98.89738
FL Tobing,12.8,1.55312,98.89738
FL Tobing,15.4,1.55312,98.89738
FL Tobing,62.5,1.55312,98.89738
FL Tobing,23.5,1.55312,98.89738
FL Tobing,0,1.55312,98.89738
FL Tobing,4,1.55312,98.89738
FL Tobing,27.5,1.55312,98.89738
FL Tobing,34,1.55312,98.89738
FL Tobing,32.3,1.55312,98.89738
FL Tobing,15.3,1.55312,98.89738
FL Tobing,20.5,1.55312,98.89738
FL Tobing,17,1.55312,98.89738
FL Tobing,0,1.55312,98.89738
FL Tobing,4.5,1.55312,98.89738
FL Tobing,77.7,1.55312,98.89738
FL Tobing,12.9,1.55312,98.89738
FL Tobing,32.2,1.55312,98.89738
FL Tobing,1.6,1.55312,98.89738
FL Tobing,13.1,1.55312,98.89738
FL Tobing,0,1.55312,98.89738
FL Tobing,4.5,1.55312,98.89738
FL Tobing,82.8,1.55312,98.89738
FL Tobing,74.9,1.55312,98.89738
FL Tobing,10.4,1.55312,98.89738
FL Tobing,0,1.55312,98.89738
FL Tobing,1,1.55312,98.89738
FL Tobing,19.7,1.55312,98.89738
FL Tobing,3.5,1.55312,98.89738
FL Tobing,0,1.55312,98.89738
FL Tobing,0,1.55312,98.89738
FL Tobing,20,1.55312,98.89738
FL Tobing,4.5,1.55312,98.89738
FL Tobing,40.2,1.55312,98.89738
FL Tobing,3,1.55312,98.89738
FL Tobing,0,1.55312,98.89738
FL Tobing,32.9,1.55312,98.89738
FL Tobing,1.5,1.55312,98.89738
FL Tobing,0,1.55312,98.89738
FL Tobing,13,1.55312,98.89738
FL Tobing,5.2,1.55312,98.89738
FL Tobing,70.7,1.55312,98.89738
FL Tobing,0,1.55312,98.89738
FL Tobing,17.2,1.55312,98.89738
FL Tobing,1,1.55312,98.89738
FL Tobing,0,1.55312,98.89738
FL Tobing,0,1.55312,98.89738
FL Tobing,1,1.55312,98.89738
FL Tobing,1,1.55312,98.89738
FL Tobing,0,1.55312,98.89738
FL Tobing,0,1.55312,98.89738
FL Tobing,49.9,1.55312,98.89738
FL Tobing,0,1.55312,98.89738
FL Tobing,0,1.55312,98.89738
FL Tobing,43.5,1.55312,98.89738
FL Tobing,17.5,1.55312,98.89738
FL Tobing,5,1.55312,98.89738
FL Tobing,0,1.55312,98.89738
FL Tobing,7.1,1.55312,98.89738
FL Tobing,10.5,1.55312,98.89738
FL Tobing,29.9,1.55312,98.89738
FL Tobing,8.8,1.55312,98.89738
FL Tobing,76.3,1.55312,98.89738
FL Tobing,0,1.55312,98.89738
FL Tobing,25.9,1.55312,98.89738
FL Tobing,4,1.55312,98.89738
FL Tobing,0,1.55312,98.89738
FL Tobing,0,1.55312,98.89738
FL Tobing,3,1.55312,98.89738
FL Tobing,0,1.55312,98.89738
FL Tobing,0,1.55312,98.89738
FL Tobing,0,1.55312,98.89738
FL Tobing,0,1.55312,98.89738
FL Tobing,1.2,1.55312,98.89738
FL Tobing,6,1.55312,98.89738
FL Tobing,15,1.55312,98.89738
FL Tobing,0,1.55312,98.89738
FL Tobing,0.2,1.55312,98.89738
FL Tobing,0,1.55312,98.89738
FL Tobing,0,1.55312,98.89738
FL Tobing,6.6,1.55312,98.89738
FL Tobing,0,1.55312,98.89738
FL Tobing,0,1.55312,98.89738
FL Tobing,6,1.55312,98.89738
FL Tobing,8.4,1.55312,98.89738
FL Tobing,0,1.55312,98.89738
FL Tobing,0,1.55312,98.89738
FL Tobing,11.1,1.55312,98.89738
FL Tobing,0,1.55312,98.89738
FL Tobing,0,1.55312,98.89738
FL Tobing,0,1.55312,98.89738
FL Tobing,0,1.55312,98.89738
FL Tobing,0,1.55312,98.89738
FL Tobing,0,1.55312,98.89738
FL Tobing,0,1.55312,98.89738
FL Tobing,0.7,1.55312,98.89738
FL Tobing,0,1.55312,98.89738
FL Tobing,1.6,1.55312,98.89738
FL Tobing,1,1.55312,98.89738
FL Tobing,34.1,1.55312,98.89738
FL Tobing,78.5,1.55312,98.89738
FL Tobing,0,1.55312,98.89738
FL Tobing,2.2,1.55312,98.89738
FL Tobing,6.6,1.55312,98.89738
FL Tobing,6.7,1.55312,98.89738
FL Tobing,1.5,1.55312,98.89738
FL Tobing,2,1.55312,98.89738
FL Tobing,0,1.55312,98.89738
FL Tobing,39.8,1.55312,98.89738
FL Tobing,0,1.55312,98.89738
FL Tobing,10.5,1.55312,98.89738
FL Tobing,12,1.55312,98.89738
FL Tobing,11.2,1.55312,98.89738
FL Tobing,0,1.55312,98.89738
FL Tobing,9.8,1.55312,98.89738
FL Tobing,5,1.55312,98.89738
FL Tobing,5.6,1.55312,98.89738
FL Tobing,22.6,1.55312,98.89738
FL Tobing,57.7,1.55312,98.89738
FL Tobing,2.3,1.55312,98.89738
FL Tobing,3.6,1.55312,98.89738
FL Tobing,47.6,1.55312,98.89738
FL Tobing,6.6,1.55312,98.89738
FL Tobing,4,1.55312,98.89738
FL Tobing,72,1.55312,98.89738
FL Tobing,0,1.55312,98.89738
FL Tobing,0,1.55312,98.89738
FL Tobing,0,1.55312,98.89738
FL Tobing,43.2,1.55312,98.89738
FL Tobing,0,1.55312,98.89738
FL Tobing,20.5,1.55312,98.89738
FL Tobing,44.3,1.55312,98.89738
FL Tobing,1,1.55312,98.89738
FL Tobing,2,1.55312,98.89738
FL Tobing,1.7,1.55312,98.89738
FL Tobing,43.8,1.55312,98.89738
FL Tobing,0,1.55312,98.89738
FL Tobing,13,1.55312,98.89738
FL Tobing,0,1.55312,98.89738
FL Tobing,86.5,1.55312,98.89738
FL Tobing,21.1,1.55312,98.89738
FL Tobing,4.4,1.55312,98.89738
FL Tobing,8.5,1.55312,98.89738
FL Tobing,8.5,1.55312,98.89738
FL Tobing,0,1.55312,98.89738
FL Tobing,3.8,1.55312,98.89738
FL Tobing,0.4,1.55312,98.89738
FL Tobing,1,1.55312,98.89738
FL Tobing,0,1.55312,98.89738
FL Tobing,44.5,1.55312,98.89738
FL Tobing,0,1.55312,98.89738
FL Tobing,42.6,1.55312,98.89738
FL Tobing,2.9,1.55312,98.89738
FL Tobing,1.2,1.55312,98.89738
FL Tobing,0,1.55312,98.89738
FL Tobing,19,1.55312,98.89738
FL Tobing,0,1.55312,98.89738
FL Tobing,0,1.55312,98.89738
FL Tobing,11,1.55312,98.89738
FL Tobing,0.6,1.55312,98.89738
FL Tobing,14.3,1.55312,98.89738
FL Tobing,2.5,1.55312,98.89738
FL Tobing,6.5,1.55312,98.89738
FL Tobing,10.5,1.55312,98.89738
FL Tobing,20.5,1.55312,98.89738
FL Tobing,0,1.55312,98.89738
FL Tobing,0.5,1.55312,98.89738
FL Tobing,0.7,1.55312,98.89738
FL Tobing,57.6,1.55312,98.89738
FL Tobing,0,1.55312,98.89738
FL Tobing,0,1.55312,98.89738
FL Tobing,0,1.55312,98.89738
FL Tobing,0,1.55312,98.89738
FL Tobing,0,1.55312,98.89738
FL Tobing,9,1.55312,98.89738
FL Tobing,56.5,1.55312,98.89738
FL Tobing,62.4,1.55312,98.89738
FL Tobing,37,1.55312,98.89738
FL Tobing,0,1.55312,98.89738
FL Tobing,2,1.55312,98.89738
FL Tobing,9,1.55312,98.89738
FL Tobing,0,1.55312,98.89738
FL Tobing,0.5,1.55312,98.89738
FL Tobing,1.5,1.55312,98.89738
FL Tobing,0,1.55312,98.89738
FL Tobing,1.5,1.55312,98.89738
FL Tobing,4.4,1.55312,98.89738
FL Tobing,1,1.55312,98.89738
FL Tobing,0,1.55312,98.89738
FL Tobing,0.5,1.55312,98.89738
FL Tobing,8.6,1.55312,98.89738
FL Tobing,0,1.55312,98.89738
FL Tobing,26.5,1.55312,98.89738
FL Tobing,1,1.55312,98.89738
FL Tobing,0,1.55312,98.89738
FL Tobing,0.4,1.55312,98.89738
FL Tobing,11.6,1.55312,98.89738
FL Tobing,7.7,1.55312,98.89738
FL Tobing,0,1.55312,98.89738
FL Tobing,0,1.55312,98.89738
FL Tobing,0,1.55312,98.89738
FL Tobing,0,1.55312,98.89738
FL Tobing,0.5,1.55312,98.89738
FL Tobing,1.4,1.55312,98.89738
FL Tobing,0,1.55312,98.89738
FL Tobing,4.5,1.55312,98.89738
FL Tobing,0,1.55312,98.89738
FL Tobing,0,1.55312,98.89738
FL Tobing,1.1,1.55312,98.89738
FL Tobing,0,1.55312,98.89738
FL Tobing,0,1.55312,98.89738
FL Tobing,10.2,1.55312,98.89738
FL Tobing,0,1.55312,98.89738
FL Tobing,20.1,1.55312,98.89738
FL Tobing,0,1.55312,98.89738
FL Tobing,0,1.55312,98.89738
FL Tobing,0,1.55312,98.89738
FL Tobing,12.4,1.55312,98.89738
FL Tobing,0,1.55312,98.89738
FL Tobing,0.3,1.55312,98.89738
FL Tobing,1.9,1.55312,98.89738
FL Tobing,0,1.55312,98.89738
FL Tobing,2,1.55312,98.89738
FL Tobing,0,1.55312,98.89738
FL Tobing,0,1.55312,98.89738
FL Tobing,0,1.55312,98.89738
FL Tobing,0,1.55312,98.89738
FL Tobing,0,1.55312,98.89738
FL Tobing,150.1,1.55312,98.89738
FL Tobing,0.3,1.55312,98.89738
FL Tobing,13,1.55312,98.89738
FL Tobing,0,1.55312,98.89738
FL Tobing,6.9,1.55312,98.89738
FL Tobing,0,1.55312,98.89738
FL Tobing,0,1.55312,98.89738
FL Tobing,68.8,1.55312,98.89738
FL Tobing,29,1.55312,98.89738
FL Tobing,0,1.55312,98.89738
FL Tobing,0,1.55312,98.89738
FL Tobing,5.9,1.55312,98.89738
FL Tobing,0,1.55312,98.89738
FL Tobing,27.8,1.55312,98.89738
FL Tobing,1.5,1.55312,98.89738
FL Tobing,3.5,1.55312,98.89738
FL Tobing,71,1.55312,98.89738
FL Tobing,15.3,1.55312,98.89738
FL Tobing,2.5,1.55312,98.89738
FL Tobing,0.5,1.55312,98.89738
FL Tobing,0,1.55312,98.89738
FL Tobing,38.7,1.55312,98.89738
FL Tobing,0,1.55312,98.89738
FL Tobing,5.3,1.55312,98.89738
FL Tobing,17.4,1.55312,98.89738
FL Tobing,0,1.55312,98.89738
FL Tobing,21.7,1.55312,98.89738
FL Tobing,1,1.55312,98.89738
FL Tobing,0,1.55312,98.89738
FL Tobing,10.4,1.55312,98.89738
FL Tobing,0,1.55312,98.89738
FL Tobing,5,1.55312,98.89738
FL Tobing,0,1.55312,98.89738
FL Tobing,1.5,1.55312,98.89738
FL Tobing,1.1,1.55312,98.89738
FL Tobing,20.6,1.55312,98.89738
FL Tobing,3.9,1.55312,98.89738
FL Tobing,51.6,1.55312,98.89738
FL Tobing,23.8,1.55312,98.89738
FL Tobing,0,1.55312,98.89738
FL Tobing,22,1.55312,98.89738
FL Tobing,0.6,1.55312,98.89738
FL Tobing,19,1.55312,98.89738
FL Tobing,0,1.55312,98.89738
FL Tobing,0.3,1.55312,98.89738
FL Tobing,0,1.55312,98.89738
FL Tobing,57.7,1.55312,98.89738
FL Tobing,48.7,1.55312,98.89738
FL Tobing,0,1.55312,98.89738
FL Tobing,113.6,1.55312,98.89738
FL Tobing,0,1.55312,98.89738
FL Tobing,1.6,1.55312,98.89738
FL Tobing,15,1.55312,98.89738
FL Tobing,5.4,1.55312,98.89738
FL Tobing,0,1.55312,98.89738
FL Tobing,22.6,1.55312,98.89738
FL Tobing,26,1.55312,98.89738
FL Tobing,2.8,1.55312,98.89738
FL Tobing,10.2,1.55312,98.89738
FL Tobing,53.8,1.55312,98.89738
FL Tobing,16.6,1.55312,98.89738
FL Tobing,16.7,1.55312,98.89738
FL Tobing,5.5,1.55312,98.89738
FL Tobing,11.8,1.55312,98.89738
FL Tobing,0,1.55312,98.89738
FL Tobing,0,1.55312,98.89738
FL Tobing,87,1.55312,98.89738
FL Tobing,2.6,1.55312,98.89738
FL Tobing,5,1.55312,98.89738
FL Tobing,19.7,1.55312,98.89738
FL Tobing,88.5,1.55312,98.89738
FL Tobing,4,1.55312,98.89738
FL Tobing,3.6,1.55312,98.89738
FL Tobing,0,1.55312,98.89738
FL Tobing,21.5,1.55312,98.89738
FL Tobing,0,1.55312,98.89738
FL Tobing,0,1.55312,98.89738
FL Tobing,0,1.55312,98.89738
FL Tobing,3.5,1.55312,98.89738
FL Tobing,0,1.55312,98.89738
FL Tobing,0,1.55312,98.89738
FL Tobing,23.2,1.55312,98.89738
FL Tobing,0,1.55312,98.89738
FL Tobing,0,1.55312,98.89738
FL Tobing,0.5,1.55312,98.89738
FL Tobing,0.5,1.55312,98.89738
FL Tobing,14.1,1.55312,98.89738
FL Tobing,2,1.55312,98.89738
FL Tobing,122.6,1.55312,98.89738
FL Tobing,0,1.55312,98.89738
FL Tobing,0,1.55312,98.89738
FL Tobing,20,1.55312,98.89738
FL Tobing,50.9,1.55312,98.89738
FL Tobing,2.3,1.55312,98.89738
FL Tobing,0,1.55312,98.89738
FL Tobing,1.8,1.55312,98.89738
FL Tobing,25.5,1.55312,98.89738
FL Tobing,6.4,1.55312,98.89738
FL Tobing,0.6,1.55312,98.89738
FL Tobing,0,1.55312,98.89738
FL Tobing,2.5,1.55312,98.89738
FL Tobing,1.3,1.55312,98.89738
FL Tobing,1,1.55312,98.89738
FL Tobing,8,1.55312,98.89738
FL Tobing,1,1.55312,98.89738
FL Tobing,0,1.55312,98.89738
FL Tobing,0,1.55312,98.89738
FL Tobing,0,1.55312,98.89738
FL Tobing,37.4,1.55312,98.89738
FL Tobing,15,1.55312,98.89738
FL Tobing,0,1.55312,98.89738
FL Tobing,23.2,1.55312,98.89738
FL Tobing,0,1.55312,98.89738
FL Tobing,0.5,1.55312,98.89738
FL Tobing,0,1.55312,98.89738
FL Tobing,61.4,1.55312,98.89738
FL Tobing,1.5,1.55312,98.89738
FL Tobing,1.5,1.55312,98.89738
FL Tobing,32.8,1.55312,98.89738
FL Tobing,0.5,1.55312,98.89738
FL Tobing,1,1.55312,98.89738
FL Tobing,35.9,1.55312,98.89738
FL Tobing,148.5,1.55312,98.89738
FL Tobing,0,1.55312,98.89738
FL Tobing,43.6,1.55312,98.89738
FL Tobing,2,1.55312,98.89738
FL Tobing,0.8,1.55312,98.89738
FL Tobing,0,1.55312,98.89738
FL Tobing,4.8,1.55312,98.89738
FL Tobing,0,1.55312,98.89738
FL Tobing,32.1,1.55312,98.89738
FL Tobing,0,1.55312,98.89738
FL Tobing,8.7,1.55312,98.89738
FL Tobing,0,1.55312,98.89738
FL Tobing,49.5,1.55312,98.89738
FL Tobing,50.1,1.55312,98.89738
FL Tobing,63.1,1.55312,98.89738
FL Tobing,0.5,1.55312,98.89738
FL Tobing,50.9,1.55312,98.89738
FL Tobing,1.8,1.55312,98.89738
FL Tobing,28.2,1.55312,98.89738
FL Tobing,40.3,1.55312,98.89738
FL Tobing,1.3,1.55312,98.89738
FL Tobing,0,1.55312,98.89738
FL Tobing,50,1.55312,98.89738
FL Tobing,0,1.55312,98.89738
FL Tobing,11.4,1.55312,98.89738
FL Tobing,14.4,1.55312,98.89738
FL Tobing,3.5,1.55312,98.89738
FL Tobing,67.4,1.55312,98.89738
FL Tobing,17.3,1.55312,98.89738
FL Tobing,0,1.55312,98.89738
FL Tobing,12.5,1.55312,98.89738
FL Tobing,22,1.55312,98.89738
FL Tobing,0,1.55312,98.89738
FL Tobing,0,1.55312,98.89738
FL Tobing,4.7,1.55312,98.89738
FL Tobing,49.9,1.55312,98.89738
FL Tobing,0,1.55312,98.89738
FL Tobing,7.7,1.55312,98.89738
FL Tobing,2.5,1.55312,98.89738
FL Tobing,2.8,1.55312,98.89738
FL Tobing,58,1.55312,98.89738
FL Tobing,12.7,1.55312,98.89738
FL Tobing,19.5,1.55312,98.89738
FL Tobing,16.1,1.55312,98.89738
FL Tobing,3,1.55312,98.89738
FL Tobing,1,1.55312,98.89738
FL Tobing,27.6,1.55312,98.89738
FL Tobing,0,1.55312,98.89738
FL Tobing,36.6,1.55312,98.89738
FL Tobing,30.8,1.55312,98.89738
FL Tobing,5,1.55312,98.89738
FL Tobing,17.2,1.55312,98.89738
FL Tobing,15.2,1.55312,98.89738
FL Tobing,0,1.55312,98.89738
FL Tobing,18.3,1.55312,98.89738
FL Tobing,35.9,1.55312,98.89738
FL Tobing,1,1.55312,98.89738
FL Tobing,12.3,1.55312,98.89738
FL Tobing,37.4,1.55312,98.89738
FL Tobing,0,1.55312,98.89738
FL Tobing,3.6,1.55312,98.89738
FL Tobing,0,1.55312,98.89738
FL Tobing,1,1.55312,98.89738
FL Tobing,5.7,1.55312,98.89738
FL Tobing,0,1.55312,98.89738
FL Tobing,49.4,1.55312,98.89738
FL Tobing,0,1.55312,98.89738
FL Tobing,29.8,1.55312,98.89738
FL Tobing,2,1.55312,98.89738
FL Tobing,0.8,1.55312,98.89738
FL Tobing,8.8,1.55312,98.89738
FL Tobing,0,1.55312,98.89738
FL Tobing,0,1.55312,98.89738
FL Tobing,0,1.55312,98.89738
FL Tobing,0,1.55312,98.89738
FL Tobing,7.2,1.55312,98.89738
FL Tobing,0,1.55312,98.89738
FL Tobing,0,1.55312,98.89738
FL Tobing,0,1.55312,98.89738
FL Tobing,0,1.55312,98.89738
FL Tobing,5,1.55312,98.89738
FL Tobing,0,1.55312,98.89738
FL Tobing,11.1,1.55312,98.89738
FL Tobing,12,1.55312,98.89738
FL Tobing,1.5,1.55312,98.89738
FL Tobing,1.3,1.55312,98.89738
FL Tobing,33.1,1.55312,98.89738
FL Tobing,32.9,1.55312,98.89738
FL Tobing,1,1.55312,98.89738
FL Tobing,31,1.55312,98.89738
FL Tobing,0,1.55312,98.89738
FL Tobing,26.7,1.55312,98.89738
FL Tobing,1,1.55312,98.89738
FL Tobing,23.8,1.55312,98.89738
FL Tobing,35,1.55312,98.89738
FL Tobing,0,1.55312,98.89738
FL Tobing,0,1.55312,98.89738
FL Tobing,10.3,1.55312,98.89738
FL Tobing,34.6,1.55312,98.89738
FL Tobing,18.5,1.55312,98.89738
FL Tobing,0,1.55312,98.89738
FL Tobing,29,1.55312,98.89738
FL Tobing,15.6,1.55312,98.89738
FL Tobing,0,1.55312,98.89738
FL Tobing,0,1.55312,98.89738
FL Tobing,37.4,1.55312,98.89738
FL Tobing,44.6,1.55312,98.89738
FL Tobing,0,1.55312,98.89738
FL Tobing,0,1.55312,98.89738
FL Tobing,19.3,1.55312,98.89738
FL Tobing,0,1.55312,98.89738
FL Tobing,0,1.55312,98.89738
FL Tobing,0,1.55312,98.89738
FL Tobing,0,1.55312,98.89738
FL Tobing,1,1.55312,98.89738
FL Tobing,0,1.55312,98.89738
FL Tobing,0,1.55312,98.89738
FL Tobing,0,1.55312,98.89738
FL Tobing,1.4,1.55312,98.89738
FL Tobing,2.7,1.55312,98.89738
FL Tobing,0,1.55312,98.89738
FL Tobing,15.7,1.55312,98.89738
FL Tobing,2.5,1.55312,98.89738
FL Tobing,16.5,1.55312,98.89738
FL Tobing,7.5,1.55312,98.89738
FL Tobing,32.2,1.55312,98.89738
FL Tobing,0,1.55312,98.89738
FL Tobing,7.4,1.55312,98.89738
FL Tobing,0,1.55312,98.89738
FL Tobing,3,1.55312,98.89738
FL Tobing,1,1.55312,98.89738
FL Tobing,6.2,1.55312,98.89738
FL Tobing,3.5,1.55312,98.89738
FL Tobing,0,1.55312,98.89738
FL Tobing,2.7,1.55312,98.89738
FL Tobing,25.6,1.55312,98.89738
FL Tobing,1.8,1.55312,98.89738
FL Tobing,0,1.55312,98.89738
FL Tobing,0,1.55312,98.89738
FL Tobing,0,1.55312,98.89738
FL Tobing,73.6,1.55312,98.89738
FL Tobing,8,1.55312,98.89738
FL Tobing,0,1.55312,98.89738
FL Tobing,165.9,1.55312,98.89738
FL Tobing,0,1.55312,98.89738
FL Tobing,2.2,1.55312,98.89738
FL Tobing,4.5,1.55312,98.89738
FL Tobing,1,1.55312,98.89738
FL Tobing,2.4,1.55312,98.89738
FL Tobing,0,1.55312,98.89738
FL Tobing,8.9,1.55312,98.89738
FL Tobing,0.5,1.55312,98.89738
FL Tobing,1,1.55312,98.89738
FL Tobing,1.6,1.55312,98.89738
FL Tobing,19.5,1.55312,98.89738
FL Tobing,0,1.55312,98.89738
FL Tobing,12,1.55312,98.89738
FL Tobing,0,1.55312,98.89738
FL Tobing,15.8,1.55312,98.89738
FL Tobing,11.6,1.55312,98.89738
FL Tobing,177,1.55312,98.89738
FL Tobing,0,1.55312,98.89738
FL Tobing,14.3,1.55312,98.89738
FL Tobing,29.6,1.55312,98.89738
FL Tobing,2.5,1.55312,98.89738
FL Tobing,5,1.55312,98.89738
FL Tobing,21.4,1.55312,98.89738
FL Tobing,0,1.55312,98.89738
FL Tobing,55.3,1.55312,98.89738
FL Tobing,9.6,1.55312,98.89738
FL Tobing,1,1.55312,98.89738
FL Tobing,0,1.55312,98.89738
FL Tobing,8,1.55312,98.89738
FL Tobing,32.5,1.55312,98.89738
FL Tobing,55.6,1.55312,98.89738
FL Tobing,12.5,1.55312,98.89738
FL Tobing,23,1.55312,98.89738
FL Tobing,1.8,1.55312,98.89738
FL Tobing,7,1.55312,98.89738
FL Tobing,0,1.55312,98.89738
FL Tobing,0,1.55312,98.89738
FL Tobing,89.4,1.55312,98.89738
FL Tobing,27.5,1.55312,98.89738
FL Tobing,7.5,1.55312,98.89738
FL Tobing,16,1.55312,98.89738
FL Tobing,18.5,1.55312,98.89738
FL Tobing,17.4,1.55312,98.89738
FL Tobing,79.5,1.55312,98.89738
FL Tobing,0,1.55312,98.89738
FL Tobing,4.2,1.55312,98.89738
FL Tobing,0,1.55312,98.89738
FL Tobing,1.4,1.55312,98.89738
FL Tobing,0,1.55312,98.89738
FL Tobing,5.5,1.55312,98.89738
FL Tobing,0,1.55312,98.89738
FL Tobing,0,1.55312,98.89738
FL Tobing,46,1.55312,98.89738
FL Tobing,13.5,1.55312,98.89738
FL Tobing,2.5,1.55312,98.89738
FL Tobing,1,1.55312,98.89738
FL Tobing,0,1.55312,98.89738
FL Tobing,23,1.55312,98.89738
FL Tobing,44.9,1.55312,98.89738
FL Tobing,4.1,1.55312,98.89738
FL Tobing,12.5,1.55312,98.89738
FL Tobing,13.8,1.55312,98.89738
FL Tobing,0,1.55312,98.89738
FL Tobing,10.5,1.55312,98.89738
FL Tobing,1.5,1.55312,98.89738
FL Tobing,1,1.55312,98.89738
FL Tobing,3.5,1.55312,98.89738
FL Tobing,5.3,1.55312,98.89738
FL Tobing,0,1.55312,98.89738
FL Tobing,49.7,1.55312,98.89738
FL Tobing,0,1.55312,98.89738
FL Tobing,3.5,1.55312,98.89738
FL Tobing,1,1.55312,98.89738
FL Tobing,0,1.55312,98.89738
FL Tobing,0.5,1.55312,98.89738
FL Tobing,10,1.55312,98.89738
FL Tobing,17.2,1.55312,98.89738
FL Tobing,0,1.55312,98.89738
FL Tobing,6,1.55312,98.89738
FL Tobing,20.4,1.55312,98.89738
FL Tobing,0,1.55312,98.89738
FL Tobing,92.1,1.55312,98.89738
FL Tobing,62.4,1.55312,98.89738
FL Tobing,0,1.55312,98.89738
FL Tobing,135.6,1.55312,98.89738
FL Tobing,50.2,1.55312,98.89738
FL Tobing,0,1.55312,98.89738
FL Tobing,69.1,1.55312,98.89738
FL Tobing,28.9,1.55312,98.89738
FL Tobing,0,1.55312,98.89738
FL Tobing,36,1.55312,98.89738
FL Tobing,0,1.55312,98.89738
FL Tobing,4,1.55312,98.89738
FL Tobing,1,1.55312,98.89738
FL Tobing,0,1.55312,98.89738
FL Tobing,13,1.55312,98.89738
FL Tobing,2,1.55312,98.89738
FL Tobing,1.2,1.55312,98.89738
FL Tobing,7.7,1.55312,98.89738
FL Tobing,3.4,1.55312,98.89738
FL Tobing,0,1.55312,98.89738
FL Tobing,0,1.55312,98.89738
FL Tobing,0,1.55312,98.89738
FL Tobing,0,1.55312,98.89738
FL Tobing,17,1.55312,98.89738
FL Tobing,0,1.55312,98.89738
FL Tobing,0,1.55312,98.89738
FL Tobing,0,1.55312,98.89738
FL Tobing,0,1.55312,98.89738
FL Tobing,0,1.55312,98.89738
FL Tobing,0,1.55312,98.89738
FL Tobing,0,1.55312,98.89738
FL Tobing,2,1.55312,98.89738
FL Tobing,2,1.55312,98.89738
FL Tobing,0,1.55312,98.89738
FL Tobing,0,1.55312,98.89738
FL Tobing,0,1.55312,98.89738
FL Tobing,0,1.55312,98.89738
FL Tobing,0,1.55312,98.89738
FL Tobing,2.4,1.55312,98.89738
FL Tobing,0,1.55312,98.89738
FL Tobing,14.6,1.55312,98.89738
FL Tobing,0,1.55312,98.89738
FL Tobing,120.3,1.55312,98.89738
FL Tobing,0,1.55312,98.89738
FL Tobing,0,1.55312,98.89738
FL Tobing,6.5,1.55312,98.89738
FL Tobing,22,1.55312,98.89738
FL Tobing,81.3,1.55312,98.89738
FL Tobing,9.5,1.55312,98.89738
FL Tobing,1.5,1.55312,98.89738
FL Tobing,12.5,1.55312,98.89738
FL Tobing,18.3,1.55312,98.89738
FL Tobing,0,1.55312,98.89738
FL Tobing,0,1.55312,98.89738
FL Tobing,4.8,1.55312,98.89738
FL Tobing,0,1.55312,98.89738
FL Tobing,15.3,1.55312,98.89738
FL Tobing,7,1.55312,98.89738
FL Tobing,0,1.55312,98.89738
FL Tobing,0,1.55312,98.89738
FL Tobing,0,1.55312,98.89738
FL Tobing,13.2,1.55312,98.89738
FL Tobing,0,1.55312,98.89738
FL Tobing,0,1.55312,98.89738
FL Tobing,0,1.55312,98.89738
FL Tobing,0,1.55312,98.89738
FL Tobing,0,1.55312,98.89738
FL Tobing,44.5,1.55312,98.89738
FL Tobing,16.1,1.55312,98.89738
FL Tobing,27.5,1.55312,98.89738
FL Tobing,0.9,1.55312,98.89738
FL Tobing,25.5,1.55312,98.89738
FL Tobing,7.3,1.55312,98.89738
FL Tobing,33.8,1.55312,98.89738
FL Tobing,76.4,1.55312,98.89738
FL Tobing,135.2,1.55312,98.89738
FL Tobing,22.5,1.55312,98.89738
FL Tobing,0,1.55312,98.89738
FL Tobing,0,1.55312,98.89738
FL Tobing,83.5,1.55312,98.89738
FL Tobing,0,1.55312,98.89738
FL Tobing,27.4,1.55312,98.89738
FL Tobing,14.5,1.55312,98.89738
FL Tobing,0,1.55312,98.89738
FL Tobing,0,1.55312,98.89738
FL Tobing,19.1,1.55312,98.89738
FL Tobing,0,1.55312,98.89738
FL Tobing,0,1.55312,98.89738
FL Tobing,19.5,1.55312,98.89738
FL Tobing,6.4,1.55312,98.89738
FL Tobing,17.5,1.55312,98.89738
FL Tobing,39,1.55312,98.89738
FL Tobing,1.5,1.55312,98.89738
FL Tobing,17.6,1.55312,98.89738
FL Tobing,9.5,1.55312,98.89738
FL Tobing,9.5,1.55312,98.89738
FL Tobing,2.4,1.55312,98.89738
FL Tobing,1.2,1.55312,98.89738
FL Tobing,27.3,1.55312,98.89738
FL Tobing,1.5,1.55312,98.89738
FL Tobing,1,1.55312,98.89738
FL Tobing,29.5,1.55312,98.89738
FL Tobing,20.7,1.55312,98.89738
FL Tobing,0,1.55312,98.89738
FL Tobing,0,1.55312,98.89738
FL Tobing,47.1,1.55312,98.89738
FL Tobing,0,1.55312,98.89738
FL Tobing,0,1.55312,98.89738
FL Tobing,0,1.55312,98.89738
FL Tobing,13.6,1.55312,98.89738
FL Tobing,34.6,1.55312,98.89738
FL Tobing,0,1.55312,98.89738
FL Tobing,0,1.55312,98.89738
FL Tobing,1.6,1.55312,98.89738
FL Tobing,0,1.55312,98.89738
FL Tobing,0,1.55312,98.89738
FL Tobing,3.5,1.55312,98.89738
FL Tobing,0,1.55312,98.89738
FL Tobing,33.1,1.55312,98.89738
FL Tobing,69,1.55312,98.89738
FL Tobing,9,1.55312,98.89738
FL Tobing,1.2,1.55312,98.89738
FL Tobing,0,1.55312,98.89738
FL Tobing,14,1.55312,98.89738
FL Tobing,0,1.55312,98.89738
FL Tobing,41.4,1.55312,98.89738
FL Tobing,0,1.55312,98.89738
FL Tobing,13.8,1.55312,98.89738
FL Tobing,0,1.55312,98.89738
FL Tobing,11.3,1.55312,98.89738
FL Tobing,32.1,1.55312,98.89738
FL Tobing,0,1.55312,98.89738
FL Tobing,0,1.55312,98.89738
FL Tobing,64.2,1.55312,98.89738
FL Tobing,24.7,1.55312,98.89738
FL Tobing,1.1,1.55312,98.89738
FL Tobing,0,1.55312,98.89738
FL Tobing,0,1.55312,98.89738
FL Tobing,0,1.55312,98.89738
FL Tobing,53.8,1.55312,98.89738
FL Tobing,11.4,1.55312,98.89738
FL Tobing,0,1.55312,98.89738
FL Tobing,16.2,1.55312,98.89738
FL Tobing,24.3,1.55312,98.89738
FL Tobing,2.5,1.55312,98.89738
FL Tobing,0.4,1.55312,98.89738
FL Tobing,0,1.55312,98.89738
FL Tobing,0,1.55312,98.89738
FL Tobing,9.5,1.55312,98.89738
FL Tobing,0,1.55312,98.89738
FL Tobing,2.5,1.55312,98.89738
FL Tobing,111.8,1.55312,98.89738
FL Tobing,0,1.55312,98.89738
FL Tobing,0,1.55312,98.89738
FL Tobing,0,1.55312,98.89738
FL Tobing,0,1.55312,98.89738
FL Tobing,4.2,1.55312,98.89738
FL Tobing,28,1.55312,98.89738
FL Tobing,28.6,1.55312,98.89738
FL Tobing,11.4,1.55312,98.89738
FL Tobing,4.7,1.55312,98.89738
FL Tobing,0.5,1.55312,98.89738
FL Tobing,5,1.55312,98.89738
FL Tobing,1.5,1.55312,98.89738
FL Tobing,55.3,1.55312,98.89738
FL Tobing,0,1.55312,98.89738
FL Tobing,6,1.55312,98.89738
FL Tobing,26.5,1.55312,98.89738
FL Tobing,25.5,1.55312,98.89738
FL Tobing,5.3,1.55312,98.89738
FL Tobing,0,1.55312,98.89738
FL Tobing,0,1.55312,98.89738
FL Tobing,0,1.55312,98.89738
FL Tobing,2.2,1.55312,98.89738
FL Tobing,76.9,1.55312,98.89738
FL Tobing,0,1.55312,98.89738
FL Tobing,0,1.55312,98.89738
FL Tobing,9.9,1.55312,98.89738
FL Tobing,0,1.55312,98.89738
FL Tobing,15.4,1.55312,98.89738
FL Tobing,0,1.55312,98.89738
FL Tobing,2,1.55312,98.89738
FL Tobing,12.5,1.55312,98.89738
FL Tobing,2,1.55312,98.89738
FL Tobing,0.2,1.55312,98.89738
FL Tobing,0,1.55312,98.89738
FL Tobing,1,1.55312,98.89738
FL Tobing,0,1.55312,98.89738
FL Tobing,0,1.55312,98.89738
FL Tobing,12,1.55312,98.89738
FL Tobing,0,1.55312,98.89738
FL Tobing,25,1.55312,98.89738
FL Tobing,0,1.55312,98.89738
FL Tobing,7.5,1.55312,98.89738
FL Tobing,5,1.55312,98.89738
FL Tobing,9.7,1.55312,98.89738
FL Tobing,8.5,1.55312,98.89738
FL Tobing,78.2,1.55312,98.89738
FL Tobing,2.8,1.55312,98.89738
Aek Gondang,4.2,1.39894,99.43078
Aek Gondang,0,1.39894,99.43078
Aek Gondang,0.5,1.39894,99.43078
Aek Gondang,0,1.39894,99.43078
Aek Gondang,77,1.39894,99.43078
Aek Gondang,0,1.39894,99.43078
Aek Gondang,0,1.39894,99.43078
Aek Gondang,0,1.39894,99.43078
Aek Gondang,0,1.39894,99.43078
Aek Gondang,0,1.39894,99.43078
Aek Gondang,0,1.39894,99.43078
Aek Gondang,0,1.39894,99.43078
Aek Gondang,3.2,1.39894,99.43078
Aek Gondang,0,1.39894,99.43078
Aek Gondang,0,1.39894,99.43078
Aek Gondang,0,1.39894,99.43078
Aek Gondang,6.1,1.39894,99.43078
Aek Gondang,1.1,1.39894,99.43078
Aek Gondang,3.2,1.39894,99.43078
Aek Gondang,40,1.39894,99.43078
Aek Gondang,2,1.39894,99.43078
Aek Gondang,101,1.39894,99.43078
Aek Gondang,32.2,1.39894,99.43078
Aek Gondang,0,1.39894,99.43078
Aek Gondang,5.5,1.39894,99.43078
Aek Gondang,0,1.39894,99.43078
Aek Gondang,12,1.39894,99.43078
Aek Gondang,2.5,1.39894,99.43078
Aek Gondang,0,1.39894,99.43078
Aek Gondang,0,1.39894,99.43078
Aek Gondang,32.8,1.39894,99.43078
Aek Gondang,0,1.39894,99.43078
Aek Gondang,0,1.39894,99.43078
Aek Gondang,0,1.39894,99.43078
Aek Gondang,0,1.39894,99.43078
Aek Gondang,0,1.39894,99.43078
Aek Gondang,2.5,1.39894,99.43078
Aek Gondang,0,1.39894,99.43078
Aek Gondang,0,1.39894,99.43078
Aek Gondang,0,1.39894,99.43078
Aek Gondang,2,1.39894,99.43078
Aek Gondang,14.5,1.39894,99.43078
Aek Gondang,0,1.39894,99.43078
Aek Gondang,0,1.39894,99.43078
Aek Gondang,0,1.39894,99.43078
Aek Gondang,0,1.39894,99.43078
Aek Gondang,5.7,1.39894,99.43078
Aek Gondang,0,1.39894,99.43078
Aek Gondang,0,1.39894,99.43078
Aek Gondang,0,1.39894,99.43078
Aek Gondang,0,1.39894,99.43078
Aek Gondang,0,1.39894,99.43078
Aek Gondang,0,1.39894,99.43078
Aek Gondang,0,1.39894,99.43078
Aek Gondang,0,1.39894,99.43078
Aek Gondang,0,1.39894,99.43078
Aek Gondang,0,1.39894,99.43078
Aek Gondang,0.1,1.39894,99.43078
Aek Gondang,0,1.39894,99.43078
Aek Gondang,0,1.39894,99.43078
Aek Gondang,0,1.39894,99.43078
Aek Gondang,0.5,1.39894,99.43078
Aek Gondang,25,1.39894,99.43078
Aek Gondang,1.5,1.39894,99.43078
Aek Gondang,0.5,1.39894,99.43078
Aek Gondang,0,1.39894,99.43078
Aek Gondang,3.9,1.39894,99.43078
Aek Gondang,0,1.39894,99.43078
Aek Gondang,0,1.39894,99.43078
Aek Gondang,0,1.39894,99.43078
Aek Gondang,8.3,1.39894,99.43078
Aek Gondang,1.5,1.39894,99.43078
Aek Gondang,25.3,1.39894,99.43078
Aek Gondang,10.5,1.39894,99.43078
Aek Gondang,0,1.39894,99.43078
Aek Gondang,0,1.39894,99.43078
Aek Gondang,0,1.39894,99.43078
Aek Gondang,0,1.39894,99.43078
Aek Gondang,0,1.39894,99.43078
Aek Gondang,0,1.39894,99.43078
Aek Gondang,0,1.39894,99.43078
Aek Gondang,0,1.39894,99.43078
Aek Gondang,78.5,1.39894,99.43078
Aek Gondang,0,1.39894,99.43078
Aek Gondang,0,1.39894,99.43078
Aek Gondang,1.5,1.39894,99.43078
Aek Gondang,0,1.39894,99.43078
Aek Gondang,0,1.39894,99.43078
Aek Gondang,0,1.39894,99.43078
Aek Gondang,0,1.39894,99.43078
Aek Gondang,1,1.39894,99.43078
Aek Gondang,13,1.39894,99.43078
Aek Gondang,1,1.39894,99.43078
Aek Gondang,0,1.39894,99.43078
Aek Gondang,0.2,1.39894,99.43078
Aek Gondang,2.8,1.39894,99.43078
Aek Gondang,4.7,1.39894,99.43078
Aek Gondang,2.5,1.39894,99.43078
Aek Gondang,23.2,1.39894,99.43078
Aek Gondang,21.4,1.39894,99.43078
Aek Gondang,51,1.39894,99.43078
Aek Gondang,0,1.39894,99.43078
Aek Gondang,0,1.39894,99.43078
Aek Gondang,1,1.39894,99.43078
Aek Gondang,30,1.39894,99.43078
Aek Gondang,22.5,1.39894,99.43078
Aek Gondang,1.7,1.39894,99.43078
Aek Gondang,78,1.39894,99.43078
Aek Gondang,7,1.39894,99.43078
Aek Gondang,23.8,1.39894,99.43078
Aek Gondang,0,1.39894,99.43078
Aek Gondang,0,1.39894,99.43078
Aek Gondang,14.7,1.39894,99.43078
Aek Gondang,7,1.39894,99.43078
Aek Gondang,1.2,1.39894,99.43078
Aek Gondang,2,1.39894,99.43078
Aek Gondang,0,1.39894,99.43078
Aek Gondang,2.5,1.39894,99.43078
Aek Gondang,2.9,1.39894,99.43078
Aek Gondang,0,1.39894,99.43078
Aek Gondang,0,1.39894,99.43078
Aek Gondang,8.7,1.39894,99.43078
Aek Gondang,11,1.39894,99.43078
Aek Gondang,0,1.39894,99.43078
Aek Gondang,1,1.39894,99.43078
Aek Gondang,32,1.39894,99.43078
Aek Gondang,0,1.39894,99.43078
Aek Gondang,0,1.39894,99.43078
Aek Gondang,0,1.39894,99.43078
Aek Gondang,28.4,1.39894,99.43078
Aek Gondang,1.4,1.39894,99.43078
Aek Gondang,0,1.39894,99.43078
Aek Gondang,0.9,1.39894,99.43078
Aek Gondang,1,1.39894,99.43078
Aek Gondang,0,1.39894,99.43078
Aek Gondang,8.6,1.39894,99.43078
Aek Gondang,46,1.39894,99.43078
Aek Gondang,1.1,1.39894,99.43078
Aek Gondang,59.2,1.39894,99.43078
Aek Gondang,0,1.39894,99.43078
Aek Gondang,64.8,1.39894,99.43078
Aek Gondang,9.3,1.39894,99.43078
Aek Gondang,0,1.39894,99.43078
Aek Gondang,0,1.39894,99.43078
Aek Gondang,12.4,1.39894,99.43078
Aek Gondang,1.1,1.39894,99.43078
Aek Gondang,0,1.39894,99.43078
Aek Gondang,1.3,1.39894,99.43078
Aek Gondang,0,1.39894,99.43078
Aek Gondang,0,1.39894,99.43078
Aek Gondang,0,1.39894,99.43078
Aek Gondang,0,1.39894,99.43078
Aek Gondang,0,1.39894,99.43078
Aek Gondang,0,1.39894,99.43078
Aek Gondang,0,1.39894,99.43078
Aek Gondang,0,1.39894,99.43078
Aek Gondang,0,1.39894,99.43078
Aek Gondang,0,1.39894,99.43078
Aek Gondang,0,1.39894,99.43078
Aek Gondang,0,1.39894,99.43078
Aek Gondang,0,1.39894,99.43078
Aek Gondang,0,1.39894,99.43078
Aek Gondang,3.5,1.39894,99.43078
Aek Gondang,0.5,1.39894,99.43078
Aek Gondang,4.5,1.39894,99.43078
Aek Gondang,0,1.39894,99.43078
Aek Gondang,0,1.39894,99.43078
Aek Gondang,2.5,1.39894,99.43078
Aek Gondang,0.8,1.39894,99.43078
Aek Gondang,0,1.39894,99.43078
Aek Gondang,0,1.39894,99.43078
Aek Gondang,1.8,1.39894,99.43078
Aek Gondang,0,1.39894,99.43078
Aek Gondang,0,1.39894,99.43078
Aek Gondang,0.4,1.39894,99.43078
Aek Gondang,0,1.39894,99.43078
Aek Gondang,0,1.39894,99.43078
Aek Gondang,0,1.39894,99.43078
Aek Gondang,0,1.39894,99.43078
Aek Gondang,0,1.39894,99.43078
Aek Gondang,2.1,1.39894,99.43078
Aek Gondang,0,1.39894,99.43078
Aek Gondang,0,1.39894,99.43078
Aek Gondang,0,1.39894,99.43078
Aek Gondang,0,1.39894,99.43078
Aek Gondang,0,1.39894,99.43078
Aek Gondang,0,1.39894,99.43078
Aek Gondang,0,1.39894,99.43078
Aek Gondang,0,1.39894,99.43078
Aek Gondang,0,1.39894,99.43078
Aek Gondang,0,1.39894,99.43078
Aek Gondang,7.6,1.39894,99.43078
Aek Gondang,0,1.39894,99.43078
Aek Gondang,0,1.39894,99.43078
Aek Gondang,0,1.39894,99.43078
Aek Gondang,0,1.39894,99.43078
Aek Gondang,0,1.39894,99.43078
Aek Gondang,1.5,1.39894,99.43078
Aek Gondang,0,1.39894,99.43078
Aek Gondang,0,1.39894,99.43078
Aek Gondang,0,1.39894,99.43078
Aek Gondang,0,1.39894,99.43078
Aek Gondang,2,1.39894,99.43078
Aek Gondang,0,1.39894,99.43078
Aek Gondang,1.5,1.39894,99.43078
Aek Gondang,0,1.39894,99.43078
Aek Gondang,0,1.39894,99.43078
Aek Gondang,0,1.39894,99.43078
Aek Gondang,2.5,1.39894,99.43078
Aek Gondang,0,1.39894,99.43078
Aek Gondang,0,1.39894,99.43078
Aek Gondang,0,1.39894,99.43078
Aek Gondang,0,1.39894,99.43078
Aek Gondang,0,1.39894,99.43078
Aek Gondang,15.1,1.39894,99.43078
Aek Gondang,4,1.39894,99.43078
Aek Gondang,0,1.39894,99.43078
Aek Gondang,19.1,1.39894,99.43078
Aek Gondang,25,1.39894,99.43078
Aek Gondang,54.1,1.39894,99.43078
Aek Gondang,0,1.39894,99.43078
Aek Gondang,0,1.39894,99.43078
Aek Gondang,26.5,1.39894,99.43078
Aek Gondang,0,1.39894,99.43078
Aek Gondang,1.9,1.39894,99.43078
Aek Gondang,0,1.39894,99.43078
Aek Gondang,0,1.39894,99.43078
Aek Gondang,1.7,1.39894,99.43078
Aek Gondang,0,1.39894,99.43078
Aek Gondang,0,1.39894,99.43078
Aek Gondang,2.3,1.39894,99.43078
Aek Gondang,0,1.39894,99.43078
Aek Gondang,4.9,1.39894,99.43078
Aek Gondang,8.9,1.39894,99.43078
Aek Gondang,0,1.39894,99.43078
Aek Gondang,0.8,1.39894,99.43078
Aek Gondang,8.2,1.39894,99.43078
Aek Gondang,0,1.39894,99.43078
Aek Gondang,0,1.39894,99.43078
Aek Gondang,0,1.39894,99.43078
Aek Gondang,0,1.39894,99.43078
Aek Gondang,0,1.39894,99.43078
Aek Gondang,0,1.39894,99.43078
Aek Gondang,1,1.39894,99.43078
Aek Gondang,0.2,1.39894,99.43078
Aek Gondang,0,1.39894,99.43078
Aek Gondang,30.6,1.39894,99.43078
Aek Gondang,0,1.39894,99.43078
Aek Gondang,16,1.39894,99.43078
Aek Gondang,0,1.39894,99.43078
Aek Gondang,0,1.39894,99.43078
Aek Gondang,10,1.39894,99.43078
Aek Gondang,0,1.39894,99.43078
Aek Gondang,0.8,1.39894,99.43078
Aek Gondang,11,1.39894,99.43078
Aek Gondang,17.2,1.39894,99.43078
Aek Gondang,12.5,1.39894,99.43078
Aek Gondang,0,1.39894,99.43078
Aek Gondang,24.5,1.39894,99.43078
Aek Gondang,0,1.39894,99.43078
Aek Gondang,1.5,1.39894,99.43078
Aek Gondang,0,1.39894,99.43078
Aek Gondang,0,1.39894,99.43078
Aek Gondang,0,1.39894,99.43078
Aek Gondang,9.6,1.39894,99.43078
Aek Gondang,0,1.39894,99.43078
Aek Gondang,0,1.39894,99.43078
Aek Gondang,0,1.39894,99.43078
Aek Gondang,0,1.39894,99.43078
Aek Gondang,0,1.39894,99.43078
Aek Gondang,0,1.39894,99.43078
Aek Gondang,0,1.39894,99.43078
Aek Gondang,2,1.39894,99.43078
Aek Gondang,1.6,1.39894,99.43078
Aek Gondang,30.5,1.39894,99.43078
Aek Gondang,0.1,1.39894,99.43078
Aek Gondang,0,1.39894,99.43078
Aek Gondang,0,1.39894,99.43078
Aek Gondang,0,1.39894,99.43078
Aek Gondang,0,1.39894,99.43078
Aek Gondang,26.5,1.39894,99.43078
Aek Gondang,14,1.39894,99.43078
Aek Gondang,1,1.39894,99.43078
Aek Gondang,0,1.39894,99.43078
Aek Gondang,45,1.39894,99.43078
Aek Gondang,34.4,1.39894,99.43078
Aek Gondang,12.3,1.39894,99.43078
Aek Gondang,0,1.39894,99.43078
Aek Gondang,20.5,1.39894,99.43078
Aek Gondang,0,1.39894,99.43078
Aek Gondang,0,1.39894,99.43078
Aek Gondang,2.6,1.39894,99.43078
Aek Gondang,0,1.39894,99.43078
Aek Gondang,12,1.39894,99.43078
Aek Gondang,3,1.39894,99.43078
Aek Gondang,0,1.39894,99.43078
Aek Gondang,60.1,1.39894,99.43078
Aek Gondang,0,1.39894,99.43078
Aek Gondang,43.4,1.39894,99.43078
Aek Gondang,5,1.39894,99.43078
Aek Gondang,0,1.39894,99.43078
Aek Gondang,0,1.39894,99.43078
Aek Gondang,21,1.39894,99.43078
Aek Gondang,44.8,1.39894,99.43078
Aek Gondang,3.5,1.39894,99.43078
Aek Gondang,2.5,1.39894,99.43078
Aek Gondang,0,1.39894,99.43078
Aek Gondang,50.5,1.39894,99.43078
Aek Gondang,0,1.39894,99.43078
Aek Gondang,22.2,1.39894,99.43078
Aek Gondang,35,1.39894,99.43078
Aek Gondang,104.5,1.39894,99.43078
Aek Gondang,0,1.39894,99.43078
Aek Gondang,47.1,1.39894,99.43078
Aek Gondang,13.3,1.39894,99.43078
Aek Gondang,15.9,1.39894,99.43078
Aek Gondang,22.6,1.39894,99.43078
Aek Gondang,39.5,1.39894,99.43078
Aek Gondang,0.1,1.39894,99.43078
Aek Gondang,35,1.39894,99.43078
Aek Gondang,2.5,1.39894,99.43078
Aek Gondang,3,1.39894,99.43078
Aek Gondang,0,1.39894,99.43078
Aek Gondang,23.4,1.39894,99.43078
Aek Gondang,6.5,1.39894,99.43078
Aek Gondang,1,1.39894,99.43078
Aek Gondang,31.7,1.39894,99.43078
Aek Gondang,16.4,1.39894,99.43078
Aek Gondang,18,1.39894,99.43078
Aek Gondang,84.2,1.39894,99.43078
Aek Gondang,1,1.39894,99.43078
Aek Gondang,4,1.39894,99.43078
Aek Gondang,10.5,1.39894,99.43078
Aek Gondang,4,1.39894,99.43078
Aek Gondang,18,1.39894,99.43078
Aek Gondang,0.7,1.39894,99.43078
Aek Gondang,0,1.39894,99.43078
Aek Gondang,59.2,1.39894,99.43078
Aek Gondang,1.5,1.39894,99.43078
Aek Gondang,0,1.39894,99.43078
Aek Gondang,41.7,1.39894,99.43078
Aek Gondang,6.5,1.39894,99.43078
Aek Gondang,0,1.39894,99.43078
Aek Gondang,0,1.39894,99.43078
Aek Gondang,0,1.39894,99.43078
Aek Gondang,0,1.39894,99.43078
Aek Gondang,10.3,1.39894,99.43078
Aek Gondang,0,1.39894,99.43078
Aek Gondang,53.1,1.39894,99.43078
Aek Gondang,0,1.39894,99.43078
Aek Gondang,24.2,1.39894,99.43078
Aek Gondang,24.7,1.39894,99.43078
Aek Gondang,0,1.39894,99.43078
Aek Gondang,0,1.39894,99.43078
Aek Gondang,26.7,1.39894,99.43078
Aek Gondang,1.1,1.39894,99.43078
Aek Gondang,0,1.39894,99.43078
Aek Gondang,0,1.39894,99.43078
Aek Gondang,0,1.39894,99.43078
Aek Gondang,1.6,1.39894,99.43078
Aek Gondang,15,1.39894,99.43078
Aek Gondang,1,1.39894,99.43078
Aek Gondang,1,1.39894,99.43078
Aek Gondang,14.3,1.39894,99.43078
Aek Gondang,3,1.39894,99.43078
Aek Gondang,0,1.39894,99.43078
Aek Gondang,151.2,1.39894,99.43078
Aek Gondang,0,1.39894,99.43078
Aek Gondang,6.6,1.39894,99.43078
Aek Gondang,0,1.39894,99.43078
Aek Gondang,0,1.39894,99.43078
Aek Gondang,20.4,1.39894,99.43078
Aek Gondang,12,1.39894,99.43078
Aek Gondang,2,1.39894,99.43078
Aek Gondang,1,1.39894,99.43078
Aek Gondang,0,1.39894,99.43078
Aek Gondang,29.5,1.39894,99.43078
Aek Gondang,5.7,1.39894,99.43078
Aek Gondang,5.9,1.39894,99.43078
Aek Gondang,0,1.39894,99.43078
Aek Gondang,0,1.39894,99.43078
Aek Gondang,0,1.39894,99.43078
Aek Gondang,0,1.39894,99.43078
Aek Gondang,52.7,1.39894,99.43078
Aek Gondang,24,1.39894,99.43078
Aek Gondang,5,1.39894,99.43078
Aek Gondang,0,1.39894,99.43078
Aek Gondang,20.9,1.39894,99.43078
Aek Gondang,0,1.39894,99.43078
Aek Gondang,1,1.39894,99.43078
Aek Gondang,1,1.39894,99.43078
Aek Gondang,4.6,1.39894,99.43078
Aek Gondang,134.2,1.39894,99.43078
Aek Gondang,0,1.39894,99.43078
Aek Gondang,0.7,1.39894,99.43078
Aek Gondang,12.5,1.39894,99.43078
Aek Gondang,2,1.39894,99.43078
Aek Gondang,0,1.39894,99.43078
Aek Gondang,0,1.39894,99.43078
Aek Gondang,0,1.39894,99.43078
Aek Gondang,3.8,1.39894,99.43078
Aek Gondang,0.9,1.39894,99.43078
Aek Gondang,0,1.39894,99.43078
Aek Gondang,0,1.39894,99.43078
Aek Gondang,16.5,1.39894,99.43078
Aek Gondang,0,1.39894,99.43078
Aek Gondang,0,1.39894,99.43078
Aek Gondang,0,1.39894,99.43078
Aek Gondang,10.3,1.39894,99.43078
Aek Gondang,0,1.39894,99.43078
Aek Gondang,9,1.39894,99.43078
Aek Gondang,0,1.39894,99.43078
Aek Gondang,0,1.39894,99.43078
Aek Gondang,0,1.39894,99.43078
Aek Gondang,0,1.39894,99.43078
Aek Gondang,0,1.39894,99.43078
Aek Gondang,0,1.39894,99.43078
Aek Gondang,0,1.39894,99.43078
Aek Gondang,0,1.39894,99.43078
Aek Gondang,1,1.39894,99.43078
Aek Gondang,0,1.39894,99.43078
Aek Gondang,0,1.39894,99.43078
Aek Gondang,0,1.39894,99.43078
Aek Gondang,0,1.39894,99.43078
Aek Gondang,0,1.39894,99.43078
Aek Gondang,0,1.39894,99.43078
Aek Gondang,0,1.39894,99.43078
Aek Gondang,0,1.39894,99.43078
Aek Gondang,0,1.39894,99.43078
Aek Gondang,59,1.39894,99.43078
Aek Gondang,6.8,1.39894,99.43078
Aek Gondang,0,1.39894,99.43078
Aek Gondang,4.5,1.39894,99.43078
Aek Gondang,0,1.39894,99.43078
Aek Gondang,0,1.39894,99.43078
Aek Gondang,0,1.39894,99.43078
Aek Gondang,0,1.39894,99.43078
Aek Gondang,0,1.39894,99.43078
Aek Gondang,0,1.39894,99.43078
Aek Gondang,13.1,1.39894,99.43078
Aek Gondang,2.5,1.39894,99.43078
Aek Gondang,0.1,1.39894,99.43078
Aek Gondang,0,1.39894,99.43078
Aek Gondang,1.5,1.39894,99.43078
Aek Gondang,0,1.39894,99.43078
Aek Gondang,5,1.39894,99.43078
Aek Gondang,7,1.39894,99.43078
Aek Gondang,0,1.39894,99.43078
Aek Gondang,0,1.39894,99.43078
Aek Gondang,2.3,1.39894,99.43078
Aek Gondang,13,1.39894,99.43078
Aek Gondang,7.5,1.39894,99.43078
Aek Gondang,2.9,1.39894,99.43078
Aek Gondang,4,1.39894,99.43078
Aek Gondang,33.7,1.39894,99.43078
Aek Gondang,4.7,1.39894,99.43078
Aek Gondang,0,1.39894,99.43078
Aek Gondang,1,1.39894,99.43078
Aek Gondang,0,1.39894,99.43078
Aek Gondang,0,1.39894,99.43078
Aek Gondang,0,1.39894,99.43078
Aek Gondang,0,1.39894,99.43078
Aek Gondang,10.1,1.39894,99.43078
Aek Gondang,8.5,1.39894,99.43078
Aek Gondang,0,1.39894,99.43078
Aek Gondang,3,1.39894,99.43078
Aek Gondang,6.6,1.39894,99.43078
Aek Gondang,12.7,1.39894,99.43078
Aek Gondang,17.6,1.39894,99.43078
Aek Gondang,8,1.39894,99.43078
Aek Gondang,16.7,1.39894,99.43078
Aek Gondang,3.5,1.39894,99.43078
Aek Gondang,0,1.39894,99.43078
Aek Gondang,6.5,1.39894,99.43078
Aek Gondang,2,1.39894,99.43078
Aek Gondang,34,1.39894,99.43078
Aek Gondang,18.5,1.39894,99.43078
Aek Gondang,0,1.39894,99.43078
Aek Gondang,6.7,1.39894,99.43078
Aek Gondang,1,1.39894,99.43078
Aek Gondang,0,1.39894,99.43078
Aek Gondang,29,1.39894,99.43078
Aek Gondang,3,1.39894,99.43078
Aek Gondang,4.8,1.39894,99.43078
Aek Gondang,3.8,1.39894,99.43078
Aek Gondang,2,1.39894,99.43078
Aek Gondang,0,1.39894,99.43078
Aek Gondang,0,1.39894,99.43078
Aek Gondang,0,1.39894,99.43078
Aek Gondang,0,1.39894,99.43078
Aek Gondang,2.5,1.39894,99.43078
Aek Gondang,1,1.39894,99.43078
Aek Gondang,0,1.39894,99.43078
Aek Gondang,30.2,1.39894,99.43078
Aek Gondang,0,1.39894,99.43078
Aek Gondang,0,1.39894,99.43078
Aek Gondang,0,1.39894,99.43078
Aek Gondang,7.6,1.39894,99.43078
Aek Gondang,0,1.39894,99.43078
Aek Gondang,0,1.39894,99.43078
Aek Gondang,16.1,1.39894,99.43078
Aek Gondang,0,1.39894,99.43078
Aek Gondang,1.5,1.39894,99.43078
Aek Gondang,1,1.39894,99.43078
Aek Gondang,0,1.39894,99.43078
Aek Gondang,0,1.39894,99.43078
Aek Gondang,16.5,1.39894,99.43078
Aek Gondang,0,1.39894,99.43078
Aek Gondang,0,1.39894,99.43078
Aek Gondang,24,1.39894,99.43078
Aek Gondang,0,1.39894,99.43078
Aek Gondang,0,1.39894,99.43078
Aek Gondang,0,1.39894,99.43078
Aek Gondang,22.5,1.39894,99.43078
Aek Gondang,0,1.39894,99.43078
Aek Gondang,0,1.39894,99.43078
Aek Gondang,0,1.39894,99.43078
Aek Gondang,0,1.39894,99.43078
Aek Gondang,0,1.39894,99.43078
Aek Gondang,0,1.39894,99.43078
Aek Gondang,0,1.39894,99.43078
Aek Gondang,11,1.39894,99.43078
Aek Gondang,11.5,1.39894,99.43078
Aek Gondang,0,1.39894,99.43078
Aek Gondang,7.3,1.39894,99.43078
Aek Gondang,5.4,1.39894,99.43078
Aek Gondang,0,1.39894,99.43078
Aek Gondang,0,1.39894,99.43078
Aek Gondang,5,1.39894,99.43078
Aek Gondang,0,1.39894,99.43078
Aek Gondang,0,1.39894,99.43078
Aek Gondang,16.7,1.39894,99.43078
Aek Gondang,8.7,1.39894,99.43078
Aek Gondang,0,1.39894,99.43078
Aek Gondang,0,1.39894,99.43078
Aek Gondang,0,1.39894,99.43078
Aek Gondang,6.5,1.39894,99.43078
Aek Gondang,0,1.39894,99.43078
Aek Gondang,0,1.39894,99.43078
Aek Gondang,0,1.39894,99.43078
Aek Gondang,0,1.39894,99.43078
Aek Gondang,5.7,1.39894,99.43078
Aek Gondang,0,1.39894,99.43078
Aek Gondang,0,1.39894,99.43078
Aek Gondang,0,1.39894,99.43078
Aek Gondang,57,1.39894,99.43078
Aek Gondang,0,1.39894,99.43078
Aek Gondang,0,1.39894,99.43078
Aek Gondang,2.5,1.39894,99.43078
Aek Gondang,0,1.39894,99.43078
Aek Gondang,0,1.39894,99.43078
Aek Gondang,2.5,1.39894,99.43078
Aek Gondang,0,1.39894,99.43078
Aek Gondang,0,1.39894,99.43078
Aek Gondang,0,1.39894,99.43078
Aek Gondang,0,1.39894,99.43078
Aek Gondang,0,1.39894,99.43078
Aek Gondang,1.5,1.39894,99.43078
Aek Gondang,98.5,1.39894,99.43078
Aek Gondang,2.6,1.39894,99.43078
Aek Gondang,0,1.39894,99.43078
Aek Gondang,0,1.39894,99.43078
Aek Gondang,0,1.39894,99.43078
Aek Gondang,0,1.39894,99.43078
Aek Gondang,5,1.39894,99.43078
Aek Gondang,0,1.39894,99.43078
Aek Gondang,4.8,1.39894,99.43078
Aek Gondang,4.5,1.39894,99.43078
Aek Gondang,0,1.39894,99.43078
Aek Gondang,0,1.39894,99.43078
Aek Gondang,1,1.39894,99.43078
Aek Gondang,0,1.39894,99.43078
Aek Gondang,0,1.39894,99.43078
Aek Gondang,1,1.39894,99.43078
Aek Gondang,1.5,1.39894,99.43078
Aek Gondang,0,1.39894,99.43078
Aek Gondang,2,1.39894,99.43078
Aek Gondang,0.8,1.39894,99.43078
Aek Gondang,1.9,1.39894,99.43078
Aek Gondang,0,1.39894,99.43078
Aek Gondang,1.4,1.39894,99.43078
Aek Gondang,102.3,1.39894,99.43078
Aek Gondang,0,1.39894,99.43078
Aek Gondang,1,1.39894,99.43078
Aek Gondang,0,1.39894,99.43078
Aek Gondang,47.9,1.39894,99.43078
Aek Gondang,0,1.39894,99.43078
Aek Gondang,0,1.39894,99.43078
Aek Gondang,0,1.39894,99.43078
Aek Gondang,0,1.39894,99.43078
Aek Gondang,12,1.39894,99.43078
Aek Gondang,172.1,1.39894,99.43078
Aek Gondang,0,1.39894,99.43078
Aek Gondang,0,1.39894,99.43078
Aek Gondang,0,1.39894,99.43078
Aek Gondang,1,1.39894,99.43078
Aek Gondang,0,1.39894,99.43078
Aek Gondang,5,1.39894,99.43078
Aek Gondang,0,1.39894,99.43078
Aek Gondang,0.3,1.39894,99.43078
Aek Gondang,0,1.39894,99.43078
Aek Gondang,0,1.39894,99.43078
Aek Gondang,0,1.39894,99.43078
Aek Gondang,0,1.39894,99.43078
Aek Gondang,8.1,1.39894,99.43078
Aek Gondang,66.5,1.39894,99.43078
Aek Gondang,0,1.39894,99.43078
Aek Gondang,0,1.39894,99.43078
Aek Gondang,0,1.39894,99.43078
Aek Gondang,13,1.39894,99.43078
Aek Gondang,0,1.39894,99.43078
Aek Gondang,0.2,1.39894,99.43078
Aek Gondang,0,1.39894,99.43078
Aek Gondang,0,1.39894,99.43078
Aek Gondang,0,1.39894,99.43078
Aek Gondang,0,1.39894,99.43078
Aek Gondang,0,1.39894,99.43078
Aek Gondang,16.2,1.39894,99.43078
Aek Gondang,0,1.39894,99.43078
Aek Gondang,0,1.39894,99.43078
Aek Gondang,0,1.39894,99.43078
Aek Gondang,0,1.39894,99.43078
Aek Gondang,0,1.39894,99.43078
Aek Gondang,0,1.39894,99.43078
Aek Gondang,1.5,1.39894,99.43078
Aek Gondang,0,1.39894,99.43078
Aek Gondang,0,1.39894,99.43078
Aek Gondang,0,1.39894,99.43078
Aek Gondang,0,1.39894,99.43078
Aek Gondang,0,1.39894,99.43078
Aek Gondang,0,1.39894,99.43078
Aek Gondang,10,1.39894,99.43078
Aek Gondang,11.1,1.39894,99.43078
Aek Gondang,0,1.39894,99.43078
Aek Gondang,24,1.39894,99.43078
Aek Gondang,0,1.39894,99.43078
Aek Gondang,10.6,1.39894,99.43078
Aek Gondang,9.5,1.39894,99.43078
Aek Gondang,0,1.39894,99.43078
Aek Gondang,6.3,1.39894,99.43078
Aek Gondang,0,1.39894,99.43078
Aek Gondang,21.4,1.39894,99.43078
Aek Gondang,0,1.39894,99.43078
Aek Gondang,0,1.39894,99.43078
Aek Gondang,0,1.39894,99.43078
Aek Gondang,0,1.39894,99.43078
Aek Gondang,2.8,1.39894,99.43078
Aek Gondang,0,1.39894,99.43078
Aek Gondang,17.9,1.39894,99.43078
Aek Gondang,0,1.39894,99.43078
Aek Gondang,0,1.39894,99.43078
Aek Gondang,6.2,1.39894,99.43078
Aek Gondang,0.8,1.39894,99.43078
Aek Gondang,4.6,1.39894,99.43078
Aek Gondang,30.3,1.39894,99.43078
Aek Gondang,11.5,1.39894,99.43078
Aek Gondang,15,1.39894,99.43078
Aek Gondang,1,1.39894,99.43078
Aek Gondang,33.5,1.39894,99.43078
Aek Gondang,0,1.39894,99.43078
Aek Gondang,0,1.39894,99.43078
Aek Gondang,0,1.39894,99.43078
Aek Gondang,56,1.39894,99.43078
Aek Gondang,0,1.39894,99.43078
Aek Gondang,11.5,1.39894,99.43078
Aek Gondang,0,1.39894,99.43078
Aek Gondang,0,1.39894,99.43078
Aek Gondang,0,1.39894,99.43078
Aek Gondang,0.2,1.39894,99.43078
Aek Gondang,0,1.39894,99.43078
Aek Gondang,95.5,1.39894,99.43078
Aek Gondang,10.5,1.39894,99.43078
Aek Gondang,34.5,1.39894,99.43078
Aek Gondang,1.8,1.39894,99.43078
Aek Gondang,0,1.39894,99.43078
Aek Gondang,1,1.39894,99.43078
Aek Gondang,2.8,1.39894,99.43078
Aek Gondang,33.3,1.39894,99.43078
Aek Gondang,46,1.39894,99.43078
Aek Gondang,10.2,1.39894,99.43078
Aek Gondang,8.2,1.39894,99.43078
Aek Gondang,0,1.39894,99.43078
Aek Gondang,1.5,1.39894,99.43078
Aek Gondang,3.5,1.39894,99.43078
Aek Gondang,1,1.39894,99.43078
Aek Gondang,0,1.39894,99.43078
Aek Gondang,41.8,1.39894,99.43078
Aek Gondang,13.8,1.39894,99.43078
Aek Gondang,1.9,1.39894,99.43078
Aek Gondang,8.3,1.39894,99.43078
Aek Gondang,45.8,1.39894,99.43078
Aek Gondang,33,1.39894,99.43078
Aek Gondang,9.2,1.39894,99.43078
Aek Gondang,0.5,1.39894,99.43078
Aek Gondang,1,1.39894,99.43078
Aek Gondang,3.5,1.39894,99.43078
Aek Gondang,1.5,1.39894,99.43078
Aek Gondang,142,1.39894,99.43078
Aek Gondang,37,1.39894,99.43078
Aek Gondang,31.2,1.39894,99.43078
Aek Gondang,13.8,1.39894,99.43078
Aek Gondang,1,1.39894,99.43078
Aek Gondang,0,1.39894,99.43078
Aek Gondang,18.8,1.39894,99.43078
Aek Gondang,7.7,1.39894,99.43078
Aek Gondang,42.6,1.39894,99.43078
Aek Gondang,0,1.39894,99.43078
Aek Gondang,1.4,1.39894,99.43078
Aek Gondang,0,1.39894,99.43078
Aek Gondang,0,1.39894,99.43078
Aek Gondang,0,1.39894,99.43078
Aek Gondang,12.1,1.39894,99.43078
Aek Gondang,0.1,1.39894,99.43078
Aek Gondang,5.7,1.39894,99.43078
Aek Gondang,17.4,1.39894,99.43078
Aek Gondang,1,1.39894,99.43078
Aek Gondang,3,1.39894,99.43078
Aek Gondang,3,1.39894,99.43078
Aek Gondang,0,1.39894,99.43078
Aek Gondang,1.8,1.39894,99.43078
Aek Gondang,0,1.39894,99.43078
Aek Gondang,8.8,1.39894,99.43078
Aek Gondang,1,1.39894,99.43078
Aek Gondang,0.4,1.39894,99.43078
Aek Gondang,5.7,1.39894,99.43078
Aek Gondang,14.5,1.39894,99.43078
Aek Gondang,15,1.39894,99.43078
Aek Gondang,0.3,1.39894,99.43078
Aek Gondang,0,1.39894,99.43078
Aek Gondang,2,1.39894,99.43078
Aek Gondang,0.5,1.39894,99.43078
Aek Gondang,5,1.39894,99.43078
Aek Gondang,4,1.39894,99.43078
Aek Gondang,0,1.39894,99.43078
Aek Gondang,0,1.39894,99.43078
Aek Gondang,1.1,1.39894,99.43078
Aek Gondang,1.6,1.39894,99.43078
Aek Gondang,0,1.39894,99.43078
Aek Gondang,0,1.39894,99.43078
Aek Gondang,4.7,1.39894,99.43078
Aek Gondang,6.1,1.39894,99.43078
Aek Gondang,7.7,1.39894,99.43078
Aek Gondang,2.6,1.39894,99.43078
Aek Gondang,2,1.39894,99.43078
Aek Gondang,0,1.39894,99.43078
Aek Gondang,5.7,1.39894,99.43078
Aek Gondang,0.2,1.39894,99.43078
Aek Gondang,0,1.39894,99.43078
Aek Gondang,0,1.39894,99.43078
Aek Gondang,36.9,1.39894,99.43078
Aek Gondang,0,1.39894,99.43078
Aek Gondang,0,1.39894,99.43078
Aek Gondang,0.5,1.39894,99.43078
Aek Gondang,0,1.39894,99.43078
Aek Gondang,0,1.39894,99.43078
Aek Gondang,0,1.39894,99.43078
Aek Gondang,0.7,1.39894,99.43078
Aek Gondang,3,1.39894,99.43078
Aek Gondang,0,1.39894,99.43078
Aek Gondang,0,1.39894,99.43078
Aek Gondang,0,1.39894,99.43078
Aek Gondang,4.5,1.39894,99.43078
Aek Gondang,0,1.39894,99.43078
Aek Gondang,0,1.39894,99.43078
Aek Gondang,0,1.39894,99.43078
Aek Gondang,2,1.39894,99.43078
Aek Gondang,11.5,1.39894,99.43078
Aek Gondang,0,1.39894,99.43078
Aek Gondang,6.8,1.39894,99.43078
Aek Gondang,0,1.39894,99.43078
Aek Gondang,0,1.39894,99.43078
Aek Gondang,0,1.39894,99.43078
Aek Gondang,0.5,1.39894,99.43078
Aek Gondang,1,1.39894,99.43078
Aek Gondang,19.5,1.39894,99.43078
Aek Gondang,0,1.39894,99.43078
Aek Gondang,33.2,1.39894,99.43078
Aek Gondang,0.7,1.39894,99.43078
Aek Gondang,0,1.39894,99.43078
Aek Gondang,0,1.39894,99.43078
Aek Gondang,0,1.39894,99.43078
Aek Gondang,0,1.39894,99.43078
Aek Gondang,12.4,1.39894,99.43078
Aek Gondang,0,1.39894,99.43078
Aek Gondang,0,1.39894,99.43078
Aek Gondang,2,1.39894,99.43078
Aek Gondang,17.9,1.39894,99.43078
Aek Gondang,24.2,1.39894,99.43078
Aek Gondang,0.5,1.39894,99.43078
Aek Gondang,0,1.39894,99.43078
Aek Gondang,0,1.39894,99.43078
Aek Gondang,0,1.39894,99.43078
Aek Gondang,0,1.39894,99.43078
Aek Gondang,1,1.39894,99.43078
Aek Gondang,0,1.39894,99.43078
Aek Gondang,16.8,1.39894,99.43078
Aek Gondang,0.6,1.39894,99.43078
Aek Gondang,14,1.39894,99.43078
Aek Gondang,0,1.39894,99.43078
Aek Gondang,0,1.39894,99.43078
Aek Gondang,0,1.39894,99.43078
Aek Gondang,0,1.39894,99.43078
Aek Gondang,0.8,1.39894,99.43078
Aek Gondang,0,1.39894,99.43078
Aek Gondang,0,1.39894,99.43078
Aek Gondang,0,1.39894,99.43078
Aek Gondang,0.7,1.39894,99.43078
Aek Gondang,0,1.39894,99.43078
Aek Gondang,43.5,1.39894,99.43078
Aek Gondang,0,1.39894,99.43078
Aek Gondang,0,1.39894,99.43078
Aek Gondang,10.5,1.39894,99.43078
Aek Gondang,56.8,1.39894,99.43078
Aek Gondang,0,1.39894,99.43078
Aek Gondang,0,1.39894,99.43078
Aek Gondang,0,1.39894,99.43078
Aek Gondang,0,1.39894,99.43078
Aek Gondang,1,1.39894,99.43078
Aek Gondang,0,1.39894,99.43078
Aek Gondang,11.6,1.39894,99.43078
Aek Gondang,0,1.39894,99.43078
Aek Gondang,2,1.39894,99.43078
Aek Gondang,0,1.39894,99.43078
Aek Gondang,0,1.39894,99.43078
Aek Gondang,0,1.39894,99.43078
Aek Gondang,0,1.39894,99.43078
Aek Gondang,0,1.39894,99.43078
Aek Gondang,0,1.39894,99.43078
Aek Gondang,0,1.39894,99.43078
Aek Gondang,63.3,1.39894,99.43078
Aek Gondang,0,1.39894,99.43078
Aek Gondang,0,1.39894,99.43078
Aek Gondang,10.2,1.39894,99.43078
Aek Gondang,4.4,1.39894,99.43078
Aek Gondang,0,1.39894,99.43078
Aek Gondang,8.2,1.39894,99.43078
Aek Gondang,4.5,1.39894,99.43078
Aek Gondang,1.2,1.39894,99.43078
Aek Gondang,36.2,1.39894,99.43078
Aek Gondang,0,1.39894,99.43078
Aek Gondang,0.3,1.39894,99.43078
Aek Gondang,3.5,1.39894,99.43078
Aek Gondang,0,1.39894,99.43078
Aek Gondang,42.3,1.39894,99.43078
Aek Gondang,2.5,1.39894,99.43078
Aek Gondang,0,1.39894,99.43078
Aek Gondang,0,1.39894,99.43078
Aek Gondang,0,1.39894,99.43078
Aek Gondang,0,1.39894,99.43078
Aek Gondang,6.6,1.39894,99.43078
Aek Gondang,7.5,1.39894,99.43078
Aek Gondang,1.6,1.39894,99.43078
Aek Gondang,0,1.39894,99.43078
Aek Gondang,0,1.39894,99.43078
Aek Gondang,0.2,1.39894,99.43078
Aek Gondang,3.8,1.39894,99.43078
Aek Gondang,0,1.39894,99.43078
Aek Gondang,0.5,1.39894,99.43078
Aek Gondang,0,1.39894,99.43078
Aek Gondang,22.5,1.39894,99.43078
Aek Gondang,0,1.39894,99.43078
Aek Gondang,4.3,1.39894,99.43078
Aek Gondang,30.8,1.39894,99.43078
Aek Gondang,24.1,1.39894,99.43078
Aek Gondang,0,1.39894,99.43078
Aek Gondang,5.5,1.39894,99.43078
Aek Gondang,3,1.39894,99.43078
Aek Gondang,4,1.39894,99.43078
Aek Gondang,0,1.39894,99.43078
Aek Gondang,2.4,1.39894,99.43078
Aek Gondang,0,1.39894,99.43078
Aek Gondang,0.5,1.39894,99.43078
Aek Gondang,3.5,1.39894,99.43078
Aek Gondang,0.2,1.39894,99.43078
Aek Gondang,3,1.39894,99.43078
Aek Gondang,0.5,1.39894,99.43078
Aek Gondang,4,1.39894,99.43078
Aek Gondang,4.3,1.39894,99.43078
Aek Gondang,0,1.39894,99.43078
Aek Gondang,0,1.39894,99.43078
Aek Gondang,40.7,1.39894,99.43078
Aek Gondang,1,1.39894,99.43078
Aek Gondang,0,1.39894,99.43078
Aek Gondang,0,1.39894,99.43078
Aek Gondang,0,1.39894,99.43078
Aek Gondang,0,1.39894,99.43078
Aek Gondang,0,1.39894,99.43078
Aek Gondang,0,1.39894,99.43078
Aek Gondang,6.8,1.39894,99.43078
Aek Gondang,6.5,1.39894,99.43078
Aek Gondang,0.2,1.39894,99.43078
Aek Gondang,0,1.39894,99.43078
Aek Gondang,0,1.39894,99.43078
Aek Gondang,1,1.39894,99.43078
Aek Gondang,0,1.39894,99.43078
Aek Gondang,0,1.39894,99.43078
Aek Gondang,0,1.39894,99.43078
Aek Gondang,0,1.39894,99.43078
Aek Gondang,0,1.39894,99.43078
Aek Gondang,0,1.39894,99.43078
Aek Gondang,0,1.39894,99.43078
Aek Gondang,0,1.39894,99.43078
Aek Gondang,0,1.39894,99.43078
Aek Gondang,0,1.39894,99.43078
Aek Gondang,0,1.39894,99.43078
Aek Gondang,0,1.39894,99.43078
Aek Gondang,0.8,1.39894,99.43078
Aek Gondang,0,1.39894,99.43078
Aek Gondang,0,1.39894,99.43078
Aek Gondang,0,1.39894,99.43078
Aek Gondang,3.5,1.39894,99.43078
Aek Gondang,1,1.39894,99.43078
Aek Gondang,0,1.39894,99.43078
Aek Gondang,0,1.39894,99.43078
Aek Gondang,0,1.39894,99.43078
Aek Gondang,0,1.39894,99.43078
Aek Gondang,0,1.39894,99.43078
Aek Gondang,0,1.39894,99.43078
Aek Gondang,0,1.39894,99.43078
Aek Gondang,0,1.39894,99.43078
Aek Gondang,0,1.39894,99.43078
Aek Gondang,30,1.39894,99.43078
Aek Gondang,0,1.39894,99.43078
Aek Gondang,1.9,1.39894,99.43078
Aek Gondang,0,1.39894,99.43078
Aek Gondang,0,1.39894,99.43078
Aek Gondang,0,1.39894,99.43078
Aek Gondang,0,1.39894,99.43078
Aek Gondang,0,1.39894,99.43078
Aek Gondang,0,1.39894,99.43078
Aek Gondang,6.9,1.39894,99.43078
Aek Gondang,0,1.39894,99.43078
Aek Gondang,0,1.39894,99.43078
Aek Gondang,0,1.39894,99.43078
Aek Gondang,0,1.39894,99.43078
Aek Gondang,0,1.39894,99.43078
Aek Gondang,0,1.39894,99.43078
Aek Gondang,0,1.39894,99.43078
Aek Gondang,0,1.39894,99.43078
Aek Gondang,0,1.39894,99.43078
Aek Gondang,0,1.39894,99.43078
Aek Gondang,0.5,1.39894,99.43078
Aek Gondang,23.6,1.39894,99.43078
Aek Gondang,0,1.39894,99.43078
Aek Gondang,0,1.39894,99.43078
Aek Gondang,2.2,1.39894,99.43078
Aek Gondang,0.3,1.39894,99.43078
Aek Gondang,0,1.39894,99.43078
Aek Gondang,0,1.39894,99.43078
Aek Gondang,0,1.39894,99.43078
Aek Gondang,0,1.39894,99.43078
Aek Gondang,0,1.39894,99.43078
Aek Gondang,0,1.39894,99.43078
Aek Gondang,0.5,1.39894,99.43078
Aek Gondang,0,1.39894,99.43078
Aek Gondang,2.3,1.39894,99.43078
Aek Gondang,0,1.39894,99.43078
Aek Gondang,0,1.39894,99.43078
Aek Gondang,0,1.39894,99.43078
Aek Gondang,0,1.39894,99.43078
Aek Gondang,11.3,1.39894,99.43078
Aek Gondang,0,1.39894,99.43078
Aek Gondang,6.5,1.39894,99.43078
Aek Gondang,0,1.39894,99.43078
Aek Gondang,0,1.39894,99.43078
Aek Gondang,0,1.39894,99.43078
Aek Gondang,0,1.39894,99.43078
Aek Gondang,0,1.39894,99.43078
Aek Gondang,2,1.39894,99.43078
Aek Gondang,0,1.39894,99.43078
Aek Gondang,0,1.39894,99.43078
Aek Gondang,0,1.39894,99.43078
Aek Gondang,0.5,1.39894,99.43078
Aek Gondang,0,1.39894,99.43078
Aek Gondang,0,1.39894,99.43078
Aek Gondang,0,1.39894,99.43078
Aek Gondang,0,1.39894,99.43078
Aek Gondang,0,1.39894,99.43078
Aek Gondang,0,1.39894,99.43078
Aek Gondang,6,1.39894,99.43078
Aek Gondang,0,1.39894,99.43078
Aek Gondang,0,1.39894,99.43078
Aek Gondang,0,1.39894,99.43078
Aek Gondang,0,1.39894,99.43078
Aek Gondang,0,1.39894,99.43078
Aek Gondang,0,1.39894,99.43078
Aek Gondang,0,1.39894,99.43078
Aek Gondang,0.7,1.39894,99.43078
Aek Gondang,0,1.39894,99.43078
Aek Gondang,1.8,1.39894,99.43078
Aek Gondang,0,1.39894,99.43078
Aek Gondang,0,1.39894,99.43078
Aek Gondang,0,1.39894,99.43078
Aek Gondang,0,1.39894,99.43078
Aek Gondang,0,1.39894,99.43078
Aek Gondang,2,1.39894,99.43078
Aek Gondang,7.1,1.39894,99.43078
Aek Gondang,0,1.39894,99.43078
Aek Gondang,13,1.39894,99.43078
Aek Gondang,0,1.39894,99.43078
Aek Gondang,0,1.39894,99.43078
Aek Gondang,0,1.39894,99.43078
Aek Gondang,0,1.39894,99.43078
Aek Gondang,0.9,1.39894,99.43078
Aek Gondang,2.2,1.39894,99.43078
Aek Gondang,2.8,1.39894,99.43078
Aek Gondang,0.7,1.39894,99.43078
Aek Gondang,0,1.39894,99.43078
Aek Gondang,0,1.39894,99.43078
Aek Gondang,0,1.39894,99.43078
Aek Gondang,5.9,1.39894,99.43078
Aek Gondang,0,1.39894,99.43078
Aek Gondang,0,1.39894,99.43078
Aek Gondang,8,1.39894,99.43078
Aek Gondang,0,1.39894,99.43078
Aek Gondang,0,1.39894,99.43078
Aek Gondang,0,1.39894,99.43078
Aek Gondang,0.2,1.39894,99.43078
Aek Gondang,2.2,1.39894,99.43078
Aek Gondang,0,1.39894,99.43078
Aek Gondang,1.6,1.39894,99.43078
Aek Gondang,2.7,1.39894,99.43078
Aek Gondang,0,1.39894,99.43078
Aek Gondang,0,1.39894,99.43078
Aek Gondang,8.6,1.39894,99.43078
Aek Gondang,0,1.39894,99.43078
Aek Gondang,0,1.39894,99.43078
Aek Gondang,0,1.39894,99.43078
Aek Gondang,0,1.39894,99.43078
Aek Gondang,0,1.39894,99.43078
Aek Gondang,0.1,1.39894,99.43078
Aek Gondang,0,1.39894,99.43078
Aek Gondang,10.9,1.39894,99.43078
Aek Gondang,0,1.39894,99.43078
Aek Gondang,1.2,1.39894,99.43078
Aek Gondang,15.5,1.39894,99.43078
Aek Gondang,10.1,1.39894,99.43078
Aek Gondang,0,1.39894,99.43078
Aek Gondang,2.3,1.39894,99.43078
Aek Gondang,1.2,1.39894,99.43078
Aek Gondang,0,1.39894,99.43078
Aek Gondang,0,1.39894,99.43078
Aek Gondang,0,1.39894,99.43078
Aek Gondang,4.2,1.39894,99.43078
Aek Gondang,0,1.39894,99.43078
Aek Gondang,0,1.39894,99.43078
Aek Gondang,12.2,1.39894,99.43078
Aek Gondang,0.6,1.39894,99.43078
Aek Gondang,1.3,1.39894,99.43078
Aek Gondang,0,1.39894,99.43078
Aek Gondang,0,1.39894,99.43078
Aek Gondang,1.5,1.39894,99.43078
Aek Gondang,4.3,1.39894,99.43078
Aek Gondang,2.8,1.39894,99.43078
Aek Gondang,0,1.39894,99.43078
Aek Gondang,15.2,1.39894,99.43078
Aek Gondang,2.7,1.39894,99.43078
Aek Gondang,0.7,1.39894,99.43078
Aek Gondang,0.4,1.39894,99.43078
Aek Gondang,1,1.39894,99.43078
Aek Gondang,65.2,1.39894,99.43078
Aek Gondang,0,1.39894,99.43078
Aek Gondang,0,1.39894,99.43078
Aek Gondang,9.5,1.39894,99.43078
Aek Gondang,18.4,1.39894,99.43078
Aek Gondang,0,1.39894,99.43078
Aek Gondang,0,1.39894,99.43078
Aek Gondang,8,1.39894,99.43078
Aek Gondang,0,1.39894,99.43078
Aek Gondang,0.3,1.39894,99.43078
Aek Gondang,23.8,1.39894,99.43078
Aek Gondang,27.8,1.39894,99.43078
Aek Gondang,2,1.39894,99.43078
Aek Gondang,0.5,1.39894,99.43078
Aek Gondang,0,1.39894,99.43078
Aek Gondang,5.8,1.39894,99.43078
Aek Gondang,5.2,1.39894,99.43078
Aek Gondang,0,1.39894,99.43078
Aek Gondang,0,1.39894,99.43078
Aek Gondang,0,1.39894,99.43078
Aek Gondang,11.8,1.39894,99.43078
Aek Gondang,12.8,1.39894,99.43078
Aek Gondang,20.3,1.39894,99.43078
Aek Gondang,0,1.39894,99.43078
Aek Gondang,8.6,1.39894,99.43078
Aek Gondang,0.2,1.39894,99.43078
Aek Gondang,0,1.39894,99.43078
Aek Gondang,6.5,1.39894,99.43078
Aek Gondang,3.2,1.39894,99.43078
Aek Gondang,1.5,1.39894,99.43078
Aek Gondang,0,1.39894,99.43078
Aek Gondang,0,1.39894,99.43078
Aek Gondang,7,1.39894,99.43078
Aek Gondang,0,1.39894,99.43078
Aek Gondang,8,1.39894,99.43078
Aek Gondang,0,1.39894,99.43078
Aek Gondang,15.3,1.39894,99.43078
Aek Gondang,11,1.39894,99.43078
Aek Gondang,2.1,1.39894,99.43078
Aek Gondang,0,1.39894,99.43078
Aek Gondang,3.5,1.39894,99.43078
Aek Gondang,0,1.39894,99.43078
Aek Gondang,12.4,1.39894,99.43078
Aek Gondang,0,1.39894,99.43078
Aek Gondang,50,1.39894,99.43078
Aek Gondang,0,1.39894,99.43078
Aek Gondang,0,1.39894,99.43078
Aek Gondang,0,1.39894,99.43078
Aek Gondang,29.5,1.39894,99.43078
Aek Gondang,6.1,1.39894,99.43078
Aek Gondang,0,1.39894,99.43078
Aek Gondang,0,1.39894,99.43078
Aek Gondang,20.2,1.39894,99.43078
Aek Gondang,0,1.39894,99.43078
Aek Gondang,11.5,1.39894,99.43078
Aek Gondang,0,1.39894,99.43078
Aek Gondang,10,1.39894,99.43078
Aek Gondang,0.2,1.39894,99.43078
Aek Gondang,0,1.39894,99.43078
Aek Gondang,1.2,1.39894,99.43078
Aek Gondang,59,1.39894,99.43078
Aek Gondang,47.5,1.39894,99.43078
Aek Gondang,1.5,1.39894,99.43078
Aek Gondang,14.2,1.39894,99.43078
Aek Gondang,0.5,1.39894,99.43078
Aek Gondang,0,1.39894,99.43078
Aek Gondang,0,1.39894,99.43078
Aek Gondang,10.3,1.39894,99.43078
Aek Gondang,0,1.39894,99.43078
Aek Gondang,10,1.39894,99.43078
Aek Gondang,0,1.39894,99.43078
Aek Gondang,18.2,1.39894,99.43078
Aek Gondang,0,1.39894,99.43078
Aek Gondang,4.5,1.39894,99.43078
Aek Gondang,0,1.39894,99.43078
Aek Gondang,4,1.39894,99.43078
Aek Gondang,3,1.39894,99.43078
Aek Gondang,0,1.39894,99.43078
Aek Gondang,4,1.39894,99.43078
Aek Gondang,37,1.39894,99.43078
Aek Gondang,0.5,1.39894,99.43078
Aek Gondang,27.9,1.39894,99.43078
Aek Gondang,17.5,1.39894,99.43078
Aek Gondang,0,1.39894,99.43078
Aek Gondang,8,1.39894,99.43078
Aek Gondang,0.3,1.39894,99.43078
Aek Gondang,1,1.39894,99.43078
Aek Gondang,0,1.39894,99.43078
Aek Gondang,0,1.39894,99.43078
Aek Gondang,0,1.39894,99.43078
Aek Gondang,1.4,1.39894,99.43078
Aek Gondang,0,1.39894,99.43078
Aek Gondang,6.5,1.39894,99.43078
Aek Gondang,5.7,1.39894,99.43078
Aek Gondang,0,1.39894,99.43078
Aek Gondang,2.8,1.39894,99.43078
Aek Gondang,33.2,1.39894,99.43078
Aek Gondang,0,1.39894,99.43078
Aek Gondang,14.4,1.39894,99.43078
Aek Gondang,0,1.39894,99.43078
Aek Gondang,0,1.39894,99.43078
Aek Gondang,0,1.39894,99.43078
Aek Gondang,19.5,1.39894,99.43078
Aek Gondang,0,1.39894,99.43078
Aek Gondang,1.1,1.39894,99.43078
Aek Gondang,2.5,1.39894,99.43078
Aek Gondang,24,1.39894,99.43078
Aek Gondang,0,1.39894,99.43078
Aek Gondang,0,1.39894,99.43078
Aek Gondang,6.5,1.39894,99.43078
Aek Gondang,65.8,1.39894,99.43078
Aek Gondang,0.4,1.39894,99.43078
Aek Gondang,0,1.39894,99.43078
Aek Gondang,2,1.39894,99.43078
Aek Gondang,0,1.39894,99.43078
Aek Gondang,3.8,1.39894,99.43078
Aek Gondang,96,1.39894,99.43078
Aek Gondang,3,1.39894,99.43078
Aek Gondang,0,1.39894,99.43078
Aek Gondang,0,1.39894,99.43078
Aek Gondang,0,1.39894,99.43078
Aek Gondang,1,1.39894,99.43078
Aek Gondang,0,1.39894,99.43078
Aek Gondang,24.5,1.39894,99.43078
Aek Gondang,1.7,1.39894,99.43078
Aek Gondang,6,1.39894,99.43078
Aek Gondang,0,1.39894,99.43078
Aek Gondang,1,1.39894,99.43078
Aek Gondang,1.5,1.39894,99.43078
Aek Gondang,8.5,1.39894,99.43078
Aek Gondang,0,1.39894,99.43078
Aek Gondang,2.9,1.39894,99.43078
Aek Gondang,3.2,1.39894,99.43078
Aek Gondang,0,1.39894,99.43078
Aek Gondang,27.9,1.39894,99.43078
Aek Gondang,3,1.39894,99.43078
Aek Gondang,0,1.39894,99.43078
Aek Gondang,2,1.39894,99.43078
Aek Gondang,0,1.39894,99.43078
Aek Gondang,18,1.39894,99.43078
Aek Gondang,0,1.39894,99.43078
Aek Gondang,71,1.39894,99.43078
Aek Gondang,0,1.39894,99.43078
Aek Gondang,0,1.39894,99.43078
Aek Gondang,0.3,1.39894,99.43078
Aek Gondang,0,1.39894,99.43078
Aek Gondang,2.6,1.39894,99.43078
Aek Gondang,0,1.39894,99.43078
Aek Gondang,0,1.39894,99.43078
Aek Gondang,0.5,1.39894,99.43078
Aek Gondang,1.9,1.39894,99.43078
Aek Gondang,0.6,1.39894,99.43078
Aek Gondang,0,1.39894,99.43078
Aek Gondang,0.5,1.39894,99.43078
Aek Gondang,0,1.39894,99.43078
Aek Gondang,92.5,1.39894,99.43078
Aek Gondang,6.8,1.39894,99.43078
Aek Gondang,0,1.39894,99.43078
Aek Gondang,0,1.39894,99.43078
Aek Gondang,0,1.39894,99.43078
Aek Gondang,17,1.39894,99.43078
Aek Gondang,0,1.39894,99.43078
Aek Gondang,5,1.39894,99.43078
Aek Gondang,0,1.39894,99.43078
Aek Gondang,0,1.39894,99.43078
Aek Gondang,0,1.39894,99.43078
Aek Gondang,0,1.39894,99.43078
Aek Gondang,0,1.39894,99.43078
Aek Gondang,7.5,1.39894,99.43078
Aek Gondang,0.5,1.39894,99.43078
Aek Gondang,0,1.39894,99.43078
Aek Gondang,0,1.39894,99.43078
Aek Gondang,0,1.39894,99.43078
Aek Gondang,0,1.39894,99.43078
Aek Gondang,0,1.39894,99.43078
Aek Gondang,26.5,1.39894,99.43078
Aek Gondang,3,1.39894,99.43078
Aek Gondang,18.5,1.39894,99.43078
Aek Gondang,0,1.39894,99.43078
Aek Gondang,1.6,1.39894,99.43078
Aek Gondang,0,1.39894,99.43078
Aek Gondang,0,1.39894,99.43078
Aek Gondang,0,1.39894,99.43078
Aek Gondang,0,1.39894,99.43078
Aek Gondang,0,1.39894,99.43078
Aek Gondang,77,1.39894,99.43078
Aek Gondang,0,1.39894,99.43078
Aek Gondang,20.1,1.39894,99.43078
Aek Gondang,0,1.39894,99.43078
Aek Gondang,0,1.39894,99.43078
Aek Gondang,0,1.39894,99.43078
Aek Gondang,34.5,1.39894,99.43078
Aek Gondang,0,1.39894,99.43078
Aek Gondang,0,1.39894,99.43078
Aek Gondang,0,1.39894,99.43078
Aek Gondang,51.1,1.39894,99.43078
Aek Gondang,0,1.39894,99.43078
Aek Gondang,0,1.39894,99.43078
Aek Gondang,0,1.39894,99.43078
Aek Gondang,0,1.39894,99.43078
Aek Gondang,0,1.39894,99.43078
Aek Gondang,0,1.39894,99.43078
Aek Gondang,0,1.39894,99.43078
Aek Gondang,0,1.39894,99.43078
Aek Gondang,0,1.39894,99.43078
Aek Gondang,1.5,1.39894,99.43078
Aek Gondang,0.1,1.39894,99.43078
Aek Gondang,0,1.39894,99.43078
Aek Gondang,0,1.39894,99.43078
Aek Gondang,0,1.39894,99.43078
Aek Gondang,0,1.39894,99.43078
Aek Gondang,0,1.39894,99.43078
Aek Gondang,0,1.39894,99.43078
Aek Gondang,0,1.39894,99.43078
Aek Gondang,1.1,1.39894,99.43078
Aek Gondang,0,1.39894,99.43078
Aek Gondang,0,1.39894,99.43078
Aek Gondang,0,1.39894,99.43078
Aek Gondang,0,1.39894,99.43078
Aek Gondang,0,1.39894,99.43078
Aek Gondang,0.8,1.39894,99.43078
Aek Gondang,0,1.39894,99.43078
Aek Gondang,0,1.39894,99.43078
Aek Gondang,0,1.39894,99.43078
Aek Gondang,0,1.39894,99.43078
Aek Gondang,0,1.39894,99.43078
Aek Gondang,0.8,1.39894,99.43078
Aek Gondang,0,1.39894,99.43078
Aek Gondang,0,1.39894,99.43078
Aek Gondang,10.1,1.39894,99.43078
Aek Gondang,1.5,1.39894,99.43078
Aek Gondang,1.1,1.39894,99.43078
Aek Gondang,0,1.39894,99.43078
Aek Gondang,0,1.39894,99.43078
Aek Gondang,1.1,1.39894,99.43078
Aek Gondang,0,1.39894,99.43078
Aek Gondang,2.5,1.39894,99.43078
Aek Gondang,0,1.39894,99.43078
Aek Gondang,0,1.39894,99.43078
Aek Gondang,0,1.39894,99.43078
Aek Gondang,0,1.39894,99.43078
Aek Gondang,0,1.39894,99.43078
Aek Gondang,0,1.39894,99.43078
Aek Gondang,0,1.39894,99.43078
Aek Gondang,0,1.39894,99.43078
Aek Gondang,0,1.39894,99.43078
Aek Gondang,0,1.39894,99.43078
Aek Gondang,0,1.39894,99.43078
Aek Gondang,3.3,1.39894,99.43078
Aek Gondang,0,1.39894,99.43078
Aek Gondang,0,1.39894,99.43078
Aek Gondang,0.1,1.39894,99.43078
Aek Gondang,0.1,1.39894,99.43078
Aek Gondang,0,1.39894,99.43078
Aek Gondang,2,1.39894,99.43078
Aek Gondang,4.5,1.39894,99.43078
Aek Gondang,8,1.39894,99.43078
Aek Gondang,0,1.39894,99.43078
Aek Gondang,0,1.39894,99.43078
Aek Gondang,0,1.39894,99.43078
Aek Gondang,1.5,1.39894,99.43078
Aek Gondang,66,1.39894,99.43078
Aek Gondang,10,1.39894,99.43078
Aek Gondang,5.8,1.39894,99.43078
Aek Gondang,0,1.39894,99.43078
Aek Gondang,0.1,1.39894,99.43078
Aek Gondang,1,1.39894,99.43078
Aek Gondang,0,1.39894,99.43078
Aek Gondang,0.3,1.39894,99.43078
Aek Gondang,3.8,1.39894,99.43078
Aek Gondang,0,1.39894,99.43078
Aek Gondang,0,1.39894,99.43078
Aek Gondang,56.5,1.39894,99.43078
Aek Gondang,0,1.39894,99.43078
Aek Gondang,46,1.39894,99.43078
Aek Gondang,0.8,1.39894,99.43078
Aek Gondang,12.5,1.39894,99.43078
Aek Gondang,7,1.39894,99.43078
Aek Gondang,0,1.39894,99.43078
Aek Gondang,11,1.39894,99.43078
Aek Gondang,0.9,1.39894,99.43078
Aek Gondang,21.7,1.39894,99.43078
Aek Gondang,0.3,1.39894,99.43078
Aek Gondang,0,1.39894,99.43078
Aek Gondang,0,1.39894,99.43078
Aek Gondang,0,1.39894,99.43078
Aek Gondang,0,1.39894,99.43078
Aek Gondang,0,1.39894,99.43078
Aek Gondang,0,1.39894,99.43078
Aek Gondang,0.2,1.39894,99.43078
Aek Gondang,0,1.39894,99.43078
Aek Gondang,0,1.39894,99.43078
Aek Gondang,0,1.39894,99.43078
Aek Gondang,0,1.39894,99.43078
Aek Gondang,0,1.39894,99.43078
Aek Gondang,1.7,1.39894,99.43078
Aek Gondang,1.2,1.39894,99.43078
Aek Gondang,4.5,1.39894,99.43078
Aek Gondang,23.7,1.39894,99.43078
Aek Gondang,12,1.39894,99.43078
Aek Gondang,1.1,1.39894,99.43078
Aek Gondang,0,1.39894,99.43078
Aek Gondang,0,1.39894,99.43078
Aek Gondang,0,1.39894,99.43078
Aek Gondang,4.3,1.39894,99.43078
Aek Gondang,1,1.39894,99.43078
Aek Gondang,1.5,1.39894,99.43078
Aek Gondang,0,1.39894,99.43078
Aek Gondang,3.8,1.39894,99.43078
Aek Gondang,0,1.39894,99.43078
Aek Gondang,0,1.39894,99.43078
Aek Gondang,0,1.39894,99.43078
Aek Gondang,0,1.39894,99.43078
Aek Gondang,2.5,1.39894,99.43078
Aek Gondang,0,1.39894,99.43078
Aek Gondang,0,1.39894,99.43078
Aek Gondang,0,1.39894,99.43078
Aek Gondang,0,1.39894,99.43078
Aek Gondang,14.5,1.39894,99.43078
Aek Gondang,0,1.39894,99.43078
Aek Gondang,0,1.39894,99.43078
Aek Gondang,0.7,1.39894,99.43078
Aek Gondang,37.5,1.39894,99.43078
Aek Gondang,0,1.39894,99.43078
Aek Gondang,0,1.39894,99.43078
Aek Gondang,0,1.39894,99.43078
Aek Gondang,0,1.39894,99.43078
Aek Gondang,39.4,1.39894,99.43078
Aek Gondang,0,1.39894,99.43078
Aek Gondang,0,1.39894,99.43078
Aek Gondang,0,1.39894,99.43078
Aek Gondang,1.1,1.39894,99.43078
Aek Gondang,0,1.39894,99.43078
Aek Gondang,0,1.39894,99.43078
Aek Gondang,0,1.39894,99.43078
Aek Gondang,0,1.39894,99.43078
Aek Gondang,0,1.39894,99.43078
Aek Gondang,0,1.39894,99.43078
Aek Gondang,0,1.39894,99.43078
Aek Gondang,54,1.39894,99.43078
Aek Gondang,7,1.39894,99.43078
Aek Gondang,7.5,1.39894,99.43078
Aek Gondang,0,1.39894,99.43078
Aek Gondang,0,1.39894,99.43078
Aek Gondang,4.4,1.39894,99.43078
Aek Gondang,0,1.39894,99.43078
Aek Gondang,0.7,1.39894,99.43078
Aek Gondang,5.8,1.39894,99.43078
Aek Gondang,10.6,1.39894,99.43078
Aek Gondang,0,1.39894,99.43078
Aek Gondang,4.7,1.39894,99.43078
Aek Gondang,0,1.39894,99.43078
Aek Gondang,0,1.39894,99.43078
Aek Gondang,3.4,1.39894,99.43078
Aek Gondang,0,1.39894,99.43078
Aek Gondang,2.5,1.39894,99.43078
Aek Gondang,0,1.39894,99.43078
Aek Gondang,3.6,1.39894,99.43078
Aek Gondang,20.6,1.39894,99.43078
Aek Gondang,2,1.39894,99.43078
Aek Gondang,7.3,1.39894,99.43078
Aek Gondang,0.4,1.39894,99.43078
Aek Gondang,17,1.39894,99.43078
Aek Gondang,0,1.39894,99.43078
Aek Gondang,0,1.39894,99.43078
Aek Gondang,12.2,1.39894,99.43078
Aek Gondang,3,1.39894,99.43078
Aek Gondang,0,1.39894,99.43078
Aek Gondang,0.8,1.39894,99.43078
Aek Gondang,14.4,1.39894,99.43078
Aek Gondang,0.8,1.39894,99.43078
Aek Gondang,0,1.39894,99.43078
Aek Gondang,5.7,1.39894,99.43078
Aek Gondang,0,1.39894,99.43078
Aek Gondang,0,1.39894,99.43078
Aek Gondang,0.2,1.39894,99.43078
Aek Gondang,3,1.39894,99.43078
Aek Gondang,0,1.39894,99.43078
Aek Gondang,2.4,1.39894,99.43078
Aek Gondang,0.8,1.39894,99.43078
Aek Gondang,2.1,1.39894,99.43078
Aek Gondang,0.3,1.39894,99.43078
Aek Gondang,0,1.39894,99.43078
Aek Gondang,56,1.39894,99.43078
Aek Gondang,8.6,1.39894,99.43078
Aek Gondang,0,1.39894,99.43078
Aek Gondang,11.2,1.39894,99.43078
Aek Gondang,0,1.39894,99.43078
Aek Gondang,0,1.39894,99.43078
Aek Gondang,3.7,1.39894,99.43078
Aek Gondang,0,1.39894,99.43078
Aek Gondang,0,1.39894,99.43078
Aek Gondang,3.4,1.39894,99.43078
Aek Gondang,1.4,1.39894,99.43078
Aek Gondang,13.7,1.39894,99.43078
Aek Gondang,0.3,1.39894,99.43078
Aek Gondang,0,1.39894,99.43078
Aek Gondang,17.8,1.39894,99.43078
Aek Gondang,6,1.39894,99.43078
Aek Gondang,3.6,1.39894,99.43078
Aek Gondang,18.4,1.39894,99.43078
Aek Gondang,0,1.39894,99.43078
Aek Gondang,0,1.39894,99.43078
Aek Gondang,0,1.39894,99.43078
Aek Gondang,0,1.39894,99.43078
Aek Gondang,1.6,1.39894,99.43078
Aek Gondang,0,1.39894,99.43078
Aek Gondang,0,1.39894,99.43078
Aek Gondang,1.1,1.39894,99.43078
Aek Gondang,0,1.39894,99.43078
Aek Gondang,2.4,1.39894,99.43078
Aek Gondang,0,1.39894,99.43078
Aek Gondang,0,1.39894,99.43078
Aek Gondang,1.8,1.39894,99.43078
Aek Gondang,0,1.39894,99.43078
Aek Gondang,0,1.39894,99.43078
Aek Gondang,43,1.39894,99.43078
Aek Gondang,47,1.39894,99.43078
Aek Gondang,0,1.39894,99.43078
Aek Gondang,0,1.39894,99.43078
Aek Gondang,7.3,1.39894,99.43078
Aek Gondang,0,1.39894,99.43078
Aek Gondang,0,1.39894,99.43078
Aek Gondang,0,1.39894,99.43078
Aek Gondang,0,1.39894,99.43078
Aek Gondang,30,1.39894,99.43078
Aek Gondang,0,1.39894,99.43078
Aek Gondang,0,1.39894,99.43078
Aek Gondang,0,1.39894,99.43078
Aek Gondang,0,1.39894,99.43078
Aek Gondang,0,1.39894,99.43078
Aek Gondang,1.8,1.39894,99.43078
Aek Gondang,21.7,1.39894,99.43078
Aek Gondang,0,1.39894,99.43078
Aek Gondang,0,1.39894,99.43078
Aek Gondang,1.4,1.39894,99.43078
Aek Gondang,15.4,1.39894,99.43078
Aek Gondang,0,1.39894,99.43078
Aek Gondang,3.8,1.39894,99.43078
Aek Gondang,1.5,1.39894,99.43078
Aek Gondang,0,1.39894,99.43078
Aek Gondang,2.9,1.39894,99.43078
Aek Gondang,1.5,1.39894,99.43078
Aek Gondang,0,1.39894,99.43078
Aek Gondang,6,1.39894,99.43078
Aek Gondang,11.3,1.39894,99.43078
Aek Gondang,0,1.39894,99.43078
Aek Gondang,0,1.39894,99.43078
Aek Gondang,4.1,1.39894,99.43078
Aek Gondang,0,1.39894,99.43078
Aek Gondang,0,1.39894,99.43078
Aek Gondang,0.2,1.39894,99.43078
Aek Gondang,3,1.39894,99.43078
Aek Gondang,0,1.39894,99.43078
Aek Gondang,0,1.39894,99.43078
Aek Gondang,0,1.39894,99.43078
Aek Gondang,0,1.39894,99.43078
Aek Gondang,3.7,1.39894,99.43078
Aek Gondang,0.6,1.39894,99.43078
Aek Gondang,17.9,1.39894,99.43078
Aek Gondang,0,1.39894,99.43078
Aek Gondang,0,1.39894,99.43078
Aek Gondang,0.1,1.39894,99.43078
Aek Gondang,3.5,1.39894,99.43078
Aek Gondang,0,1.39894,99.43078
Aek Gondang,0,1.39894,99.43078
Aek Gondang,0,1.39894,99.43078
Aek Gondang,0,1.39894,99.43078
Aek Gondang,1,1.39894,99.43078
Aek Gondang,47.5,1.39894,99.43078
Aek Gondang,0,1.39894,99.43078
Aek Gondang,6,1.39894,99.43078
Aek Gondang,0.2,1.39894,99.43078
Aek Gondang,0,1.39894,99.43078
Aek Gondang,0,1.39894,99.43078
Aek Gondang,20.1,1.39894,99.43078
Aek Gondang,13.5,1.39894,99.43078
Aek Gondang,16.6,1.39894,99.43078
Aek Gondang,2.8,1.39894,99.43078
Aek Gondang,0,1.39894,99.43078
Aek Gondang,0,1.39894,99.43078
Aek Gondang,0,1.39894,99.43078
Aek Gondang,1.5,1.39894,99.43078
Aek Gondang,0,1.39894,99.43078
Aek Gondang,0,1.39894,99.43078
Aek Gondang,25.4,1.39894,99.43078
Aek Gondang,0,1.39894,99.43078
Aek Gondang,0,1.39894,99.43078
Aek Gondang,0,1.39894,99.43078
Aek Gondang,36,1.39894,99.43078
Aek Gondang,1.2,1.39894,99.43078
Aek Gondang,0,1.39894,99.43078
Aek Gondang,1.5,1.39894,99.43078
Aek Gondang,0,1.39894,99.43078
Aek Gondang,0.5,1.39894,99.43078
Aek Gondang,0,1.39894,99.43078
Aek Gondang,0,1.39894,99.43078
Aek Gondang,0,1.39894,99.43078
Aek Gondang,0,1.39894,99.43078
Aek Gondang,10.8,1.39894,99.43078
Aek Gondang,1.4,1.39894,99.43078
Aek Gondang,2.5,1.39894,99.43078
Aek Gondang,0,1.39894,99.43078
Aek Gondang,0,1.39894,99.43078
Aek Gondang,15.8,1.39894,99.43078
Aek Gondang,0,1.39894,99.43078
Aek Gondang,32.4,1.39894,99.43078
Aek Gondang,2.5,1.39894,99.43078
Aek Gondang,0,1.39894,99.43078
Aek Gondang,2.5,1.39894,99.43078
Aek Gondang,0,1.39894,99.43078
Aek Gondang,3.8,1.39894,99.43078
Aek Gondang,45.5,1.39894,99.43078
Aek Gondang,0,1.39894,99.43078
Aek Gondang,27.5,1.39894,99.43078
Aek Gondang,7.8,1.39894,99.43078
Aek Gondang,51.5,1.39894,99.43078
Aek Gondang,0,1.39894,99.43078
Aek Gondang,1.5,1.39894,99.43078
Aek Gondang,0,1.39894,99.43078
Aek Gondang,4.5,1.39894,99.43078
Aek Gondang,0.2,1.39894,99.43078
Aek Gondang,8.8,1.39894,99.43078
Aek Gondang,5,1.39894,99.43078
Aek Gondang,15,1.39894,99.43078
Aek Gondang,2.5,1.39894,99.43078
Aek Gondang,2,1.39894,99.43078
Aek Gondang,2.6,1.39894,99.43078
Aek Gondang,4,1.39894,99.43078
Aek Gondang,0,1.39894,99.43078
Aek Gondang,0,1.39894,99.43078
Aek Gondang,14.4,1.39894,99.43078
Aek Gondang,0,1.39894,99.43078
Aek Gondang,0.6,1.39894,99.43078
Aek Gondang,5,1.39894,99.43078
Aek Gondang,5.6,1.39894,99.43078
Aek Gondang,14.8,1.39894,99.43078
Aek Gondang,0,1.39894,99.43078
Aek Gondang,8.9,1.39894,99.43078
Aek Gondang,0,1.39894,99.43078
Aek Gondang,11.5,1.39894,99.43078
Aek Gondang,0.8,1.39894,99.43078
Aek Gondang,0,1.39894,99.43078
Aek Gondang,1,1.39894,99.43078
Aek Gondang,10.8,1.39894,99.43078
Aek Gondang,0,1.39894,99.43078
Aek Gondang,33,1.39894,99.43078
Aek Gondang,0,1.39894,99.43078
Aek Gondang,10.6,1.39894,99.43078
Aek Gondang,2.6,1.39894,99.43078
Aek Gondang,9.5,1.39894,99.43078
Aek Gondang,1.5,1.39894,99.43078
Aek Gondang,0,1.39894,99.43078
Aek Gondang,28.7,1.39894,99.43078
Aek Gondang,23.8,1.39894,99.43078
Aek Gondang,0,1.39894,99.43078
Aek Gondang,0,1.39894,99.43078
Aek Gondang,0,1.39894,99.43078
Aek Gondang,9,1.39894,99.43078
Aek Gondang,0,1.39894,99.43078
Aek Gondang,0,1.39894,99.43078
Aek Gondang,0,1.39894,99.43078
Aek Gondang,0,1.39894,99.43078
Aek Gondang,0,1.39894,99.43078
Aek Gondang,0,1.39894,99.43078
Aek Gondang,0,1.39894,99.43078
Aek Gondang,0,1.39894,99.43078
Aek Gondang,0.4,1.39894,99.43078
Aek Gondang,1,1.39894,99.43078
Aek Gondang,2.5,1.39894,99.43078
Aek Gondang,0,1.39894,99.43078
Aek Gondang,0.5,1.39894,99.43078
Aek Gondang,0,1.39894,99.43078
Aek Gondang,0,1.39894,99.43078
Aek Gondang,0,1.39894,99.43078
Aek Gondang,2.5,1.39894,99.43078
Aek Gondang,0,1.39894,99.43078
Aek Gondang,0,1.39894,99.43078
Aek Gondang,3,1.39894,99.43078
Aek Gondang,0,1.39894,99.43078
Aek Gondang,0,1.39894,99.43078
Aek Gondang,0,1.39894,99.43078
Aek Gondang,0,1.39894,99.43078
Aek Gondang,0,1.39894,99.43078
Aek Gondang,0,1.39894,99.43078
Aek Gondang,0,1.39894,99.43078
Aek Gondang,0.5,1.39894,99.43078
Aek Gondang,0,1.39894,99.43078
Aek Gondang,0.1,1.39894,99.43078
Aek Gondang,0,1.39894,99.43078
Aek Gondang,0,1.39894,99.43078
Aek Gondang,0,1.39894,99.43078
Aek Gondang,0,1.39894,99.43078
Aek Gondang,0,1.39894,99.43078
Aek Gondang,0.8,1.39894,99.43078
Aek Gondang,0,1.39894,99.43078
Aek Gondang,5.5,1.39894,99.43078
Aek Gondang,0,1.39894,99.43078
Aek Gondang,0,1.39894,99.43078
Aek Gondang,0,1.39894,99.43078
Aek Gondang,0,1.39894,99.43078
Aek Gondang,1.1,1.39894,99.43078
Aek Gondang,0,1.39894,99.43078
Aek Gondang,0,1.39894,99.43078
Aek Gondang,0,1.39894,99.43078
Aek Gondang,0,1.39894,99.43078
Aek Gondang,0,1.39894,99.43078
Aek Gondang,0,1.39894,99.43078
Aek Gondang,0,1.39894,99.43078
Aek Gondang,4,1.39894,99.43078
Aek Gondang,0,1.39894,99.43078
Aek Gondang,0.2,1.39894,99.43078
Aek Gondang,13.4,1.39894,99.43078
Aek Gondang,0,1.39894,99.43078
Aek Gondang,0,1.39894,99.43078
Aek Gondang,0,1.39894,99.43078
Aek Gondang,0,1.39894,99.43078
Aek Gondang,1.4,1.39894,99.43078
Aek Gondang,0,1.39894,99.43078
Aek Gondang,0,1.39894,99.43078
Aek Gondang,0,1.39894,99.43078
Aek Gondang,0,1.39894,99.43078
Aek Gondang,0,1.39894,99.43078
Aek Gondang,0,1.39894,99.43078
Aek Gondang,0,1.39894,99.43078
Aek Gondang,0,1.39894,99.43078
Aek Gondang,0,1.39894,99.43078
Aek Gondang,0,1.39894,99.43078
Aek Gondang,0,1.39894,99.43078
Aek Gondang,0,1.39894,99.43078
Aek Gondang,0,1.39894,99.43078
Aek Gondang,0,1.39894,99.43078
Aek Gondang,0,1.39894,99.43078
Aek Gondang,0,1.39894,99.43078
Aek Gondang,0,1.39894,99.43078
Aek Gondang,0,1.39894,99.43078
Aek Gondang,55.8,1.39894,99.43078
Aek Gondang,0,1.39894,99.43078
Aek Gondang,3.8,1.39894,99.43078
Aek Gondang,6.5,1.39894,99.43078
Aek Gondang,7.2,1.39894,99.43078
Aek Gondang,0,1.39894,99.43078
Aek Gondang,0,1.39894,99.43078
Aek Gondang,0,1.39894,99.43078
Aek Gondang,0.4,1.39894,99.43078
Aek Gondang,11.5,1.39894,99.43078
Aek Gondang,0,1.39894,99.43078
Aek Gondang,0.5,1.39894,99.43078
Aek Gondang,9.9,1.39894,99.43078
Aek Gondang,5.5,1.39894,99.43078
Aek Gondang,3.7,1.39894,99.43078
Aek Gondang,2.6,1.39894,99.43078
Aek Gondang,6.5,1.39894,99.43078
Aek Gondang,6.9,1.39894,99.43078
Aek Gondang,0,1.39894,99.43078
Aek Gondang,4.3,1.39894,99.43078
Aek Gondang,27.1,1.39894,99.43078
Aek Gondang,0,1.39894,99.43078
Aek Gondang,0.1,1.39894,99.43078
Aek Gondang,47.5,1.39894,99.43078
Aek Gondang,7.5,1.39894,99.43078
Aek Gondang,0,1.39894,99.43078
Aek Gondang,0,1.39894,99.43078
Aek Gondang,0,1.39894,99.43078
Aek Gondang,4.4,1.39894,99.43078
Aek Gondang,0,1.39894,99.43078
Aek Gondang,7,1.39894,99.43078
Aek Gondang,0,1.39894,99.43078
Aek Gondang,0,1.39894,99.43078
Aek Gondang,0,1.39894,99.43078
Aek Gondang,1.2,1.39894,99.43078
Aek Gondang,0,1.39894,99.43078
Aek Gondang,1,1.39894,99.43078
Aek Gondang,5.2,1.39894,99.43078
Aek Gondang,0,1.39894,99.43078
Aek Gondang,10.8,1.39894,99.43078
Aek Gondang,0,1.39894,99.43078
Aek Gondang,0,1.39894,99.43078
Aek Gondang,0,1.39894,99.43078
Aek Gondang,13.1,1.39894,99.43078
Aek Gondang,3.5,1.39894,99.43078
Aek Gondang,30,1.39894,99.43078
Aek Gondang,0,1.39894,99.43078
Aek Gondang,0,1.39894,99.43078
Aek Gondang,15.5,1.39894,99.43078
Aek Gondang,4.3,1.39894,99.43078
Aek Gondang,0,1.39894,99.43078
Aek Gondang,0,1.39894,99.43078
Aek Gondang,1.4,1.39894,99.43078
Aek Gondang,0,1.39894,99.43078
Aek Gondang,16,1.39894,99.43078
Aek Gondang,21.8,1.39894,99.43078
Aek Gondang,54.4,1.39894,99.43078
Aek Gondang,2.5,1.39894,99.43078
Aek Gondang,0.6,1.39894,99.43078
Aek Gondang,0.4,1.39894,99.43078
Aek Gondang,2.1,1.39894,99.43078
Aek Gondang,0,1.39894,99.43078
Aek Gondang,0,1.39894,99.43078
Aek Gondang,20.7,1.39894,99.43078
Aek Gondang,1.8,1.39894,99.43078
Aek Gondang,0,1.39894,99.43078
Aek Gondang,36.6,1.39894,99.43078
Aek Gondang,0,1.39894,99.43078
Aek Gondang,58,1.39894,99.43078
Aek Gondang,0,1.39894,99.43078
Aek Gondang,4.8,1.39894,99.43078
Aek Gondang,41.7,1.39894,99.43078
Aek Gondang,9.5,1.39894,99.43078
Aek Gondang,19.2,1.39894,99.43078
Aek Gondang,0,1.39894,99.43078
Aek Gondang,0.4,1.39894,99.43078
Aek Gondang,20,1.39894,99.43078
Aek Gondang,7.3,1.39894,99.43078
Aek Gondang,2.2,1.39894,99.43078
Aek Gondang,0.5,1.39894,99.43078
Aek Gondang,6.5,1.39894,99.43078
Aek Gondang,0,1.39894,99.43078
Aek Gondang,0.8,1.39894,99.43078
Aek Gondang,1.5,1.39894,99.43078
Aek Gondang,1,1.39894,99.43078
Aek Gondang,23.5,1.39894,99.43078
Aek Gondang,1.5,1.39894,99.43078
Aek Gondang,0,1.39894,99.43078
Aek Gondang,2.8,1.39894,99.43078
Aek Gondang,4.9,1.39894,99.43078
Aek Gondang,6.2,1.39894,99.43078
Aek Gondang,1.5,1.39894,99.43078
Aek Gondang,2.8,1.39894,99.43078
Aek Gondang,36.5,1.39894,99.43078
Aek Gondang,0,1.39894,99.43078
Aek Gondang,2,1.39894,99.43078
Aek Gondang,2.4,1.39894,99.43078
Aek Gondang,0,1.39894,99.43078
Aek Gondang,0,1.39894,99.43078
Aek Gondang,32.4,1.39894,99.43078
Aek Gondang,0,1.39894,99.43078
Aek Gondang,1,1.39894,99.43078
Aek Gondang,0,1.39894,99.43078
Aek Gondang,0,1.39894,99.43078
Aek Gondang,0,1.39894,99.43078
Aek Gondang,0.8,1.39894,99.43078
Aek Gondang,0,1.39894,99.43078
Aek Gondang,0,1.39894,99.43078
Aek Gondang,0,1.39894,99.43078
Aek Gondang,10,1.39894,99.43078
Aek Gondang,0,1.39894,99.43078
Aek Gondang,28.6,1.39894,99.43078
Aek Gondang,0,1.39894,99.43078
Aek Gondang,0,1.39894,99.43078
Aek Gondang,0,1.39894,99.43078
Aek Gondang,0,1.39894,99.43078
Aek Gondang,5.7,1.39894,99.43078
Aek Gondang,0,1.39894,99.43078
Aek Gondang,0,1.39894,99.43078
Aek Gondang,1,1.39894,99.43078
Aek Gondang,1.8,1.39894,99.43078
Aek Gondang,20.6,1.39894,99.43078
Aek Gondang,26.3,1.39894,99.43078
Aek Gondang,0,1.39894,99.43078
Aek Gondang,24.7,1.39894,99.43078
Aek Gondang,0,1.39894,99.43078
Aek Gondang,0,1.39894,99.43078
Aek Gondang,0,1.39894,99.43078
Aek Gondang,1.6,1.39894,99.43078
Aek Gondang,78.5,1.39894,99.43078
Aek Gondang,0.8,1.39894,99.43078
Aek Gondang,0.6,1.39894,99.43078
Aek Gondang,0.7,1.39894,99.43078
Aek Gondang,4,1.39894,99.43078
Aek Gondang,0,1.39894,99.43078
Aek Gondang,23.6,1.39894,99.43078
Aek Gondang,0,1.39894,99.43078
Aek Gondang,0,1.39894,99.43078
Aek Gondang,0,1.39894,99.43078
Aek Gondang,0.2,1.39894,99.43078
Aek Gondang,11.8,1.39894,99.43078
Aek Gondang,0,1.39894,99.43078
Aek Gondang,0.2,1.39894,99.43078
Aek Gondang,2.5,1.39894,99.43078
Aek Gondang,0,1.39894,99.43078
Aek Gondang,0,1.39894,99.43078
Aek Gondang,1,1.39894,99.43078
Aek Gondang,0,1.39894,99.43078
Aek Gondang,12.5,1.39894,99.43078
Aek Gondang,0.1,1.39894,99.43078
Aek Gondang,23.9,1.39894,99.43078
Aek Gondang,0,1.39894,99.43078
Aek Gondang,0,1.39894,99.43078
Aek Gondang,1.5,1.39894,99.43078
Aek Gondang,0.8,1.39894,99.43078
Aek Gondang,1.8,1.39894,99.43078
Aek Gondang,21,1.39894,99.43078
Aek Gondang,0.5,1.39894,99.43078
Aek Gondang,21.5,1.39894,99.43078
Aek Gondang,0,1.39894,99.43078
Aek Gondang,1,1.39894,99.43078
Aek Gondang,0,1.39894,99.43078
Aek Gondang,5,1.39894,99.43078
Aek Gondang,0,1.39894,99.43078
Aek Gondang,0.4,1.39894,99.43078
Aek Gondang,0.8,1.39894,99.43078
Aek Gondang,3,1.39894,99.43078
Aek Gondang,7.6,1.39894,99.43078
Aek Gondang,10.2,1.39894,99.43078
Aek Gondang,9.1,1.39894,99.43078
Aek Gondang,0,1.39894,99.43078
Aek Gondang,2.5,1.39894,99.43078
Aek Gondang,62.6,1.39894,99.43078
Aek Gondang,0,1.39894,99.43078
Aek Gondang,10.6,1.39894,99.43078
Aek Gondang,0,1.39894,99.43078
Aek Gondang,0.4,1.39894,99.43078
Aek Gondang,0,1.39894,99.43078
Aek Gondang,20,1.39894,99.43078
Aek Gondang,0,1.39894,99.43078
Aek Gondang,0,1.39894,99.43078
Aek Gondang,48.5,1.39894,99.43078
Aek Gondang,0.8,1.39894,99.43078
Aek Gondang,0,1.39894,99.43078
Aek Gondang,0.2,1.39894,99.43078
Aek Gondang,13.4,1.39894,99.43078
Aek Gondang,0,1.39894,99.43078
Aek Gondang,0.8,1.39894,99.43078
Aek Gondang,0,1.39894,99.43078
Aek Gondang,0,1.39894,99.43078
Aek Gondang,0,1.39894,99.43078
Aek Gondang,0,1.39894,99.43078
Aek Gondang,1.4,1.39894,99.43078
Aek Gondang,9,1.39894,99.43078
Aek Gondang,0,1.39894,99.43078
Aek Gondang,0,1.39894,99.43078
Aek Gondang,0,1.39894,99.43078
Aek Gondang,7.5,1.39894,99.43078
Aek Gondang,0,1.39894,99.43078
Aek Gondang,0,1.39894,99.43078
Aek Gondang,0.9,1.39894,99.43078
Aek Gondang,9.6,1.39894,99.43078
Aek Gondang,24.2,1.39894,99.43078
Aek Gondang,0,1.39894,99.43078
Aek Gondang,0,1.39894,99.43078
Aek Gondang,0.2,1.39894,99.43078
Aek Gondang,0,1.39894,99.43078
Aek Gondang,0.8,1.39894,99.43078
Aek Gondang,0,1.39894,99.43078
Aek Gondang,0,1.39894,99.43078
Aek Gondang,34.5,1.39894,99.43078
Aek Gondang,1.7,1.39894,99.43078
Aek Gondang,0,1.39894,99.43078
Aek Gondang,34,1.39894,99.43078
Aek Gondang,2.5,1.39894,99.43078
Aek Gondang,0,1.39894,99.43078
Aek Gondang,0,1.39894,99.43078
Aek Gondang,0,1.39894,99.43078
Aek Gondang,0,1.39894,99.43078
Aek Gondang,0,1.39894,99.43078
Aek Gondang,0,1.39894,99.43078
Aek Gondang,1.2,1.39894,99.43078
Aek Gondang,0,1.39894,99.43078
Aek Gondang,4,1.39894,99.43078
Aek Gondang,0,1.39894,99.43078
Aek Gondang,0,1.39894,99.43078
Aek Gondang,0,1.39894,99.43078
Aek Gondang,0,1.39894,99.43078
Aek Gondang,0,1.39894,99.43078
Aek Gondang,32.4,1.39894,99.43078
Aek Gondang,0,1.39894,99.43078
Aek Gondang,1.2,1.39894,99.43078
Aek Gondang,0,1.39894,99.43078
Aek Gondang,20.2,1.39894,99.43078
Aek Gondang,0.5,1.39894,99.43078
Aek Gondang,0,1.39894,99.43078
Aek Gondang,57.8,1.39894,99.43078
Aek Gondang,0,1.39894,99.43078
Aek Gondang,0,1.39894,99.43078
Aek Gondang,0,1.39894,99.43078
Aek Gondang,0,1.39894,99.43078
Aek Gondang,0.6,1.39894,99.43078
Aek Gondang,2.5,1.39894,99.43078
Aek Gondang,14.2,1.39894,99.43078
Aek Gondang,19.4,1.39894,99.43078
Aek Gondang,0,1.39894,99.43078
Aek Gondang,8,1.39894,99.43078
Aek Gondang,0,1.39894,99.43078
Aek Gondang,6.8,1.39894,99.43078
Aek Gondang,15.3,1.39894,99.43078
Aek Gondang,7.6,1.39894,99.43078
Aek Gondang,0,1.39894,99.43078
Aek Gondang,0,1.39894,99.43078
Aek Gondang,0,1.39894,99.43078
Aek Gondang,4.2,1.39894,99.43078
Aek Gondang,2,1.39894,99.43078
Aek Gondang,0.6,1.39894,99.43078
Aek Gondang,0,1.39894,99.43078
Aek Gondang,0,1.39894,99.43078
Aek Gondang,0.4,1.39894,99.43078
Aek Gondang,4,1.39894,99.43078
Aek Gondang,0,1.39894,99.43078
Aek Gondang,1,1.39894,99.43078
Aek Gondang,0,1.39894,99.43078
Aek Gondang,2.6,1.39894,99.43078
Aek Gondang,0,1.39894,99.43078
Aek Gondang,142.3,1.39894,99.43078
Aek Gondang,0,1.39894,99.43078
Aek Gondang,15.3,1.39894,99.43078
Aek Gondang,0.8,1.39894,99.43078
Aek Gondang,0,1.39894,99.43078
Aek Gondang,0,1.39894,99.43078
Aek Gondang,0.5,1.39894,99.43078
Aek Gondang,0,1.39894,99.43078
Aek Gondang,2.2,1.39894,99.43078
Aek Gondang,7.6,1.39894,99.43078
Aek Gondang,0.8,1.39894,99.43078
Aek Gondang,0,1.39894,99.43078
Aek Gondang,3.2,1.39894,99.43078
Aek Gondang,5.2,1.39894,99.43078
Aek Gondang,1.5,1.39894,99.43078
Aek Gondang,0,1.39894,99.43078
Aek Gondang,0,1.39894,99.43078
Aek Gondang,0,1.39894,99.43078
Aek Gondang,1,1.39894,99.43078
Aek Gondang,0.4,1.39894,99.43078
Aek Gondang,0,1.39894,99.43078
Aek Gondang,16.1,1.39894,99.43078
Aek Gondang,11,1.39894,99.43078
Aek Gondang,0,1.39894,99.43078
Aek Gondang,3,1.39894,99.43078
Aek Gondang,23.5,1.39894,99.43078
Aek Gondang,0,1.39894,99.43078
Aek Gondang,0,1.39894,99.43078
Aek Gondang,1.7,1.39894,99.43078
Aek Gondang,0,1.39894,99.43078
Aek Gondang,20.5,1.39894,99.43078
Aek Gondang,0,1.39894,99.43078
Aek Gondang,0,1.39894,99.43078
Aek Gondang,0,1.39894,99.43078
Aek Gondang,3.2,1.39894,99.43078
Aek Gondang,0,1.39894,99.43078
Aek Gondang,0.4,1.39894,99.43078
Aek Gondang,0,1.39894,99.43078
Aek Gondang,0,1.39894,99.43078
Aek Gondang,19.5,1.39894,99.43078
Aek Gondang,0,1.39894,99.43078
Aek Gondang,0,1.39894,99.43078
Aek Gondang,0,1.39894,99.43078
Aek Gondang,15.2,1.39894,99.43078
Aek Gondang,16.5,1.39894,99.43078
Aek Gondang,7.5,1.39894,99.43078
Aek Gondang,0,1.39894,99.43078
Aek Gondang,0,1.39894,99.43078
Aek Gondang,0,1.39894,99.43078
Aek Gondang,0,1.39894,99.43078
Aek Gondang,0,1.39894,99.43078
Aek Gondang,0,1.39894,99.43078
Aek Gondang,0,1.39894,99.43078
Aek Gondang,17.4,1.39894,99.43078
Aek Gondang,20,1.39894,99.43078
Aek Gondang,0,1.39894,99.43078
Aek Gondang,0,1.39894,99.43078
Aek Gondang,0,1.39894,99.43078
Aek Gondang,0,1.39894,99.43078
Aek Gondang,0,1.39894,99.43078
Aek Gondang,0,1.39894,99.43078
Aek Gondang,18.3,1.39894,99.43078
Aek Gondang,0,1.39894,99.43078
Aek Gondang,0,1.39894,99.43078
Aek Gondang,0,1.39894,99.43078
Aek Gondang,0.5,1.39894,99.43078
Aek Gondang,0,1.39894,99.43078
Aek Gondang,25.2,1.39894,99.43078
Aek Gondang,0,1.39894,99.43078
Aek Gondang,22.2,1.39894,99.43078
Aek Gondang,0,1.39894,99.43078
Aek Gondang,0,1.39894,99.43078
Aek Gondang,13,1.39894,99.43078
Aek Gondang,0,1.39894,99.43078
Aek Gondang,0,1.39894,99.43078
Aek Gondang,0,1.39894,99.43078
Aek Gondang,0,1.39894,99.43078
Aek Gondang,4,1.39894,99.43078
Aek Gondang,0,1.39894,99.43078
Aek Gondang,0,1.39894,99.43078
Aek Gondang,0,1.39894,99.43078
Aek Gondang,0,1.39894,99.43078
Aek Gondang,0,1.39894,99.43078
Aek Gondang,0,1.39894,99.43078
Aek Gondang,0,1.39894,99.43078
Aek Gondang,0.3,1.39894,99.43078
Aek Gondang,0,1.39894,99.43078
Aek Gondang,7.2,1.39894,99.43078
Aek Gondang,0,1.39894,99.43078
Aek Gondang,0,1.39894,99.43078
Aek Gondang,0,1.39894,99.43078
Aek Gondang,31.6,1.39894,99.43078
Aek Gondang,0,1.39894,99.43078
Aek Gondang,1,1.39894,99.43078
Aek Gondang,0,1.39894,99.43078
Aek Gondang,0,1.39894,99.43078
Aek Gondang,5.5,1.39894,99.43078
Aek Gondang,0,1.39894,99.43078
Aek Gondang,10.2,1.39894,99.43078
Aek Gondang,0,1.39894,99.43078
Aek Gondang,0,1.39894,99.43078
Aek Gondang,0,1.39894,99.43078
Aek Gondang,0,1.39894,99.43078
Aek Gondang,11.1,1.39894,99.43078
Aek Gondang,0,1.39894,99.43078
Aek Gondang,0,1.39894,99.43078
Aek Gondang,0,1.39894,99.43078
Aek Gondang,33,1.39894,99.43078
Aek Gondang,0,1.39894,99.43078
Aek Gondang,56.2,1.39894,99.43078
Aek Gondang,4.4,1.39894,99.43078
Aek Gondang,0,1.39894,99.43078
Aek Gondang,4,1.39894,99.43078
Aek Gondang,0,1.39894,99.43078
Aek Gondang,0,1.39894,99.43078
Aek Gondang,0,1.39894,99.43078
Aek Gondang,0,1.39894,99.43078
Aek Gondang,0,1.39894,99.43078
Aek Gondang,0,1.39894,99.43078
Aek Gondang,0,1.39894,99.43078
Aek Gondang,13,1.39894,99.43078
Aek Gondang,0,1.39894,99.43078
Aek Gondang,0,1.39894,99.43078
Aek Gondang,0,1.39894,99.43078
Aek Gondang,4,1.39894,99.43078
Aek Gondang,0,1.39894,99.43078
Aek Gondang,0,1.39894,99.43078
Aek Gondang,0,1.39894,99.43078
Aek Gondang,1,1.39894,99.43078
Aek Gondang,0,1.39894,99.43078
Aek Gondang,20.4,1.39894,99.43078
Aek Gondang,11.6,1.39894,99.43078
Aek Gondang,1,1.39894,99.43078
Aek Gondang,8,1.39894,99.43078
Aek Gondang,0,1.39894,99.43078
Aek Gondang,0,1.39894,99.43078
Aek Gondang,21.1,1.39894,99.43078
Aek Gondang,4,1.39894,99.43078
Aek Gondang,14.8,1.39894,99.43078
Aek Gondang,0.5,1.39894,99.43078
Aek Gondang,4.4,1.39894,99.43078
Aek Gondang,5.1,1.39894,99.43078
Aek Gondang,0,1.39894,99.43078
Aek Gondang,0,1.39894,99.43078
Aek Gondang,0,1.39894,99.43078
Aek Gondang,0,1.39894,99.43078
Aek Gondang,0.6,1.39894,99.43078
Aek Gondang,11.2,1.39894,99.43078
Aek Gondang,3.4,1.39894,99.43078
Aek Gondang,3.4,1.39894,99.43078
Aek Gondang,3.4,1.39894,99.43078
Aek Gondang,23.5,1.39894,99.43078
Aek Gondang,3.3,1.39894,99.43078
Aek Gondang,41.7,1.39894,99.43078
Aek Gondang,35.9,1.39894,99.43078
Aek Gondang,54.7,1.39894,99.43078
Aek Gondang,9.4,1.39894,99.43078
Aek Gondang,28.8,1.39894,99.43078
Aek Gondang,30.7,1.39894,99.43078
Aek Gondang,0,1.39894,99.43078
Aek Gondang,27.5,1.39894,99.43078
Aek Gondang,17.6,1.39894,99.43078
Aek Gondang,9.3,1.39894,99.43078
Aek Gondang,43.6,1.39894,99.43078
Aek Gondang,0,1.39894,99.43078
Aek Gondang,13.2,1.39894,99.43078
Aek Gondang,8.5,1.39894,99.43078
Aek Gondang,0,1.39894,99.43078
Aek Gondang,0,1.39894,99.43078
Aek Gondang,63.3,1.39894,99.43078
Aek Gondang,0,1.39894,99.43078
Aek Gondang,14.3,1.39894,99.43078
Aek Gondang,7.2,1.39894,99.43078
Aek Gondang,0,1.39894,99.43078
Aek Gondang,0,1.39894,99.43078
Aek Gondang,0,1.39894,99.43078
Aek Gondang,0,1.39894,99.43078
Aek Gondang,0.2,1.39894,99.43078
Aek Gondang,0.2,1.39894,99.43078
Aek Gondang,0,1.39894,99.43078
Aek Gondang,9,1.39894,99.43078
Aek Gondang,27.9,1.39894,99.43078
Aek Gondang,11.8,1.39894,99.43078
Aek Gondang,14.5,1.39894,99.43078
Aek Gondang,2,1.39894,99.43078
Aek Gondang,0,1.39894,99.43078
Aek Gondang,7.5,1.39894,99.43078
Aek Gondang,0,1.39894,99.43078
Aek Gondang,0.2,1.39894,99.43078
Aek Gondang,1.7,1.39894,99.43078
Aek Gondang,0.1,1.39894,99.43078
Aek Gondang,1.3,1.39894,99.43078
Aek Gondang,4.4,1.39894,99.43078
Aek Gondang,0,1.39894,99.43078
Aek Gondang,0,1.39894,99.43078
Aek Gondang,0,1.39894,99.43078
Aek Gondang,1.6,1.39894,99.43078
Aek Gondang,1.2,1.39894,99.43078
Aek Gondang,4.8,1.39894,99.43078
Aek Gondang,0,1.39894,99.43078
Aek Gondang,0,1.39894,99.43078
Aek Gondang,0.6,1.39894,99.43078
Aek Gondang,0.4,1.39894,99.43078
Aek Gondang,34.7,1.39894,99.43078
Aek Gondang,2.2,1.39894,99.43078
Aek Gondang,63.1,1.39894,99.43078
Aek Gondang,70.8,1.39894,99.43078
Aek Gondang,12,1.39894,99.43078
Aek Gondang,3.8,1.39894,99.43078
Aek Gondang,2.7,1.39894,99.43078
Aek Gondang,7.5,1.39894,99.43078
Aek Gondang,6,1.39894,99.43078
Aek Gondang,0,1.39894,99.43078
Aek Gondang,1.5,1.39894,99.43078
Aek Gondang,7.3,1.39894,99.43078
Aek Gondang,33.4,1.39894,99.43078
Aek Gondang,1.6,1.39894,99.43078
Aek Gondang,13.3,1.39894,99.43078
Aek Gondang,12.3,1.39894,99.43078
Aek Gondang,0.4,1.39894,99.43078
Aek Gondang,2.2,1.39894,99.43078
Aek Gondang,2.5,1.39894,99.43078
Aek Gondang,0,1.39894,99.43078
Aek Gondang,32.5,1.39894,99.43078
Aek Gondang,13.8,1.39894,99.43078
Aek Gondang,6.3,1.39894,99.43078
Aek Gondang,1.5,1.39894,99.43078
Aek Gondang,9.8,1.39894,99.43078
Aek Gondang,6.8,1.39894,99.43078
Aek Gondang,0.8,1.39894,99.43078
Aek Gondang,0,1.39894,99.43078
Aek Gondang,5,1.39894,99.43078
Aek Gondang,8.4,1.39894,99.43078
Aek Gondang,19.4,1.39894,99.43078
Aek Gondang,2.2,1.39894,99.43078
Aek Gondang,0,1.39894,99.43078
Aek Gondang,0,1.39894,99.43078
Aek Gondang,0,1.39894,99.43078
Aek Gondang,19.6,1.39894,99.43078
Aek Gondang,2.1,1.39894,99.43078
Aek Gondang,0,1.39894,99.43078
Aek Gondang,1.2,1.39894,99.43078
Aek Gondang,0.5,1.39894,99.43078
Aek Gondang,2.6,1.39894,99.43078
Aek Gondang,1,1.39894,99.43078
Aek Gondang,5.6,1.39894,99.43078
Aek Gondang,15.3,1.39894,99.43078
Aek Gondang,1.2,1.39894,99.43078
Aek Gondang,21,1.39894,99.43078
Aek Gondang,1.3,1.39894,99.43078
Aek Gondang,30,1.39894,99.43078
Aek Gondang,0,1.39894,99.43078
Aek Gondang,0,1.39894,99.43078
Aek Gondang,60.8,1.39894,99.43078
Aek Gondang,118.7,1.39894,99.43078
Aek Gondang,0,1.39894,99.43078
Aek Gondang,0,1.39894,99.43078
Aek Gondang,0,1.39894,99.43078
Aek Gondang,0,1.39894,99.43078
Aek Gondang,0,1.39894,99.43078
Aek Gondang,12.9,1.39894,99.43078
Aek Gondang,0,1.39894,99.43078
Aek Gondang,0.4,1.39894,99.43078
Aek Gondang,0,1.39894,99.43078
Aek Gondang,0,1.39894,99.43078
Aek Gondang,0,1.39894,99.43078
Aek Gondang,0.6,1.39894,99.43078
Aek Gondang,0.6,1.39894,99.43078
Aek Gondang,0,1.39894,99.43078
Aek Gondang,0,1.39894,99.43078
Aek Gondang,4,1.39894,99.43078
Aek Gondang,0,1.39894,99.43078
Aek Gondang,0,1.39894,99.43078
Aek Gondang,29.8,1.39894,99.43078
Aek Gondang,8,1.39894,99.43078
Aek Gondang,1.6,1.39894,99.43078
Aek Gondang,0.2,1.39894,99.43078
Aek Gondang,0.4,1.39894,99.43078
Aek Gondang,0,1.39894,99.43078
Aek Gondang,0.5,1.39894,99.43078
Aek Gondang,0,1.39894,99.43078
Aek Gondang,0.3,1.39894,99.43078
Aek Gondang,0,1.39894,99.43078
Aek Gondang,0,1.39894,99.43078
Aek Gondang,0.5,1.39894,99.43078
Aek Gondang,27.9,1.39894,99.43078
Aek Gondang,7.7,1.39894,99.43078
Aek Gondang,0,1.39894,99.43078
Aek Gondang,0,1.39894,99.43078
Aek Gondang,0,1.39894,99.43078
Aek Gondang,0,1.39894,99.43078
Aek Gondang,10,1.39894,99.43078
Aek Gondang,1.8,1.39894,99.43078
Aek Gondang,0,1.39894,99.43078
Aek Gondang,0,1.39894,99.43078
Aek Gondang,1.1,1.39894,99.43078
Aek Gondang,7.3,1.39894,99.43078
Aek Gondang,0,1.39894,99.43078
Aek Gondang,0,1.39894,99.43078
Aek Gondang,69.9,1.39894,99.43078
Aek Gondang,4.8,1.39894,99.43078
Aek Gondang,2.5,1.39894,99.43078
Aek Gondang,0,1.39894,99.43078
Aek Gondang,4.7,1.39894,99.43078
Aek Gondang,3.8,1.39894,99.43078
Aek Gondang,0,1.39894,99.43078
Aek Gondang,0.5,1.39894,99.43078
Aek Gondang,0,1.39894,99.43078
Aek Gondang,0.2,1.39894,99.43078
Aek Gondang,0,1.39894,99.43078
Aek Gondang,0,1.39894,99.43078
Aek Gondang,0,1.39894,99.43078
Aek Gondang,0,1.39894,99.43078
Aek Gondang,19.2,1.39894,99.43078
Aek Gondang,6.2,1.39894,99.43078
Aek Gondang,23.3,1.39894,99.43078
Aek Gondang,4.6,1.39894,99.43078
Aek Gondang,2.8,1.39894,99.43078
Aek Gondang,10.2,1.39894,99.43078
Aek Gondang,5.2,1.39894,99.43078
Aek Gondang,0,1.39894,99.43078
Aek Gondang,19.9,1.39894,99.43078
Aek Gondang,20.7,1.39894,99.43078
Aek Gondang,5.3,1.39894,99.43078
Aek Gondang,0,1.39894,99.43078
Aek Gondang,0.5,1.39894,99.43078
Aek Gondang,1,1.39894,99.43078
Aek Gondang,0.2,1.39894,99.43078
Aek Gondang,0,1.39894,99.43078
Aek Gondang,0.1,1.39894,99.43078
Aek Gondang,0.2,1.39894,99.43078
Aek Gondang,0.6,1.39894,99.43078
Aek Gondang,8,1.39894,99.43078
Aek Gondang,13.4,1.39894,99.43078
Aek Gondang,0,1.39894,99.43078
Aek Gondang,0.2,1.39894,99.43078
Aek Gondang,0,1.39894,99.43078
Aek Gondang,64.9,1.39894,99.43078
Aek Gondang,14.7,1.39894,99.43078
Aek Gondang,0,1.39894,99.43078
Aek Gondang,0,1.39894,99.43078
Aek Gondang,12.5,1.39894,99.43078
Aek Gondang,0,1.39894,99.43078
Aek Gondang,20.1,1.39894,99.43078
Aek Gondang,28.8,1.39894,99.43078
Aek Gondang,1.7,1.39894,99.43078
Aek Gondang,0,1.39894,99.43078
Aek Gondang,0.4,1.39894,99.43078
Aek Gondang,0,1.39894,99.43078
Aek Gondang,16.9,1.39894,99.43078
Aek Gondang,15.9,1.39894,99.43078
Aek Gondang,0,1.39894,99.43078
Aek Gondang,0,1.39894,99.43078
Aek Gondang,1.4,1.39894,99.43078
Aek Gondang,0.2,1.39894,99.43078
Aek Gondang,0,1.39894,99.43078
Aek Gondang,4.2,1.39894,99.43078
Aek Gondang,0,1.39894,99.43078
Aek Gondang,0,1.39894,99.43078
Aek Gondang,0,1.39894,99.43078
Aek Gondang,0,1.39894,99.43078
Aek Gondang,0,1.39894,99.43078
Aek Gondang,0,1.39894,99.43078
Aek Gondang,1.6,1.39894,99.43078
Aek Gondang,0,1.39894,99.43078
Aek Gondang,0.4,1.39894,99.43078
Aek Gondang,0,1.39894,99.43078
Aek Gondang,28,1.39894,99.43078
Aek Gondang,0,1.39894,99.43078
Aek Gondang,0,1.39894,99.43078
Aek Gondang,0,1.39894,99.43078
Aek Gondang,0,1.39894,99.43078
Aek Gondang,0,1.39894,99.43078
Aek Gondang,13.1,1.39894,99.43078
Aek Gondang,0,1.39894,99.43078
Aek Gondang,0,1.39894,99.43078
Aek Gondang,1.2,1.39894,99.43078
Aek Gondang,1.7,1.39894,99.43078
Aek Gondang,3,1.39894,99.43078
Aek Gondang,0.8,1.39894,99.43078
Aek Gondang,1.5,1.39894,99.43078
Aek Gondang,0,1.39894,99.43078
Aek Gondang,13.2,1.39894,99.43078
Aek Gondang,0,1.39894,99.43078
Aek Gondang,0,1.39894,99.43078
Aek Gondang,0,1.39894,99.43078
Aek Gondang,45.2,1.39894,99.43078
Aek Gondang,5.2,1.39894,99.43078
Aek Gondang,0,1.39894,99.43078
Aek Gondang,0,1.39894,99.43078
Aek Gondang,8.8,1.39894,99.43078
Aek Gondang,0,1.39894,99.43078
Aek Gondang,23.7,1.39894,99.43078
Aek Gondang,0,1.39894,99.43078
Aek Gondang,0,1.39894,99.43078
Aek Gondang,0,1.39894,99.43078
Aek Gondang,0,1.39894,99.43078
Aek Gondang,0,1.39894,99.43078
Aek Gondang,0,1.39894,99.43078
Aek Gondang,1,1.39894,99.43078
Aek Gondang,0.4,1.39894,99.43078
Aek Gondang,0,1.39894,99.43078
Aek Gondang,0,1.39894,99.43078
Aek Gondang,0,1.39894,99.43078
Aek Gondang,0,1.39894,99.43078
Aek Gondang,48.5,1.39894,99.43078
Aek Gondang,0,1.39894,99.43078
Aek Gondang,18.2,1.39894,99.43078
Aek Gondang,0,1.39894,99.43078
Aek Gondang,13.2,1.39894,99.43078
Aek Gondang,12.3,1.39894,99.43078
Aek Gondang,0,1.39894,99.43078
Aek Gondang,11.3,1.39894,99.43078
Aek Gondang,0.2,1.39894,99.43078
Aek Gondang,0,1.39894,99.43078
Aek Gondang,1,1.39894,99.43078
Aek Gondang,0,1.39894,99.43078
Aek Gondang,0,1.39894,99.43078
Aek Gondang,10.5,1.39894,99.43078
Aek Gondang,6.4,1.39894,99.43078
Aek Gondang,5.9,1.39894,99.43078
Aek Gondang,1,1.39894,99.43078
Aek Gondang,5.7,1.39894,99.43078
Aek Gondang,0,1.39894,99.43078
Aek Gondang,0,1.39894,99.43078
Aek Gondang,0,1.39894,99.43078
Aek Gondang,0,1.39894,99.43078
Aek Gondang,2.2,1.39894,99.43078
Aek Gondang,0,1.39894,99.43078
Aek Gondang,0,1.39894,99.43078
Aek Gondang,8,1.39894,99.43078
Aek Gondang,4.4,1.39894,99.43078
Aek Gondang,0,1.39894,99.43078
Aek Gondang,23.4,1.39894,99.43078
Aek Gondang,5.1,1.39894,99.43078
Aek Gondang,0,1.39894,99.43078
Aek Gondang,0,1.39894,99.43078
Aek Gondang,52.9,1.39894,99.43078
Aek Gondang,25.2,1.39894,99.43078
Aek Gondang,0,1.39894,99.43078
Aek Gondang,0.2,1.39894,99.43078
Aek Gondang,11.1,1.39894,99.43078
Aek Gondang,0,1.39894,99.43078
Aek Gondang,0,1.39894,99.43078
Aek Gondang,0,1.39894,99.43078
Aek Gondang,0,1.39894,99.43078
Aek Gondang,0,1.39894,99.43078
Aek Gondang,0,1.39894,99.43078
Aek Gondang,0,1.39894,99.43078
Aek Gondang,1.7,1.39894,99.43078
Aek Gondang,0.2,1.39894,99.43078
Aek Gondang,0,1.39894,99.43078
Aek Gondang,25,1.39894,99.43078
Aek Gondang,0,1.39894,99.43078
Aek Gondang,0,1.39894,99.43078
Aek Gondang,3,1.39894,99.43078
Aek Gondang,0,1.39894,99.43078
Aek Gondang,11.2,1.39894,99.43078
Aek Gondang,0,1.39894,99.43078
Aek Gondang,0.4,1.39894,99.43078
Aek Gondang,3.2,1.39894,99.43078
Aek Gondang,0.4,1.39894,99.43078
Aek Gondang,0,1.39894,99.43078
Aek Gondang,0,1.39894,99.43078
Aek Gondang,0,1.39894,99.43078
Aek Gondang,13.2,1.39894,99.43078
Aek Gondang,0,1.39894,99.43078
Aek Gondang,0.3,1.39894,99.43078
Aek Gondang,0,1.39894,99.43078
Aek Gondang,1.2,1.39894,99.43078
Aek Gondang,0,1.39894,99.43078
Aek Gondang,35.6,1.39894,99.43078
Aek Gondang,3,1.39894,99.43078
Aek Gondang,0,1.39894,99.43078
Aek Gondang,0.3,1.39894,99.43078
Aek Gondang,15.8,1.39894,99.43078
Aek Gondang,0,1.39894,99.43078
Aek Gondang,55,1.39894,99.43078
Aek Gondang,1.1,1.39894,99.43078
Aek Gondang,0,1.39894,99.43078
Aek Gondang,0,1.39894,99.43078
Aek Gondang,0.2,1.39894,99.43078
Aek Gondang,34.2,1.39894,99.43078
Aek Gondang,2.4,1.39894,99.43078
Aek Gondang,0,1.39894,99.43078
Aek Gondang,3,1.39894,99.43078
Aek Gondang,12.6,1.39894,99.43078
Aek Gondang,20,1.39894,99.43078
Aek Gondang,0.1,1.39894,99.43078
Aek Gondang,0,1.39894,99.43078
Aek Gondang,1.6,1.39894,99.43078
Aek Gondang,32.9,1.39894,99.43078
Aek Gondang,0,1.39894,99.43078
Aek Gondang,0,1.39894,99.43078
Aek Gondang,0,1.39894,99.43078
Aek Gondang,2.2,1.39894,99.43078
Aek Gondang,30.7,1.39894,99.43078
Aek Gondang,0,1.39894,99.43078
Aek Gondang,0,1.39894,99.43078
Aek Gondang,0,1.39894,99.43078
Aek Gondang,4.8,1.39894,99.43078
Aek Gondang,3.2,1.39894,99.43078
Aek Gondang,16,1.39894,99.43078
Aek Gondang,0,1.39894,99.43078
Aek Gondang,0,1.39894,99.43078
Aek Gondang,1.2,1.39894,99.43078
Aek Gondang,5.6,1.39894,99.43078
Aek Gondang,3.8,1.39894,99.43078
Aek Gondang,1.7,1.39894,99.43078
Aek Gondang,10.9,1.39894,99.43078
Aek Gondang,0,1.39894,99.43078
Aek Gondang,4.2,1.39894,99.43078
Aek Gondang,0.6,1.39894,99.43078
Aek Gondang,1.4,1.39894,99.43078
Aek Gondang,2.2,1.39894,99.43078
Aek Gondang,0,1.39894,99.43078
Aek Gondang,0,1.39894,99.43078
Aek Gondang,0,1.39894,99.43078
Aek Gondang,0,1.39894,99.43078
Aek Gondang,1.5,1.39894,99.43078
Aek Gondang,0,1.39894,99.43078
Aek Gondang,0,1.39894,99.43078
Aek Gondang,0,1.39894,99.43078
Aek Gondang,5.8,1.39894,99.43078
Aek Gondang,0,1.39894,99.43078
Aek Gondang,0,1.39894,99.43078
Aek Gondang,0,1.39894,99.43078
Aek Gondang,0,1.39894,99.43078
Aek Gondang,0.9,1.39894,99.43078
Aek Gondang,0,1.39894,99.43078
Aek Gondang,0,1.39894,99.43078
Aek Gondang,0,1.39894,99.43078
Aek Gondang,2,1.39894,99.43078
Aek Gondang,0,1.39894,99.43078
Aek Gondang,29.7,1.39894,99.43078
Aek Gondang,0.5,1.39894,99.43078
Aek Gondang,8.2,1.39894,99.43078
Aek Gondang,1.4,1.39894,99.43078
Aek Gondang,15.6,1.39894,99.43078
Aek Gondang,5,1.39894,99.43078
Aek Gondang,57.1,1.39894,99.43078
Aek Gondang,0,1.39894,99.43078
Aek Gondang,5.7,1.39894,99.43078
Aek Gondang,0,1.39894,99.43078
Aek Gondang,0,1.39894,99.43078
Aek Gondang,1.9,1.39894,99.43078
Aek Gondang,0,1.39894,99.43078
Aek Gondang,0,1.39894,99.43078
Aek Gondang,0.2,1.39894,99.43078
Aek Gondang,0.2,1.39894,99.43078
Aek Gondang,7.9,1.39894,99.43078
Aek Gondang,22.1,1.39894,99.43078
Aek Gondang,8.7,1.39894,99.43078
Aek Gondang,17.5,1.39894,99.43078
Aek Gondang,0,1.39894,99.43078
Aek Gondang,5,1.39894,99.43078
Aek Gondang,65.1,1.39894,99.43078
Aek Gondang,1.6,1.39894,99.43078
Aek Gondang,0,1.39894,99.43078
Aek Gondang,0.2,1.39894,99.43078
Aek Gondang,5.1,1.39894,99.43078
Aek Gondang,33.1,1.39894,99.43078
Aek Gondang,63.2,1.39894,99.43078
Aek Gondang,2.2,1.39894,99.43078
Aek Gondang,0,1.39894,99.43078
Aek Gondang,9.4,1.39894,99.43078
Aek Gondang,0,1.39894,99.43078
Aek Gondang,7.2,1.39894,99.43078
Aek Gondang,0,1.39894,99.43078
Aek Gondang,1.6,1.39894,99.43078
Aek Gondang,2,1.39894,99.43078
Aek Gondang,0.7,1.39894,99.43078
Aek Gondang,0,1.39894,99.43078
Aek Gondang,0,1.39894,99.43078
Aek Gondang,40.2,1.39894,99.43078
Aek Gondang,4.5,1.39894,99.43078
Aek Gondang,81,1.39894,99.43078
Aek Gondang,0,1.39894,99.43078
Aek Gondang,0,1.39894,99.43078
Aek Gondang,0,1.39894,99.43078
Aek Gondang,0,1.39894,99.43078
Aek Gondang,0,1.39894,99.43078
Aek Gondang,2.8,1.39894,99.43078
Aek Gondang,0.8,1.39894,99.43078
Aek Gondang,0,1.39894,99.43078
Aek Gondang,0,1.39894,99.43078
Aek Gondang,3.4,1.39894,99.43078
Aek Gondang,6.1,1.39894,99.43078
Aek Gondang,0.4,1.39894,99.43078
Aek Gondang,1.2,1.39894,99.43078
Aek Gondang,0.4,1.39894,99.43078
Aek Gondang,1,1.39894,99.43078
Aek Gondang,0,1.39894,99.43078
Aek Gondang,0,1.39894,99.43078
Aek Gondang,3.6,1.39894,99.43078
Aek Gondang,0.4,1.39894,99.43078
Aek Gondang,0,1.39894,99.43078
Aek Gondang,0,1.39894,99.43078
Aek Gondang,9.7,1.39894,99.43078
Aek Gondang,0,1.39894,99.43078
Aek Gondang,25.4,1.39894,99.43078
Aek Gondang,0,1.39894,99.43078
Aek Gondang,0,1.39894,99.43078
Aek Gondang,21.1,1.39894,99.43078
Aek Gondang,2.7,1.39894,99.43078
Aek Gondang,41.1,1.39894,99.43078
Aek Gondang,0.2,1.39894,99.43078
Aek Gondang,0,1.39894,99.43078
Aek Gondang,12,1.39894,99.43078
Aek Gondang,0,1.39894,99.43078
Aek Gondang,3,1.39894,99.43078
Aek Gondang,11.4,1.39894,99.43078
Aek Gondang,2.4,1.39894,99.43078
Aek Gondang,4,1.39894,99.43078
Aek Gondang,4.6,1.39894,99.43078
Aek Gondang,33.6,1.39894,99.43078
Aek Gondang,0.5,1.39894,99.43078
Aek Gondang,10.5,1.39894,99.43078
Aek Gondang,57.5,1.39894,99.43078
Aek Gondang,0,1.39894,99.43078
Aek Gondang,13.5,1.39894,99.43078
Aek Gondang,0,1.39894,99.43078
Aek Gondang,0,1.39894,99.43078
Aek Gondang,0,1.39894,99.43078
Aek Gondang,0,1.39894,99.43078
Aek Gondang,9.7,1.39894,99.43078
Aek Gondang,0,1.39894,99.43078
Aek Gondang,4.7,1.39894,99.43078
Aek Gondang,0,1.39894,99.43078
Aek Gondang,0,1.39894,99.43078
Aek Gondang,0,1.39894,99.43078
Aek Gondang,0,1.39894,99.43078
Aek Gondang,0.6,1.39894,99.43078
Aek Gondang,14.4,1.39894,99.43078
Aek Gondang,0,1.39894,99.43078
Aek Gondang,0,1.39894,99.43078
Aek Gondang,0,1.39894,99.43078
Aek Gondang,0,1.39894,99.43078
Aek Gondang,0,1.39894,99.43078
Aek Gondang,3.2,1.39894,99.43078
Aek Gondang,0,1.39894,99.43078
Aek Gondang,0,1.39894,99.43078
Aek Gondang,0,1.39894,99.43078
Aek Gondang,0,1.39894,99.43078
Aek Gondang,0,1.39894,99.43078
Aek Gondang,1.9,1.39894,99.43078
Aek Gondang,0,1.39894,99.43078
Aek Gondang,4.7,1.39894,99.43078
Aek Gondang,0.7,1.39894,99.43078
Aek Gondang,0,1.39894,99.43078
Aek Gondang,0,1.39894,99.43078
Aek Gondang,0,1.39894,99.43078
Aek Gondang,0.4,1.39894,99.43078
Aek Gondang,4,1.39894,99.43078
Aek Gondang,2.3,1.39894,99.43078
Aek Gondang,5.6,1.39894,99.43078
Aek Gondang,4.6,1.39894,99.43078
Aek Gondang,4.5,1.39894,99.43078
Aek Gondang,17.2,1.39894,99.43078
Aek Gondang,10.6,1.39894,99.43078
Aek Gondang,48.3,1.39894,99.43078
Aek Gondang,3.1,1.39894,99.43078
Aek Gondang,1.2,1.39894,99.43078
Aek Gondang,0,1.39894,99.43078
Aek Gondang,0,1.39894,99.43078
Aek Gondang,0,1.39894,99.43078
Aek Gondang,15.6,1.39894,99.43078
Aek Gondang,2.5,1.39894,99.43078
Aek Gondang,2,1.39894,99.43078
Aek Gondang,0,1.39894,99.43078
Aek Gondang,36.5,1.39894,99.43078
Aek Gondang,0.4,1.39894,99.43078
Aek Gondang,0,1.39894,99.43078
Aek Gondang,9.3,1.39894,99.43078
Aek Gondang,40.1,1.39894,99.43078
Aek Gondang,0,1.39894,99.43078
Aek Gondang,3.9,1.39894,99.43078
Aek Gondang,0,1.39894,99.43078
Aek Gondang,11.5,1.39894,99.43078
Aek Gondang,0.2,1.39894,99.43078
Aek Gondang,0.8,1.39894,99.43078
Aek Gondang,0,1.39894,99.43078
Aek Gondang,0,1.39894,99.43078
Aek Gondang,0.8,1.39894,99.43078
Aek Gondang,31.8,1.39894,99.43078
Aek Gondang,3,1.39894,99.43078
Aek Gondang,3,1.39894,99.43078
Aek Gondang,0,1.39894,99.43078
Aek Gondang,7.8,1.39894,99.43078
Aek Gondang,0,1.39894,99.43078
Aek Gondang,0,1.39894,99.43078
Aek Gondang,1.5,1.39894,99.43078
Aek Gondang,0,1.39894,99.43078
Aek Gondang,6.5,1.39894,99.43078
Aek Gondang,7.8,1.39894,99.43078
Aek Gondang,0,1.39894,99.43078
Aek Gondang,0,1.39894,99.43078
Aek Gondang,3,1.39894,99.43078
Aek Gondang,0.8,1.39894,99.43078
Aek Gondang,10.9,1.39894,99.43078
Aek Gondang,13.1,1.39894,99.43078
Aek Gondang,0,1.39894,99.43078
Aek Gondang,1.6,1.39894,99.43078
Aek Gondang,4.6,1.39894,99.43078
Aek Gondang,0,1.39894,99.43078
Aek Gondang,4.6,1.39894,99.43078
Aek Gondang,5.1,1.39894,99.43078
Aek Gondang,0,1.39894,99.43078
Aek Gondang,0,1.39894,99.43078
Aek Gondang,12.5,1.39894,99.43078
Aek Gondang,2.4,1.39894,99.43078
Aek Gondang,0.5,1.39894,99.43078
Aek Gondang,0,1.39894,99.43078
Aek Gondang,2.8,1.39894,99.43078
Aek Gondang,0,1.39894,99.43078
Aek Gondang,0.4,1.39894,99.43078
Aek Gondang,29,1.39894,99.43078
Aek Gondang,16.5,1.39894,99.43078
Aek Gondang,5.5,1.39894,99.43078
Aek Gondang,4.2,1.39894,99.43078
Aek Gondang,0,1.39894,99.43078
Aek Gondang,0.5,1.39894,99.43078
Aek Gondang,4.4,1.39894,99.43078
Aek Gondang,0,1.39894,99.43078
Aek Gondang,0,1.39894,99.43078
Aek Gondang,56.3,1.39894,99.43078
Aek Gondang,0,1.39894,99.43078
Aek Gondang,0,1.39894,99.43078
Aek Gondang,87.5,1.39894,99.43078
Aek Gondang,0,1.39894,99.43078
Aek Gondang,8.4,1.39894,99.43078
Aek Gondang,4.8,1.39894,99.43078
Aek Gondang,0,1.39894,99.43078
Aek Gondang,2.4,1.39894,99.43078
Aek Gondang,0,1.39894,99.43078
Aek Gondang,0,1.39894,99.43078
Aek Gondang,0,1.39894,99.43078
Aek Gondang,0,1.39894,99.43078
Aek Gondang,15.5,1.39894,99.43078
Aek Gondang,0,1.39894,99.43078
Aek Gondang,3.4,1.39894,99.43078
Aek Gondang,0,1.39894,99.43078
Aek Gondang,0,1.39894,99.43078
Aek Gondang,0,1.39894,99.43078
Aek Gondang,0,1.39894,99.43078
Aek Gondang,0,1.39894,99.43078
Aek Gondang,0,1.39894,99.43078
Aek Gondang,0,1.39894,99.43078
Aek Gondang,16.6,1.39894,99.43078
Aek Gondang,0,1.39894,99.43078
Aek Gondang,0,1.39894,99.43078
Aek Gondang,0,1.39894,99.43078
Aek Gondang,4.5,1.39894,99.43078
Aek Gondang,0.7,1.39894,99.43078
Aek Gondang,0,1.39894,99.43078
Aek Gondang,0,1.39894,99.43078
Aek Gondang,0,1.39894,99.43078
Aek Gondang,0,1.39894,99.43078
Aek Gondang,0,1.39894,99.43078
Aek Gondang,0,1.39894,99.43078
Aek Gondang,0,1.39894,99.43078
Aek Gondang,0,1.39894,99.43078
Aek Gondang,0,1.39894,99.43078
Aek Gondang,0,1.39894,99.43078
Aek Gondang,3.5,1.39894,99.43078
Aek Gondang,0.4,1.39894,99.43078
Aek Gondang,1.7,1.39894,99.43078
Aek Gondang,0,1.39894,99.43078
Aek Gondang,3.6,1.39894,99.43078
Aek Gondang,7.4,1.39894,99.43078
Aek Gondang,31.6,1.39894,99.43078
Aek Gondang,2.8,1.39894,99.43078
Aek Gondang,0,1.39894,99.43078
Aek Gondang,2.9,1.39894,99.43078
Aek Gondang,13.8,1.39894,99.43078
Aek Gondang,0,1.39894,99.43078
Aek Gondang,0,1.39894,99.43078
Aek Gondang,0,1.39894,99.43078
Aek Gondang,0,1.39894,99.43078
Aek Gondang,0,1.39894,99.43078
Aek Gondang,0,1.39894,99.43078
Aek Gondang,0,1.39894,99.43078
Aek Gondang,7.7,1.39894,99.43078
Aek Gondang,0,1.39894,99.43078
Aek Gondang,11,1.39894,99.43078
Aek Gondang,0,1.39894,99.43078
Aek Gondang,0,1.39894,99.43078
Aek Gondang,0,1.39894,99.43078
Aek Gondang,0,1.39894,99.43078
Aek Gondang,0,1.39894,99.43078
Aek Gondang,0,1.39894,99.43078
Aek Gondang,5.3,1.39894,99.43078
Aek Gondang,0,1.39894,99.43078
Aek Gondang,7.3,1.39894,99.43078
Aek Gondang,1.6,1.39894,99.43078
Aek Gondang,0,1.39894,99.43078
Aek Gondang,0,1.39894,99.43078
Aek Gondang,0,1.39894,99.43078
Aek Gondang,9,1.39894,99.43078
Aek Gondang,0,1.39894,99.43078
Aek Gondang,24.5,1.39894,99.43078
Aek Gondang,0,1.39894,99.43078
Aek Gondang,0,1.39894,99.43078
Aek Gondang,43.1,1.39894,99.43078
Aek Gondang,0.4,1.39894,99.43078
Aek Gondang,0,1.39894,99.43078
Aek Gondang,0,1.39894,99.43078
Aek Gondang,22.7,1.39894,99.43078
Aek Gondang,79,1.39894,99.43078
Aek Gondang,2.7,1.39894,99.43078
Aek Gondang,0.4,1.39894,99.43078
Aek Gondang,40.3,1.39894,99.43078
Aek Gondang,0,1.39894,99.43078
Aek Gondang,0,1.39894,99.43078
Aek Gondang,0,1.39894,99.43078
Aek Gondang,0,1.39894,99.43078
Aek Gondang,0.6,1.39894,99.43078
Aek Gondang,9.7,1.39894,99.43078
Aek Gondang,0,1.39894,99.43078
Aek Gondang,0,1.39894,99.43078
Aek Gondang,0,1.39894,99.43078
Aek Gondang,36.9,1.39894,99.43078
Aek Gondang,0,1.39894,99.43078
Aek Gondang,6.4,1.39894,99.43078
Aek Gondang,0,1.39894,99.43078
Aek Gondang,5.5,1.39894,99.43078
Aek Gondang,1.7,1.39894,99.43078
Aek Gondang,10.5,1.39894,99.43078
Aek Gondang,1.8,1.39894,99.43078
Aek Gondang,0.5,1.39894,99.43078
Aek Gondang,27.7,1.39894,99.43078
Aek Gondang,36.7,1.39894,99.43078
Aek Gondang,8.5,1.39894,99.43078
Aek Gondang,2.2,1.39894,99.43078
Aek Gondang,0,1.39894,99.43078
Aek Gondang,0,1.39894,99.43078
Aek Gondang,0,1.39894,99.43078
Aek Gondang,12.4,1.39894,99.43078
Aek Gondang,0,1.39894,99.43078
Aek Gondang,1,1.39894,99.43078
Aek Gondang,2.8,1.39894,99.43078
Aek Gondang,2.6,1.39894,99.43078
Aek Gondang,4.2,1.39894,99.43078
Aek Gondang,0,1.39894,99.43078
Aek Gondang,0,1.39894,99.43078
Aek Gondang,0,1.39894,99.43078
Aek Gondang,0.6,1.39894,99.43078
Aek Gondang,0,1.39894,99.43078
Aek Gondang,0.6,1.39894,99.43078
Aek Gondang,0.5,1.39894,99.43078
Aek Gondang,0,1.39894,99.43078
Aek Gondang,0,1.39894,99.43078
Aek Gondang,9.1,1.39894,99.43078
Aek Gondang,9.4,1.39894,99.43078
Aek Gondang,0,1.39894,99.43078
Aek Gondang,0,1.39894,99.43078
Aek Gondang,0,1.39894,99.43078
Aek Gondang,0,1.39894,99.43078
Aek Gondang,38.2,1.39894,99.43078
Aek Gondang,9,1.39894,99.43078
Aek Gondang,37.4,1.39894,99.43078
Aek Gondang,3,1.39894,99.43078
Aek Gondang,5.5,1.39894,99.43078
Aek Gondang,0,1.39894,99.43078
Aek Gondang,18.2,1.39894,99.43078
Aek Gondang,2.3,1.39894,99.43078
Aek Gondang,10.2,1.39894,99.43078
Aek Gondang,0,1.39894,99.43078
Aek Gondang,0,1.39894,99.43078
Aek Gondang,0.2,1.39894,99.43078
Aek Gondang,0,1.39894,99.43078
Aek Gondang,0,1.39894,99.43078
Aek Gondang,0,1.39894,99.43078
Aek Gondang,0.2,1.39894,99.43078
Aek Gondang,0,1.39894,99.43078
Aek Gondang,0,1.39894,99.43078
Aek Gondang,0,1.39894,99.43078
Aek Gondang,4.3,1.39894,99.43078
Aek Gondang,0,1.39894,99.43078
Aek Gondang,0,1.39894,99.43078
Aek Gondang,0.8,1.39894,99.43078
Aek Gondang,1.7,1.39894,99.43078
Aek Gondang,0,1.39894,99.43078
Aek Gondang,0,1.39894,99.43078
Aek Gondang,0,1.39894,99.43078
Aek Gondang,0,1.39894,99.43078
Aek Gondang,15.6,1.39894,99.43078
Aek Gondang,0,1.39894,99.43078
Aek Gondang,0,1.39894,99.43078
Aek Gondang,0.2,1.39894,99.43078
Aek Gondang,0,1.39894,99.43078
Aek Gondang,3.8,1.39894,99.43078
Aek Gondang,0.6,1.39894,99.43078
Aek Gondang,0,1.39894,99.43078
Aek Gondang,0,1.39894,99.43078
Aek Gondang,0,1.39894,99.43078
Aek Gondang,3.4,1.39894,99.43078
Aek Gondang,19.7,1.39894,99.43078
Aek Gondang,0.2,1.39894,99.43078
Aek Gondang,0,1.39894,99.43078
Aek Gondang,3.5,1.39894,99.43078
Aek Gondang,0,1.39894,99.43078
Aek Gondang,0,1.39894,99.43078
Aek Gondang,11.7,1.39894,99.43078
Aek Gondang,5.2,1.39894,99.43078
Aek Gondang,27.3,1.39894,99.43078
Aek Gondang,0,1.39894,99.43078
Aek Gondang,0,1.39894,99.43078
Aek Gondang,1.4,1.39894,99.43078
Aek Gondang,0,1.39894,99.43078
Aek Gondang,0.3,1.39894,99.43078
Aek Gondang,0,1.39894,99.43078
Aek Gondang,0,1.39894,99.43078
Aek Gondang,0,1.39894,99.43078
Aek Gondang,0.4,1.39894,99.43078
Aek Gondang,0,1.39894,99.43078
Aek Gondang,0,1.39894,99.43078
Aek Gondang,0,1.39894,99.43078
Aek Gondang,0,1.39894,99.43078
Aek Gondang,30.5,1.39894,99.43078
Aek Gondang,0,1.39894,99.43078
Aek Gondang,9.1,1.39894,99.43078
Aek Gondang,0,1.39894,99.43078
Aek Gondang,3,1.39894,99.43078
Aek Gondang,2,1.39894,99.43078
Aek Gondang,0,1.39894,99.43078
Aek Gondang,9.5,1.39894,99.43078
Aek Gondang,2,1.39894,99.43078
Aek Gondang,0,1.39894,99.43078
Aek Gondang,0,1.39894,99.43078
Aek Gondang,7.6,1.39894,99.43078
Aek Gondang,0,1.39894,99.43078
Aek Gondang,0,1.39894,99.43078
Aek Gondang,1.2,1.39894,99.43078
Aek Gondang,6.4,1.39894,99.43078
Aek Gondang,0,1.39894,99.43078
Aek Gondang,11.8,1.39894,99.43078
Aek Gondang,124.9,1.39894,99.43078
Aek Gondang,0,1.39894,99.43078
Aek Gondang,0.4,1.39894,99.43078
Aek Gondang,5.7,1.39894,99.43078
Aek Gondang,0.2,1.39894,99.43078
Aek Gondang,8.5,1.39894,99.43078
Aek Gondang,4.2,1.39894,99.43078
Aek Gondang,0,1.39894,99.43078
Aek Gondang,1.2,1.39894,99.43078
Aek Gondang,0.9,1.39894,99.43078
Aek Gondang,0,1.39894,99.43078
Aek Gondang,0,1.39894,99.43078
Aek Gondang,1.4,1.39894,99.43078
Aek Gondang,14.6,1.39894,99.43078
Aek Gondang,1,1.39894,99.43078
Aek Gondang,7.1,1.39894,99.43078
Aek Gondang,0,1.39894,99.43078
Aek Gondang,1,1.39894,99.43078
Aek Gondang,6.1,1.39894,99.43078
Aek Gondang,10.2,1.39894,99.43078
Aek Gondang,4.5,1.39894,99.43078
Aek Gondang,0.3,1.39894,99.43078
Aek Gondang,1.1,1.39894,99.43078
Aek Gondang,0,1.39894,99.43078
Aek Gondang,0,1.39894,99.43078
Aek Gondang,0,1.39894,99.43078
Aek Gondang,0,1.39894,99.43078
Aek Gondang,0,1.39894,99.43078
Aek Gondang,0,1.39894,99.43078
Aek Gondang,0,1.39894,99.43078
Aek Gondang,3.7,1.39894,99.43078
Aek Gondang,6.5,1.39894,99.43078
Aek Gondang,0,1.39894,99.43078
Aek Gondang,31.6,1.39894,99.43078
Aek Gondang,2.4,1.39894,99.43078
Aek Gondang,5.7,1.39894,99.43078
Aek Gondang,3.8,1.39894,99.43078
Aek Gondang,0,1.39894,99.43078
Aek Gondang,12.7,1.39894,99.43078
Aek Gondang,0,1.39894,99.43078
Aek Gondang,0,1.39894,99.43078
Aek Gondang,0,1.39894,99.43078
Aek Gondang,2.6,1.39894,99.43078
Aek Gondang,0,1.39894,99.43078
Aek Gondang,0,1.39894,99.43078
Aek Gondang,8.4,1.39894,99.43078
Aek Gondang,12.1,1.39894,99.43078
Aek Gondang,2.3,1.39894,99.43078
Aek Gondang,0,1.39894,99.43078
Aek Gondang,0,1.39894,99.43078
Aek Gondang,0,1.39894,99.43078
Aek Gondang,9.2,1.39894,99.43078
Aek Gondang,4.4,1.39894,99.43078
Aek Gondang,0.4,1.39894,99.43078
Aek Gondang,3,1.39894,99.43078
Aek Gondang,0,1.39894,99.43078
Aek Gondang,0.4,1.39894,99.43078
Aek Gondang,4.3,1.39894,99.43078
Aek Gondang,11.8,1.39894,99.43078
Aek Gondang,0,1.39894,99.43078
Aek Gondang,0,1.39894,99.43078
Aek Gondang,10.5,1.39894,99.43078
Aek Gondang,11.7,1.39894,99.43078
Aek Gondang,19,1.39894,99.43078
Aek Gondang,2,1.39894,99.43078
Aek Gondang,0.9,1.39894,99.43078
Aek Gondang,0,1.39894,99.43078
Aek Gondang,0.6,1.39894,99.43078
Aek Gondang,1.5,1.39894,99.43078
Aek Gondang,0,1.39894,99.43078
Aek Gondang,2,1.39894,99.43078
Aek Gondang,0,1.39894,99.43078
Aek Gondang,0,1.39894,99.43078
Aek Gondang,0,1.39894,99.43078
Aek Gondang,0,1.39894,99.43078
Aek Gondang,9.8,1.39894,99.43078
Aek Gondang,25.6,1.39894,99.43078
Aek Gondang,0,1.39894,99.43078
Aek Gondang,8,1.39894,99.43078
Aek Gondang,0.6,1.39894,99.43078
Aek Gondang,1.4,1.39894,99.43078
Aek Gondang,36.5,1.39894,99.43078
Aek Gondang,0,1.39894,99.43078
Aek Gondang,0.4,1.39894,99.43078
Aek Gondang,0,1.39894,99.43078
Aek Gondang,9.1,1.39894,99.43078
Aek Gondang,0,1.39894,99.43078
Aek Gondang,0,1.39894,99.43078
Aek Gondang,6.5,1.39894,99.43078
Aek Gondang,27.4,1.39894,99.43078
Aek Gondang,1.6,1.39894,99.43078
Aek Gondang,0.6,1.39894,99.43078
Aek Gondang,0,1.39894,99.43078
Aek Gondang,0,1.39894,99.43078
Aek Gondang,0,1.39894,99.43078
Aek Gondang,0,1.39894,99.43078
Aek Gondang,0.4,1.39894,99.43078
Aek Gondang,38.1,1.39894,99.43078
Aek Gondang,0,1.39894,99.43078
Aek Gondang,0,1.39894,99.43078
Aek Gondang,5.8,1.39894,99.43078
Aek Gondang,0,1.39894,99.43078
Aek Gondang,16.5,1.39894,99.43078
Aek Gondang,0.1,1.39894,99.43078
Aek Gondang,0,1.39894,99.43078
Aek Gondang,0.5,1.39894,99.43078
Aek Gondang,2.2,1.39894,99.43078
Aek Gondang,0.6,1.39894,99.43078
Aek Gondang,0.5,1.39894,99.43078
Aek Gondang,0,1.39894,99.43078
Aek Gondang,0.1,1.39894,99.43078
Aek Gondang,0,1.39894,99.43078
Aek Gondang,9,1.39894,99.43078
Aek Gondang,0,1.39894,99.43078
Aek Gondang,0,1.39894,99.43078
Aek Gondang,14.7,1.39894,99.43078
Aek Gondang,0,1.39894,99.43078
Aek Gondang,0,1.39894,99.43078
Aek Gondang,0,1.39894,99.43078
Aek Gondang,0,1.39894,99.43078
Aek Gondang,0,1.39894,99.43078
Aek Gondang,0.2,1.39894,99.43078
Aek Gondang,0,1.39894,99.43078
Aek Gondang,0,1.39894,99.43078
Aek Gondang,0,1.39894,99.43078
Aek Gondang,0,1.39894,99.43078
Aek Gondang,12.4,1.39894,99.43078
Aek Gondang,0,1.39894,99.43078
Aek Gondang,1,1.39894,99.43078
Aek Gondang,0,1.39894,99.43078
Aek Gondang,0,1.39894,99.43078
Aek Gondang,0.8,1.39894,99.43078
Aek Gondang,0,1.39894,99.43078
Aek Gondang,9.1,1.39894,99.43078
Aek Gondang,4.6,1.39894,99.43078
Aek Gondang,0,1.39894,99.43078
Aek Gondang,0.4,1.39894,99.43078
Aek Gondang,0,1.39894,99.43078
Aek Gondang,0,1.39894,99.43078
Aek Gondang,0.8,1.39894,99.43078
Aek Gondang,0,1.39894,99.43078
Aek Gondang,11.7,1.39894,99.43078
Aek Gondang,0,1.39894,99.43078
Aek Gondang,0,1.39894,99.43078
Aek Gondang,0,1.39894,99.43078
Aek Gondang,1,1.39894,99.43078
Aek Gondang,0.8,1.39894,99.43078
Aek Gondang,15,1.39894,99.43078
Aek Gondang,0,1.39894,99.43078
Aek Gondang,5.4,1.39894,99.43078
Aek Gondang,0.6,1.39894,99.43078
Aek Gondang,0,1.39894,99.43078
Aek Gondang,0,1.39894,99.43078
Aek Gondang,14.2,1.39894,99.43078
Aek Gondang,0,1.39894,99.43078
Aek Gondang,0.5,1.39894,99.43078
Aek Gondang,0,1.39894,99.43078
Aek Gondang,0,1.39894,99.43078
Aek Gondang,0,1.39894,99.43078
Aek Gondang,0,1.39894,99.43078
Aek Gondang,1.4,1.39894,99.43078
Aek Gondang,0,1.39894,99.43078
Aek Gondang,0,1.39894,99.43078
Aek Gondang,0,1.39894,99.43078
Aek Gondang,8,1.39894,99.43078
Aek Gondang,0,1.39894,99.43078
Aek Gondang,0,1.39894,99.43078
Aek Gondang,1,1.39894,99.43078
Aek Gondang,1.6,1.39894,99.43078
Aek Gondang,36.2,1.39894,99.43078
Aek Gondang,0,1.39894,99.43078
Aek Gondang,6,1.39894,99.43078
Aek Gondang,0,1.39894,99.43078
Aek Gondang,0,1.39894,99.43078
Aek Gondang,0,1.39894,99.43078
Aek Gondang,0.2,1.39894,99.43078
Aek Gondang,9.7,1.39894,99.43078
Aek Gondang,0,1.39894,99.43078
Aek Gondang,0,1.39894,99.43078
Aek Gondang,0,1.39894,99.43078
Aek Gondang,0,1.39894,99.43078
Aek Gondang,5,1.39894,99.43078
Aek Gondang,0.4,1.39894,99.43078
Aek Gondang,5.3,1.39894,99.43078
Aek Gondang,8.5,1.39894,99.43078
Aek Gondang,56.1,1.39894,99.43078
Aek Gondang,0.2,1.39894,99.43078
Aek Gondang,0,1.39894,99.43078
Aek Gondang,0,1.39894,99.43078
Aek Gondang,0,1.39894,99.43078
Aek Gondang,0,1.39894,99.43078
Aek Gondang,0,1.39894,99.43078
Aek Gondang,1.4,1.39894,99.43078
Aek Gondang,0,1.39894,99.43078
Aek Gondang,12.7,1.39894,99.43078
Aek Gondang,18.8,1.39894,99.43078
Aek Gondang,21,1.39894,99.43078
Aek Gondang,2.2,1.39894,99.43078
Aek Gondang,0,1.39894,99.43078
Aek Gondang,0,1.39894,99.43078
Aek Gondang,0,1.39894,99.43078
Aek Gondang,0,1.39894,99.43078
Aek Gondang,0,1.39894,99.43078
Aek Gondang,0,1.39894,99.43078
Aek Gondang,0,1.39894,99.43078
Aek Gondang,0,1.39894,99.43078
Aek Gondang,0,1.39894,99.43078
Aek Gondang,5,1.39894,99.43078
Aek Gondang,0,1.39894,99.43078
Aek Gondang,0,1.39894,99.43078
Aek Gondang,0.2,1.39894,99.43078
Aek Gondang,0,1.39894,99.43078
Aek Gondang,1.8,1.39894,99.43078
Aek Gondang,0,1.39894,99.43078
Aek Gondang,0,1.39894,99.43078
Aek Gondang,0,1.39894,99.43078
Aek Gondang,0,1.39894,99.43078
Aek Gondang,2.2,1.39894,99.43078
Aek Gondang,0,1.39894,99.43078
Aek Gondang,0.6,1.39894,99.43078
Aek Gondang,0,1.39894,99.43078
Aek Gondang,0,1.39894,99.43078
Aek Gondang,0,1.39894,99.43078
Aek Gondang,0,1.39894,99.43078
Aek Gondang,1.6,1.39894,99.43078
Aek Gondang,1.2,1.39894,99.43078
Aek Gondang,0.2,1.39894,99.43078
Aek Gondang,7.7,1.39894,99.43078
Aek Gondang,0,1.39894,99.43078
Aek Gondang,0,1.39894,99.43078
Aek Gondang,1.2,1.39894,99.43078
Aek Gondang,0,1.39894,99.43078
Aek Gondang,1,1.39894,99.43078
Aek Gondang,0,1.39894,99.43078
Aek Gondang,0,1.39894,99.43078
Aek Gondang,12.3,1.39894,99.43078
Aek Gondang,0,1.39894,99.43078
Aek Gondang,0,1.39894,99.43078
Aek Gondang,1.4,1.39894,99.43078
Aek Gondang,0.3,1.39894,99.43078
Aek Gondang,3.2,1.39894,99.43078
Aek Gondang,0,1.39894,99.43078
Aek Gondang,0,1.39894,99.43078
Aek Gondang,0,1.39894,99.43078
Aek Gondang,0,1.39894,99.43078
Aek Gondang,0,1.39894,99.43078
Aek Gondang,2.8,1.39894,99.43078
Aek Gondang,5.3,1.39894,99.43078
Aek Gondang,0,1.39894,99.43078
Aek Gondang,13.4,1.39894,99.43078
Aek Gondang,0.8,1.39894,99.43078
Aek Gondang,0,1.39894,99.43078
Aek Gondang,0,1.39894,99.43078
Aek Gondang,0,1.39894,99.43078
Aek Gondang,12.2,1.39894,99.43078
Aek Gondang,0,1.39894,99.43078
Aek Gondang,1.2,1.39894,99.43078
Aek Gondang,0,1.39894,99.43078
Aek Gondang,0,1.39894,99.43078
Aek Gondang,1.2,1.39894,99.43078
Aek Gondang,3.4,1.39894,99.43078
Aek Gondang,5,1.39894,99.43078
Aek Gondang,0,1.39894,99.43078
Aek Gondang,0,1.39894,99.43078
Aek Gondang,0,1.39894,99.43078
Aek Gondang,0,1.39894,99.43078
Aek Gondang,2,1.39894,99.43078
Aek Gondang,0.2,1.39894,99.43078
Aek Gondang,0.2,1.39894,99.43078
Aek Gondang,2.9,1.39894,99.43078
Aek Gondang,2.1,1.39894,99.43078
Aek Gondang,0,1.39894,99.43078
Aek Gondang,0,1.39894,99.43078
Aek Gondang,0,1.39894,99.43078
Aek Gondang,0,1.39894,99.43078
Aek Gondang,0,1.39894,99.43078
Aek Gondang,5.1,1.39894,99.43078
Aek Gondang,2.8,1.39894,99.43078
Aek Gondang,0,1.39894,99.43078
Aek Gondang,0,1.39894,99.43078
Aek Gondang,0,1.39894,99.43078
Aek Gondang,0,1.39894,99.43078
Aek Gondang,0,1.39894,99.43078
Aek Gondang,0,1.39894,99.43078
Aek Gondang,0,1.39894,99.43078
Aek Gondang,3.1,1.39894,99.43078
Aek Gondang,0,1.39894,99.43078
Aek Gondang,21.6,1.39894,99.43078
Aek Gondang,0,1.39894,99.43078
Aek Gondang,27.5,1.39894,99.43078
Aek Gondang,17.8,1.39894,99.43078
Aek Gondang,0,1.39894,99.43078
Aek Gondang,0.2,1.39894,99.43078
Aek Gondang,0,1.39894,99.43078
Aek Gondang,2.2,1.39894,99.43078
Aek Gondang,0,1.39894,99.43078
Aek Gondang,0,1.39894,99.43078
Aek Gondang,7.2,1.39894,99.43078
Aek Gondang,0,1.39894,99.43078
Aek Gondang,0,1.39894,99.43078
Aek Gondang,0,1.39894,99.43078
Aek Gondang,0,1.39894,99.43078
Aek Gondang,13.6,1.39894,99.43078
Aek Gondang,0,1.39894,99.43078
Aek Gondang,2.5,1.39894,99.43078
Aek Gondang,1,1.39894,99.43078
Aek Gondang,5.4,1.39894,99.43078
Aek Gondang,3,1.39894,99.43078
Aek Gondang,17,1.39894,99.43078
Aek Gondang,0,1.39894,99.43078
Aek Gondang,1,1.39894,99.43078
Aek Gondang,0.6,1.39894,99.43078
Aek Gondang,0,1.39894,99.43078
Aek Gondang,2.4,1.39894,99.43078
Aek Gondang,0,1.39894,99.43078
Aek Gondang,2,1.39894,99.43078
Aek Gondang,3.2,1.39894,99.43078
Aek Gondang,7,1.39894,99.43078
Aek Gondang,0.8,1.39894,99.43078
Aek Gondang,9,1.39894,99.43078
Aek Gondang,0,1.39894,99.43078
Aek Gondang,0,1.39894,99.43078
Aek Gondang,0,1.39894,99.43078
Aek Gondang,0,1.39894,99.43078
Aek Gondang,0,1.39894,99.43078
Aek Gondang,0,1.39894,99.43078
Aek Gondang,0,1.39894,99.43078
Aek Gondang,11.9,1.39894,99.43078
Aek Gondang,36.7,1.39894,99.43078
Aek Gondang,0,1.39894,99.43078
Aek Gondang,30.4,1.39894,99.43078
Aek Gondang,4.4,1.39894,99.43078
Aek Gondang,1.9,1.39894,99.43078
Aek Gondang,0.2,1.39894,99.43078
Aek Gondang,2.2,1.39894,99.43078
Aek Gondang,9,1.39894,99.43078
Aek Gondang,2.2,1.39894,99.43078
Aek Gondang,4,1.39894,99.43078
Aek Gondang,0,1.39894,99.43078
Aek Gondang,3,1.39894,99.43078
Aek Gondang,3.9,1.39894,99.43078
Aek Gondang,0,1.39894,99.43078
Aek Gondang,26.5,1.39894,99.43078
Aek Gondang,11,1.39894,99.43078
Aek Gondang,7.6,1.39894,99.43078
Aek Gondang,2.8,1.39894,99.43078
Aek Gondang,0,1.39894,99.43078
Aek Gondang,0.5,1.39894,99.43078
Aek Gondang,15.1,1.39894,99.43078
Aek Gondang,5,1.39894,99.43078
Aek Gondang,0,1.39894,99.43078
Aek Gondang,0,1.39894,99.43078
Aek Gondang,1.9,1.39894,99.43078
Aek Gondang,3.9,1.39894,99.43078
Aek Gondang,0.2,1.39894,99.43078
Aek Gondang,0.4,1.39894,99.43078
Aek Gondang,3.8,1.39894,99.43078
Aek Gondang,6.7,1.39894,99.43078
Aek Gondang,4.3,1.39894,99.43078
Aek Gondang,0.8,1.39894,99.43078
Aek Gondang,5.5,1.39894,99.43078
Aek Gondang,70.8,1.39894,99.43078
Aek Gondang,28.1,1.39894,99.43078
Aek Gondang,6,1.39894,99.43078
Aek Gondang,1.4,1.39894,99.43078
Aek Gondang,0,1.39894,99.43078
Aek Gondang,1,1.39894,99.43078
Aek Gondang,3.8,1.39894,99.43078
Aek Gondang,58.2,1.39894,99.43078
Aek Gondang,0,1.39894,99.43078
Aek Gondang,0,1.39894,99.43078
Aek Gondang,1.6,1.39894,99.43078
Aek Gondang,8.2,1.39894,99.43078
Aek Gondang,3.4,1.39894,99.43078
Aek Gondang,2.4,1.39894,99.43078
Aek Gondang,17.6,1.39894,99.43078
Aek Gondang,23.4,1.39894,99.43078
Aek Gondang,22.2,1.39894,99.43078
Aek Gondang,0,1.39894,99.43078
Aek Gondang,25.6,1.39894,99.43078
Aek Gondang,0.7,1.39894,99.43078
Aek Gondang,4.8,1.39894,99.43078
Aek Gondang,0,1.39894,99.43078
Aek Gondang,0,1.39894,99.43078
Aek Gondang,0.8,1.39894,99.43078
Aek Gondang,5.7,1.39894,99.43078
Aek Gondang,3.4,1.39894,99.43078
Aek Gondang,1.5,1.39894,99.43078
Aek Gondang,5.2,1.39894,99.43078
Aek Gondang,2.1,1.39894,99.43078
Aek Gondang,0,1.39894,99.43078
Aek Gondang,0.4,1.39894,99.43078
Aek Gondang,11,1.39894,99.43078
Aek Gondang,1.1,1.39894,99.43078
Aek Gondang,0.4,1.39894,99.43078
Aek Gondang,0,1.39894,99.43078
Aek Gondang,12.2,1.39894,99.43078
Aek Gondang,0,1.39894,99.43078
Aek Gondang,0,1.39894,99.43078
Aek Gondang,1,1.39894,99.43078
Aek Gondang,13.9,1.39894,99.43078
Aek Gondang,11,1.39894,99.43078
Aek Gondang,0,1.39894,99.43078
Aek Gondang,3.3,1.39894,99.43078
Aek Gondang,0,1.39894,99.43078
Aek Gondang,2.8,1.39894,99.43078
Aek Gondang,1,1.39894,99.43078
Aek Gondang,10.6,1.39894,99.43078
Aek Gondang,0,1.39894,99.43078
Aek Gondang,2.1,1.39894,99.43078
Aek Gondang,0,1.39894,99.43078
Aek Gondang,0,1.39894,99.43078
Aek Gondang,6.8,1.39894,99.43078
Aek Gondang,1,1.39894,99.43078
Aek Gondang,1,1.39894,99.43078
Aek Gondang,0,1.39894,99.43078
Aek Gondang,0,1.39894,99.43078
Aek Gondang,0,1.39894,99.43078
Aek Gondang,0,1.39894,99.43078
Aek Gondang,9.9,1.39894,99.43078
Aek Gondang,0,1.39894,99.43078
Aek Gondang,1.5,1.39894,99.43078
Aek Gondang,0,1.39894,99.43078
Aek Gondang,0,1.39894,99.43078
Aek Gondang,0,1.39894,99.43078
Aek Gondang,0.6,1.39894,99.43078
Aek Gondang,0,1.39894,99.43078
Aek Gondang,0,1.39894,99.43078
Aek Gondang,0.4,1.39894,99.43078
Aek Gondang,0,1.39894,99.43078
Aek Gondang,2.8,1.39894,99.43078
Aek Gondang,0,1.39894,99.43078
Aek Gondang,6.8,1.39894,99.43078
Aek Gondang,0,1.39894,99.43078
Aek Gondang,61.1,1.39894,99.43078
Aek Gondang,0,1.39894,99.43078
Aek Gondang,0,1.39894,99.43078
Aek Gondang,1.5,1.39894,99.43078
Aek Gondang,0,1.39894,99.43078
Aek Gondang,4,1.39894,99.43078
Aek Gondang,2.2,1.39894,99.43078
Aek Gondang,2.2,1.39894,99.43078
Aek Gondang,0,1.39894,99.43078
Aek Gondang,1.4,1.39894,99.43078
Aek Gondang,20.7,1.39894,99.43078
Aek Gondang,12.9,1.39894,99.43078
Aek Gondang,0,1.39894,99.43078
Aek Gondang,0,1.39894,99.43078
Aek Gondang,15.9,1.39894,99.43078
Aek Gondang,1.2,1.39894,99.43078
Aek Gondang,34.7,1.39894,99.43078
Aek Gondang,1.9,1.39894,99.43078
Aek Gondang,0,1.39894,99.43078
Aek Gondang,40.5,1.39894,99.43078
Aek Gondang,0,1.39894,99.43078
Aek Gondang,42.1,1.39894,99.43078
Aek Gondang,7.4,1.39894,99.43078
Aek Gondang,5.6,1.39894,99.43078
Aek Gondang,12.5,1.39894,99.43078
Aek Gondang,0,1.39894,99.43078
Aek Gondang,3.1,1.39894,99.43078
Aek Gondang,19.8,1.39894,99.43078
Aek Gondang,10.8,1.39894,99.43078
Aek Gondang,3,1.39894,99.43078
Aek Gondang,8.9,1.39894,99.43078
Aek Gondang,14.7,1.39894,99.43078
Aek Gondang,0,1.39894,99.43078
Aek Gondang,0,1.39894,99.43078
Aek Gondang,9.6,1.39894,99.43078
Aek Gondang,0,1.39894,99.43078
Aek Gondang,0.7,1.39894,99.43078
Aek Gondang,3,1.39894,99.43078
Aek Gondang,8,1.39894,99.43078
Aek Gondang,0,1.39894,99.43078
Aek Gondang,0,1.39894,99.43078
Aek Gondang,1.2,1.39894,99.43078
Aek Gondang,2,1.39894,99.43078
Aek Gondang,5.7,1.39894,99.43078
Aek Gondang,0,1.39894,99.43078
Aek Gondang,14.3,1.39894,99.43078
Aek Gondang,1.2,1.39894,99.43078
Aek Gondang,0.8,1.39894,99.43078
Aek Gondang,16.1,1.39894,99.43078
Aek Gondang,4.2,1.39894,99.43078
Aek Gondang,2.7,1.39894,99.43078
Aek Gondang,0,1.39894,99.43078
Aek Gondang,3.6,1.39894,99.43078
Aek Gondang,0,1.39894,99.43078
Aek Gondang,1.4,1.39894,99.43078
Aek Gondang,0,1.39894,99.43078
Aek Gondang,3,1.39894,99.43078
Aek Gondang,0,1.39894,99.43078
Aek Gondang,6.4,1.39894,99.43078
Aek Gondang,18.4,1.39894,99.43078
Aek Gondang,22.8,1.39894,99.43078
Aek Gondang,4.2,1.39894,99.43078
Aek Gondang,2.2,1.39894,99.43078
Aek Gondang,16.6,1.39894,99.43078
Aek Gondang,0,1.39894,99.43078
Aek Gondang,4.8,1.39894,99.43078
Aek Gondang,0,1.39894,99.43078
Aek Gondang,0,1.39894,99.43078
Aek Gondang,0,1.39894,99.43078
Aek Gondang,0,1.39894,99.43078
Aek Gondang,6.4,1.39894,99.43078
Aek Gondang,0,1.39894,99.43078
Aek Gondang,0,1.39894,99.43078
Aek Gondang,0,1.39894,99.43078
Aek Gondang,0,1.39894,99.43078
Aek Gondang,0,1.39894,99.43078
Aek Gondang,0,1.39894,99.43078
Aek Gondang,0,1.39894,99.43078
Aek Gondang,0.7,1.39894,99.43078
Aek Gondang,2.2,1.39894,99.43078
Aek Gondang,0,1.39894,99.43078
Aek Gondang,0,1.39894,99.43078
Aek Gondang,2.1,1.39894,99.43078
Aek Gondang,1,1.39894,99.43078
Aek Gondang,0,1.39894,99.43078
Aek Gondang,0,1.39894,99.43078
Aek Gondang,44.2,1.39894,99.43078
Aek Gondang,1.9,1.39894,99.43078
Aek Gondang,3.4,1.39894,99.43078
Aek Gondang,0,1.39894,99.43078
Aek Gondang,0,1.39894,99.43078
Aek Gondang,0,1.39894,99.43078
Aek Gondang,0,1.39894,99.43078
Aek Gondang,3.2,1.39894,99.43078
Aek Gondang,0,1.39894,99.43078
Aek Gondang,0,1.39894,99.43078
Aek Gondang,6,1.39894,99.43078
Aek Gondang,11.7,1.39894,99.43078
Aek Gondang,0,1.39894,99.43078
Aek Gondang,0,1.39894,99.43078
Aek Gondang,0.3,1.39894,99.43078
Aek Gondang,0.4,1.39894,99.43078
Aek Gondang,0,1.39894,99.43078
Aek Gondang,2.5,1.39894,99.43078
Aek Gondang,0,1.39894,99.43078
Aek Gondang,0,1.39894,99.43078
Aek Gondang,0.3,1.39894,99.43078
Aek Gondang,0,1.39894,99.43078
Aek Gondang,0,1.39894,99.43078
Aek Gondang,0,1.39894,99.43078
Aek Gondang,0,1.39894,99.43078
Aek Gondang,2.5,1.39894,99.43078
Aek Gondang,6.9,1.39894,99.43078
Aek Gondang,0,1.39894,99.43078
Aek Gondang,0,1.39894,99.43078
Aek Gondang,0,1.39894,99.43078
Aek Gondang,0,1.39894,99.43078
Aek Gondang,0,1.39894,99.43078
Aek Gondang,0,1.39894,99.43078
Aek Gondang,2.3,1.39894,99.43078
Aek Gondang,0,1.39894,99.43078
Aek Gondang,0,1.39894,99.43078
Aek Gondang,0,1.39894,99.43078
Aek Gondang,0,1.39894,99.43078
Aek Gondang,1,1.39894,99.43078
Aek Gondang,0,1.39894,99.43078
Aek Gondang,0,1.39894,99.43078
Aek Gondang,0,1.39894,99.43078
Aek Gondang,0.4,1.39894,99.43078
Aek Gondang,0,1.39894,99.43078
Aek Gondang,0,1.39894,99.43078
Aek Gondang,0,1.39894,99.43078
Aek Gondang,0,1.39894,99.43078
Aek Gondang,0,1.39894,99.43078
Aek Gondang,19.5,1.39894,99.43078
Aek Gondang,0,1.39894,99.43078
Aek Gondang,0,1.39894,99.43078
Aek Gondang,0,1.39894,99.43078
Aek Gondang,0,1.39894,99.43078
Aek Gondang,34,1.39894,99.43078
Aek Gondang,2.3,1.39894,99.43078
Aek Gondang,82.8,1.39894,99.43078
Aek Gondang,0,1.39894,99.43078
Aek Gondang,0,1.39894,99.43078
Aek Gondang,0,1.39894,99.43078
Aek Gondang,0,1.39894,99.43078
Aek Gondang,3.6,1.39894,99.43078
Aek Gondang,1.2,1.39894,99.43078
Aek Gondang,0,1.39894,99.43078
Aek Gondang,0,1.39894,99.43078
Aek Gondang,0,1.39894,99.43078
Aek Gondang,2.1,1.39894,99.43078
Aek Gondang,0,1.39894,99.43078
Aek Gondang,0,1.39894,99.43078
Aek Gondang,0,1.39894,99.43078
Aek Gondang,11,1.39894,99.43078
Aek Gondang,0,1.39894,99.43078
Aek Gondang,2,1.39894,99.43078
Aek Gondang,60,1.39894,99.43078
Aek Gondang,0,1.39894,99.43078
Aek Gondang,9.5,1.39894,99.43078
Aek Gondang,0.4,1.39894,99.43078
Aek Gondang,5.4,1.39894,99.43078
Aek Gondang,50.6,1.39894,99.43078
Aek Gondang,0,1.39894,99.43078
Aek Gondang,1.6,1.39894,99.43078
Aek Gondang,59.3,1.39894,99.43078
Aek Gondang,0,1.39894,99.43078
Aek Gondang,0,1.39894,99.43078
Aek Gondang,0,1.39894,99.43078
Aek Gondang,0,1.39894,99.43078
Aek Gondang,0.6,1.39894,99.43078
Aek Gondang,6.3,1.39894,99.43078
Aek Gondang,1.2,1.39894,99.43078
Aek Gondang,5.8,1.39894,99.43078
Aek Gondang,0,1.39894,99.43078
Aek Gondang,7.2,1.39894,99.43078
Aek Gondang,26.5,1.39894,99.43078
Aek Gondang,0,1.39894,99.43078
Aek Gondang,4.1,1.39894,99.43078
Aek Gondang,0,1.39894,99.43078
Aek Gondang,0.6,1.39894,99.43078
Aek Gondang,0.2,1.39894,99.43078
Aek Gondang,0,1.39894,99.43078
Aek Gondang,75.5,1.39894,99.43078
Aek Gondang,1.3,1.39894,99.43078
Aek Gondang,35.8,1.39894,99.43078
Aek Gondang,0,1.39894,99.43078
Aek Gondang,0.2,1.39894,99.43078
Aek Gondang,0.5,1.39894,99.43078
Aek Gondang,10,1.39894,99.43078
Aek Gondang,0.8,1.39894,99.43078
Aek Gondang,41.4,1.39894,99.43078
Aek Gondang,19.8,1.39894,99.43078
Aek Gondang,1.2,1.39894,99.43078
Aek Gondang,10.9,1.39894,99.43078
Aek Gondang,0,1.39894,99.43078
Aek Gondang,0,1.39894,99.43078
Aek Gondang,4.2,1.39894,99.43078
Aek Gondang,6.9,1.39894,99.43078
Aek Gondang,0,1.39894,99.43078
Aek Gondang,1.8,1.39894,99.43078
Aek Gondang,0.8,1.39894,99.43078
Aek Gondang,0,1.39894,99.43078
Aek Gondang,0,1.39894,99.43078
Aek Gondang,24,1.39894,99.43078
Aek Gondang,22.3,1.39894,99.43078
Aek Gondang,0.4,1.39894,99.43078
Aek Gondang,0.4,1.39894,99.43078
Aek Gondang,8.8,1.39894,99.43078
Aek Gondang,0,1.39894,99.43078
Aek Gondang,9,1.39894,99.43078
Aek Gondang,0,1.39894,99.43078
Aek Gondang,0,1.39894,99.43078
Aek Gondang,16.1,1.39894,99.43078
Aek Gondang,0,1.39894,99.43078
Aek Gondang,0,1.39894,99.43078
Aek Gondang,0,1.39894,99.43078
Aek Gondang,0,1.39894,99.43078
Aek Gondang,0,1.39894,99.43078
Aek Gondang,0,1.39894,99.43078
Aek Gondang,9,1.39894,99.43078
Aek Gondang,0,1.39894,99.43078
Aek Gondang,0,1.39894,99.43078
Aek Gondang,0,1.39894,99.43078
Aek Gondang,0,1.39894,99.43078
Aek Gondang,0,1.39894,99.43078
Aek Gondang,19.4,1.39894,99.43078
Aek Gondang,3,1.39894,99.43078
Aek Gondang,0,1.39894,99.43078
Aek Gondang,0,1.39894,99.43078
Aek Gondang,0.6,1.39894,99.43078
Aek Gondang,20,1.39894,99.43078
Aek Gondang,2.6,1.39894,99.43078
Aek Gondang,0,1.39894,99.43078
Aek Gondang,11.2,1.39894,99.43078
Aek Gondang,0,1.39894,99.43078
Aek Gondang,2.8,1.39894,99.43078
Aek Gondang,0,1.39894,99.43078
Aek Gondang,1.2,1.39894,99.43078
Aek Gondang,0,1.39894,99.43078
Aek Gondang,0,1.39894,99.43078
Aek Gondang,29.9,1.39894,99.43078
Aek Gondang,5.2,1.39894,99.43078
Aek Gondang,20.4,1.39894,99.43078
Aek Gondang,0,1.39894,99.43078
Aek Gondang,25.2,1.39894,99.43078
Aek Gondang,0,1.39894,99.43078
Aek Gondang,13.6,1.39894,99.43078
Aek Gondang,70.8,1.39894,99.43078
Aek Gondang,1.8,1.39894,99.43078
Aek Gondang,0,1.39894,99.43078
Aek Gondang,1,1.39894,99.43078
Aek Gondang,0,1.39894,99.43078
Aek Gondang,3,1.39894,99.43078
Aek Gondang,18.7,1.39894,99.43078
Aek Gondang,0.9,1.39894,99.43078
Aek Gondang,0,1.39894,99.43078
Aek Gondang,17.4,1.39894,99.43078
Aek Gondang,0.8,1.39894,99.43078
Aek Gondang,0,1.39894,99.43078
Aek Gondang,8.6,1.39894,99.43078
Aek Gondang,6.4,1.39894,99.43078
Aek Gondang,7.7,1.39894,99.43078
Aek Gondang,0,1.39894,99.43078
Aek Gondang,0,1.39894,99.43078
Aek Gondang,0,1.39894,99.43078
Aek Gondang,3,1.39894,99.43078
Aek Gondang,0.2,1.39894,99.43078
Aek Gondang,2.7,1.39894,99.43078
Aek Gondang,21.6,1.39894,99.43078
Aek Gondang,4.4,1.39894,99.43078
Aek Gondang,0.8,1.39894,99.43078
Aek Gondang,1.6,1.39894,99.43078
Aek Gondang,18,1.39894,99.43078
Aek Gondang,49.6,1.39894,99.43078
Aek Gondang,1,1.39894,99.43078
Aek Gondang,13.1,1.39894,99.43078
Aek Gondang,0,1.39894,99.43078
Aek Gondang,13.4,1.39894,99.43078
Aek Gondang,0.5,1.39894,99.43078
Aek Gondang,0,1.39894,99.43078
Aek Gondang,4.2,1.39894,99.43078
Aek Gondang,24.5,1.39894,99.43078
Aek Gondang,0.2,1.39894,99.43078
Aek Gondang,21.7,1.39894,99.43078
Aek Gondang,0.6,1.39894,99.43078
Aek Gondang,17.2,1.39894,99.43078
Aek Gondang,2,1.39894,99.43078
Aek Gondang,12.7,1.39894,99.43078
Aek Gondang,3,1.39894,99.43078
Aek Gondang,21.1,1.39894,99.43078
Aek Gondang,4.4,1.39894,99.43078
Aek Gondang,18.4,1.39894,99.43078
Aek Gondang,6.6,1.39894,99.43078
Aek Gondang,6.6,1.39894,99.43078
Aek Gondang,43.4,1.39894,99.43078
Aek Gondang,0.4,1.39894,99.43078
Aek Gondang,17.5,1.39894,99.43078
Aek Gondang,6.3,1.39894,99.43078
Aek Gondang,42,1.39894,99.43078
Aek Gondang,47.8,1.39894,99.43078
Aek Gondang,9.5,1.39894,99.43078
Aek Gondang,23.4,1.39894,99.43078
Aek Gondang,16.1,1.39894,99.43078
Aek Gondang,3,1.39894,99.43078
Aek Gondang,0.1,1.39894,99.43078
Aek Gondang,18.4,1.39894,99.43078
Aek Gondang,0,1.39894,99.43078
Aek Gondang,21.3,1.39894,99.43078
Aek Gondang,0.2,1.39894,99.43078
Aek Gondang,48.5,1.39894,99.43078
Aek Gondang,20.6,1.39894,99.43078
Aek Gondang,104.3,1.39894,99.43078
Aek Gondang,0,1.39894,99.43078
Aek Gondang,3.6,1.39894,99.43078
Aek Gondang,1.6,1.39894,99.43078
Aek Gondang,0.4,1.39894,99.43078
Aek Gondang,26.5,1.39894,99.43078
Aek Gondang,0,1.39894,99.43078
Aek Gondang,3.5,1.39894,99.43078
Aek Gondang,7.5,1.39894,99.43078
Aek Gondang,25,1.39894,99.43078
Aek Gondang,0.1,1.39894,99.43078
Aek Gondang,0,1.39894,99.43078
Aek Gondang,24.8,1.39894,99.43078
Aek Gondang,1.2,1.39894,99.43078
Aek Gondang,2.7,1.39894,99.43078
Aek Gondang,17.4,1.39894,99.43078
Aek Gondang,12,1.39894,99.43078
Aek Gondang,6.2,1.39894,99.43078
Aek Gondang,4.6,1.39894,99.43078
Aek Gondang,0.9,1.39894,99.43078
Aek Gondang,0,1.39894,99.43078
Aek Gondang,4.5,1.39894,99.43078
Aek Gondang,2.2,1.39894,99.43078
Aek Gondang,3.6,1.39894,99.43078
Aek Gondang,1,1.39894,99.43078
Aek Gondang,0,1.39894,99.43078
Aek Gondang,0,1.39894,99.43078
Aek Gondang,5.2,1.39894,99.43078
Aek Gondang,1.4,1.39894,99.43078
Aek Gondang,0,1.39894,99.43078
Aek Gondang,13,1.39894,99.43078
Aek Gondang,6.8,1.39894,99.43078
Aek Gondang,1.4,1.39894,99.43078
Aek Gondang,12.2,1.39894,99.43078
Aek Gondang,14.5,1.39894,99.43078
Aek Gondang,0.5,1.39894,99.43078
Aek Gondang,1.8,1.39894,99.43078
Aek Gondang,3.8,1.39894,99.43078
Aek Gondang,11.6,1.39894,99.43078
Aek Gondang,14.4,1.39894,99.43078
Aek Gondang,0,1.39894,99.43078
Aek Gondang,6.9,1.39894,99.43078
Aek Gondang,26.6,1.39894,99.43078
Aek Gondang,0,1.39894,99.43078
Aek Gondang,11.6,1.39894,99.43078
Aek Gondang,0,1.39894,99.43078
Aek Gondang,1,1.39894,99.43078
Aek Gondang,7,1.39894,99.43078
Aek Gondang,3.6,1.39894,99.43078
Aek Gondang,8.2,1.39894,99.43078
Aek Gondang,0,1.39894,99.43078
Aek Gondang,9,1.39894,99.43078
Aek Gondang,0.6,1.39894,99.43078
Aek Gondang,0,1.39894,99.43078
Aek Gondang,0.2,1.39894,99.43078
Aek Gondang,0.2,1.39894,99.43078
Aek Gondang,0,1.39894,99.43078
Aek Gondang,0,1.39894,99.43078
Aek Gondang,10.7,1.39894,99.43078
Aek Gondang,8.4,1.39894,99.43078
Aek Gondang,2.5,1.39894,99.43078
Aek Gondang,1.3,1.39894,99.43078
Aek Gondang,12.6,1.39894,99.43078
Aek Gondang,12.7,1.39894,99.43078
Aek Gondang,0,1.39894,99.43078
Aek Gondang,0,1.39894,99.43078
Aek Gondang,15,1.39894,99.43078
Aek Gondang,0,1.39894,99.43078
Aek Gondang,0,1.39894,99.43078
Aek Gondang,0,1.39894,99.43078
Aek Gondang,2.2,1.39894,99.43078
Aek Gondang,0.6,1.39894,99.43078
Aek Gondang,0.8,1.39894,99.43078
Aek Gondang,10.9,1.39894,99.43078
Aek Gondang,0,1.39894,99.43078
Aek Gondang,15,1.39894,99.43078
Aek Gondang,0,1.39894,99.43078
Aek Gondang,4.2,1.39894,99.43078
Aek Gondang,0,1.39894,99.43078
Aek Gondang,2.6,1.39894,99.43078
Aek Gondang,9.8,1.39894,99.43078
Aek Gondang,3.8,1.39894,99.43078
Aek Gondang,28.9,1.39894,99.43078
Aek Gondang,2.8,1.39894,99.43078
Aek Gondang,4.6,1.39894,99.43078
Aek Gondang,0.4,1.39894,99.43078
Aek Gondang,0,1.39894,99.43078
Aek Gondang,26.6,1.39894,99.43078
Aek Gondang,45.4,1.39894,99.43078
Aek Gondang,0,1.39894,99.43078
Aek Gondang,0,1.39894,99.43078
Aek Gondang,4.5,1.39894,99.43078
Aek Gondang,0,1.39894,99.43078
Aek Gondang,3.1,1.39894,99.43078
Aek Gondang,0,1.39894,99.43078
Aek Gondang,5,1.39894,99.43078
Aek Gondang,1,1.39894,99.43078
Aek Gondang,0,1.39894,99.43078
Aek Gondang,1.2,1.39894,99.43078
Aek Gondang,0,1.39894,99.43078
Aek Gondang,1,1.39894,99.43078
Aek Gondang,0,1.39894,99.43078
Aek Gondang,0,1.39894,99.43078
Aek Gondang,0.3,1.39894,99.43078
Aek Gondang,16.1,1.39894,99.43078
Aek Gondang,0,1.39894,99.43078
Aek Gondang,0.4,1.39894,99.43078
Aek Gondang,1,1.39894,99.43078
Aek Gondang,2.6,1.39894,99.43078
Aek Gondang,0,1.39894,99.43078
Aek Gondang,45.5,1.39894,99.43078
Aek Gondang,4,1.39894,99.43078
Aek Gondang,0,1.39894,99.43078
Aek Gondang,52.3,1.39894,99.43078
Aek Gondang,0,1.39894,99.43078
Aek Gondang,2.2,1.39894,99.43078
Aek Gondang,0,1.39894,99.43078
Aek Gondang,9.2,1.39894,99.43078
Aek Gondang,0,1.39894,99.43078
Aek Gondang,30.5,1.39894,99.43078
Aek Gondang,0,1.39894,99.43078
Aek Gondang,0.4,1.39894,99.43078
Aek Gondang,0,1.39894,99.43078
Aek Gondang,0,1.39894,99.43078
Aek Gondang,20,1.39894,99.43078
Aek Gondang,0,1.39894,99.43078
Aek Gondang,0,1.39894,99.43078
Aek Gondang,0,1.39894,99.43078
Aek Gondang,0.7,1.39894,99.43078
Aek Gondang,2.1,1.39894,99.43078
Aek Gondang,83.9,1.39894,99.43078
Aek Gondang,0,1.39894,99.43078
Aek Gondang,0,1.39894,99.43078
Aek Gondang,3.8,1.39894,99.43078
Aek Gondang,19,1.39894,99.43078
Aek Gondang,4,1.39894,99.43078
Aek Gondang,1.7,1.39894,99.43078
Aek Gondang,7,1.39894,99.43078
Aek Gondang,0,1.39894,99.43078
Aek Gondang,53.6,1.39894,99.43078
Aek Gondang,6.8,1.39894,99.43078
Aek Gondang,0,1.39894,99.43078
Aek Gondang,0,1.39894,99.43078
Aek Gondang,43.2,1.39894,99.43078
Aek Gondang,4.5,1.39894,99.43078
Aek Gondang,27.7,1.39894,99.43078
Aek Gondang,0.8,1.39894,99.43078
Aek Gondang,0.8,1.39894,99.43078
Aek Gondang,1.3,1.39894,99.43078
Aek Gondang,0,1.39894,99.43078
Aek Gondang,6.2,1.39894,99.43078
Aek Gondang,12.8,1.39894,99.43078
Aek Gondang,0,1.39894,99.43078
Aek Gondang,1.6,1.39894,99.43078
Aek Gondang,0,1.39894,99.43078
Aek Gondang,15.7,1.39894,99.43078
Aek Gondang,0,1.39894,99.43078
Aek Gondang,0.8,1.39894,99.43078
Aek Gondang,0,1.39894,99.43078
Aek Gondang,27,1.39894,99.43078
Aek Gondang,0,1.39894,99.43078
Aek Gondang,0,1.39894,99.43078
Aek Gondang,0,1.39894,99.43078
Aek Gondang,0,1.39894,99.43078
Aek Gondang,14.1,1.39894,99.43078
Aek Gondang,0,1.39894,99.43078
Aek Gondang,0.4,1.39894,99.43078
Aek Gondang,0,1.39894,99.43078
Aek Gondang,58.2,1.39894,99.43078
Aek Gondang,0,1.39894,99.43078
Aek Gondang,0.4,1.39894,99.43078
Aek Gondang,7.6,1.39894,99.43078
Aek Gondang,9,1.39894,99.43078
Aek Gondang,0,1.39894,99.43078
Aek Gondang,0.6,1.39894,99.43078
Aek Gondang,0,1.39894,99.43078
Aek Gondang,36.6,1.39894,99.43078
Aek Gondang,7.4,1.39894,99.43078
Aek Gondang,5.4,1.39894,99.43078
Aek Gondang,1.5,1.39894,99.43078
Aek Gondang,0,1.39894,99.43078
Aek Gondang,0,1.39894,99.43078
Aek Gondang,0,1.39894,99.43078
Aek Gondang,0,1.39894,99.43078
Aek Gondang,0,1.39894,99.43078
Aek Gondang,1,1.39894,99.43078
Aek Gondang,0,1.39894,99.43078
Aek Gondang,54.6,1.39894,99.43078
Aek Gondang,0,1.39894,99.43078
Aek Gondang,0,1.39894,99.43078
Aek Gondang,0.2,1.39894,99.43078
Aek Gondang,0,1.39894,99.43078
Aek Gondang,0,1.39894,99.43078
Aek Gondang,0,1.39894,99.43078
Aek Gondang,0,1.39894,99.43078
Aek Gondang,0,1.39894,99.43078
Aek Gondang,5.1,1.39894,99.43078
Aek Gondang,0,1.39894,99.43078
Aek Gondang,0,1.39894,99.43078
Aek Gondang,0,1.39894,99.43078
Aek Gondang,0,1.39894,99.43078
Aek Gondang,0,1.39894,99.43078
Aek Gondang,0,1.39894,99.43078
Aek Gondang,0,1.39894,99.43078
Aek Gondang,0.2,1.39894,99.43078
Aek Gondang,0,1.39894,99.43078
Aek Gondang,0,1.39894,99.43078
Aek Gondang,0,1.39894,99.43078
Aek Gondang,0,1.39894,99.43078
Aek Gondang,0,1.39894,99.43078
Aek Gondang,0,1.39894,99.43078
Aek Gondang,0,1.39894,99.43078
Aek Gondang,0,1.39894,99.43078
Aek Gondang,0,1.39894,99.43078
Aek Gondang,0,1.39894,99.43078
Aek Gondang,1.8,1.39894,99.43078
Aek Gondang,0,1.39894,99.43078
Aek Gondang,0,1.39894,99.43078
Aek Gondang,0,1.39894,99.43078
Aek Gondang,71,1.39894,99.43078
Aek Gondang,1.6,1.39894,99.43078
Aek Gondang,4.8,1.39894,99.43078
Aek Gondang,0,1.39894,99.43078
Aek Gondang,31.7,1.39894,99.43078
Aek Gondang,8.6,1.39894,99.43078
Aek Gondang,0,1.39894,99.43078
Aek Gondang,0.6,1.39894,99.43078
Aek Gondang,0,1.39894,99.43078
Aek Gondang,0,1.39894,99.43078
Aek Gondang,49.4,1.39894,99.43078
Aek Gondang,0,1.39894,99.43078
Aek Gondang,2,1.39894,99.43078
Aek Gondang,0,1.39894,99.43078
Aek Gondang,0,1.39894,99.43078
Aek Gondang,51,1.39894,99.43078
Aek Gondang,0.2,1.39894,99.43078
Aek Gondang,2.7,1.39894,99.43078
Aek Gondang,6.7,1.39894,99.43078
Aek Gondang,0,1.39894,99.43078
Aek Gondang,5.3,1.39894,99.43078
Aek Gondang,56.6,1.39894,99.43078
Aek Gondang,35.8,1.39894,99.43078
Aek Gondang,0.4,1.39894,99.43078
Aek Gondang,0,1.39894,99.43078
Aek Gondang,14.1,1.39894,99.43078
Aek Gondang,0,1.39894,99.43078
Aek Gondang,4.7,1.39894,99.43078
Aek Gondang,4.6,1.39894,99.43078
Aek Gondang,1.5,1.39894,99.43078
Aek Gondang,0.2,1.39894,99.43078
Aek Gondang,0,1.39894,99.43078
Aek Gondang,0.2,1.39894,99.43078
Aek Gondang,14.2,1.39894,99.43078
Aek Gondang,0.2,1.39894,99.43078
Aek Gondang,4.1,1.39894,99.43078
Aek Gondang,1,1.39894,99.43078
Aek Gondang,15.7,1.39894,99.43078
Aek Gondang,0.6,1.39894,99.43078
Aek Gondang,8.6,1.39894,99.43078
Aek Gondang,10.7,1.39894,99.43078
Aek Gondang,0,1.39894,99.43078
Aek Gondang,0,1.39894,99.43078
Aek Gondang,3.7,1.39894,99.43078
Aek Gondang,0,1.39894,99.43078
Aek Gondang,47.9,1.39894,99.43078
Aek Gondang,0,1.39894,99.43078
Aek Gondang,5.6,1.39894,99.43078
Aek Gondang,0,1.39894,99.43078
Aek Gondang,0.7,1.39894,99.43078
Aek Gondang,1.8,1.39894,99.43078
Aek Gondang,2.8,1.39894,99.43078
Aek Gondang,24.4,1.39894,99.43078
Aek Gondang,0,1.39894,99.43078
Aek Gondang,3.2,1.39894,99.43078
Aek Gondang,7.3,1.39894,99.43078
Aek Gondang,0.2,1.39894,99.43078
Aek Gondang,4.2,1.39894,99.43078
Aek Gondang,0,1.39894,99.43078
Aek Gondang,12.8,1.39894,99.43078
Aek Gondang,16.6,1.39894,99.43078
Aek Gondang,0.2,1.39894,99.43078
Aek Gondang,0,1.39894,99.43078
Aek Gondang,1,1.39894,99.43078
Aek Gondang,30.8,1.39894,99.43078
Aek Gondang,16.4,1.39894,99.43078
Aek Gondang,0,1.39894,99.43078
Aek Gondang,0,1.39894,99.43078
Aek Gondang,0,1.39894,99.43078
Aek Gondang,0,1.39894,99.43078
Aek Gondang,0,1.39894,99.43078
Aek Gondang,0,1.39894,99.43078
Aek Gondang,19.9,1.39894,99.43078
Aek Gondang,65.5,1.39894,99.43078
Aek Gondang,33.8,1.39894,99.43078
Aek Gondang,3.4,1.39894,99.43078
Aek Gondang,0,1.39894,99.43078
Aek Gondang,0,1.39894,99.43078
Aek Gondang,0,1.39894,99.43078
Aek Gondang,5.9,1.39894,99.43078
Aek Gondang,0,1.39894,99.43078
Aek Gondang,0,1.39894,99.43078
Aek Gondang,29.6,1.39894,99.43078
Aek Gondang,0.3,1.39894,99.43078
Aek Gondang,0,1.39894,99.43078
Aek Gondang,0,1.39894,99.43078
Aek Gondang,0,1.39894,99.43078
Aek Gondang,6.5,1.39894,99.43078
Aek Gondang,3.8,1.39894,99.43078
Aek Gondang,0,1.39894,99.43078
Aek Gondang,0,1.39894,99.43078
Aek Gondang,0.2,1.39894,99.43078
Aek Gondang,0,1.39894,99.43078
Aek Gondang,60.4,1.39894,99.43078
Aek Gondang,18.5,1.39894,99.43078
Aek Gondang,2.2,1.39894,99.43078
Aek Gondang,0.6,1.39894,99.43078
Aek Gondang,0,1.39894,99.43078
Aek Gondang,0,1.39894,99.43078
Aek Gondang,2.6,1.39894,99.43078
Aek Gondang,7,1.39894,99.43078
Aek Gondang,0.7,1.39894,99.43078
Aek Gondang,0,1.39894,99.43078
Aek Gondang,0,1.39894,99.43078
Aek Gondang,8,1.39894,99.43078
Aek Gondang,41.8,1.39894,99.43078
Aek Gondang,0,1.39894,99.43078
Aek Gondang,0,1.39894,99.43078
Aek Gondang,0,1.39894,99.43078
Aek Gondang,0,1.39894,99.43078
Aek Gondang,12,1.39894,99.43078
Aek Gondang,11,1.39894,99.43078
Aek Gondang,0,1.39894,99.43078
Aek Gondang,4.2,1.39894,99.43078
Aek Gondang,0,1.39894,99.43078
Aek Gondang,0,1.39894,99.43078
Aek Gondang,5.2,1.39894,99.43078
Aek Gondang,5.4,1.39894,99.43078
Aek Gondang,4.9,1.39894,99.43078
Aek Gondang,6.6,1.39894,99.43078
Aek Gondang,6.7,1.39894,99.43078
Aek Gondang,2.1,1.39894,99.43078
Aek Gondang,0,1.39894,99.43078
Aek Gondang,0.8,1.39894,99.43078
Aek Gondang,0,1.39894,99.43078
Aek Gondang,5.9,1.39894,99.43078
Aek Gondang,0,1.39894,99.43078
Aek Gondang,43.1,1.39894,99.43078
Aek Gondang,2.2,1.39894,99.43078
Aek Gondang,0.2,1.39894,99.43078
Aek Gondang,17.4,1.39894,99.43078
Aek Gondang,0.6,1.39894,99.43078
Aek Gondang,1.3,1.39894,99.43078
Aek Gondang,14,1.39894,99.43078
Aek Gondang,21.8,1.39894,99.43078
Aek Gondang,0,1.39894,99.43078
Aek Gondang,2.5,1.39894,99.43078
Aek Gondang,0,1.39894,99.43078
Aek Gondang,0,1.39894,99.43078
Aek Gondang,0,1.39894,99.43078
Aek Gondang,0,1.39894,99.43078
Aek Gondang,0,1.39894,99.43078
Aek Gondang,0,1.39894,99.43078
Aek Gondang,4,1.39894,99.43078
Aek Gondang,0,1.39894,99.43078
Aek Gondang,1.7,1.39894,99.43078
Aek Gondang,0,1.39894,99.43078
Aek Gondang,0.6,1.39894,99.43078
Aek Gondang,0,1.39894,99.43078
Aek Gondang,17,1.39894,99.43078
Aek Gondang,0.6,1.39894,99.43078
Aek Gondang,4.2,1.39894,99.43078
Aek Gondang,0,1.39894,99.43078
Kualanamu,0,3.59483,98.86297
Kualanamu,0,3.59483,98.86297
Kualanamu,0,3.59483,98.86297
Kualanamu,0,3.59483,98.86297
Kualanamu,0,3.59483,98.86297
Kualanamu,0,3.59483,98.86297
Kualanamu,0,3.59483,98.86297
Kualanamu,0,3.59483,98.86297
Kualanamu,0,3.59483,98.86297
Kualanamu,0,3.59483,98.86297
Kualanamu,0,3.59483,98.86297
Kualanamu,0,3.59483,98.86297
Kualanamu,3.5,3.59483,98.86297
Kualanamu,0,3.59483,98.86297
Kualanamu,1.5,3.59483,98.86297
Kualanamu,0,3.59483,98.86297
Kualanamu,7.8,3.59483,98.86297
Kualanamu,0,3.59483,98.86297
Kualanamu,0,3.59483,98.86297
Kualanamu,16.3,3.59483,98.86297
Kualanamu,6.9,3.59483,98.86297
Kualanamu,0,3.59483,98.86297
Kualanamu,4.4,3.59483,98.86297
Kualanamu,4.6,3.59483,98.86297
Kualanamu,2.2,3.59483,98.86297
Kualanamu,2.4,3.59483,98.86297
Kualanamu,0,3.59483,98.86297
Kualanamu,0,3.59483,98.86297
Kualanamu,0,3.59483,98.86297
Kualanamu,0,3.59483,98.86297
Kualanamu,0,3.59483,98.86297
Kualanamu,0,3.59483,98.86297
Kualanamu,6.4,3.59483,98.86297
Kualanamu,0,3.59483,98.86297
Kualanamu,0,3.59483,98.86297
Kualanamu,0,3.59483,98.86297
Kualanamu,0,3.59483,98.86297
Kualanamu,0,3.59483,98.86297
Kualanamu,0,3.59483,98.86297
Kualanamu,0,3.59483,98.86297
Kualanamu,0,3.59483,98.86297
Kualanamu,22,3.59483,98.86297
Kualanamu,0,3.59483,98.86297
Kualanamu,0,3.59483,98.86297
Kualanamu,0,3.59483,98.86297
Kualanamu,0,3.59483,98.86297
Kualanamu,0,3.59483,98.86297
Kualanamu,0,3.59483,98.86297
Kualanamu,0,3.59483,98.86297
Kualanamu,0,3.59483,98.86297
Kualanamu,0,3.59483,98.86297
Kualanamu,0,3.59483,98.86297
Kualanamu,0,3.59483,98.86297
Kualanamu,0,3.59483,98.86297
Kualanamu,0,3.59483,98.86297
Kualanamu,0,3.59483,98.86297
Kualanamu,0,3.59483,98.86297
Kualanamu,0,3.59483,98.86297
Kualanamu,0,3.59483,98.86297
Kualanamu,0,3.59483,98.86297
Kualanamu,0,3.59483,98.86297
Kualanamu,0,3.59483,98.86297
Kualanamu,0,3.59483,98.86297
Kualanamu,0,3.59483,98.86297
Kualanamu,0,3.59483,98.86297
Kualanamu,0,3.59483,98.86297
Kualanamu,0,3.59483,98.86297
Kualanamu,0,3.59483,98.86297
Kualanamu,0,3.59483,98.86297
Kualanamu,0,3.59483,98.86297
Kualanamu,8.5,3.59483,98.86297
Kualanamu,0,3.59483,98.86297
Kualanamu,0,3.59483,98.86297
Kualanamu,0,3.59483,98.86297
Kualanamu,0,3.59483,98.86297
Kualanamu,0,3.59483,98.86297
Kualanamu,7.8,3.59483,98.86297
Kualanamu,0,3.59483,98.86297
Kualanamu,21,3.59483,98.86297
Kualanamu,0,3.59483,98.86297
Kualanamu,0,3.59483,98.86297
Kualanamu,0,3.59483,98.86297
Kualanamu,0,3.59483,98.86297
Kualanamu,0,3.59483,98.86297
Kualanamu,0,3.59483,98.86297
Kualanamu,0,3.59483,98.86297
Kualanamu,0,3.59483,98.86297
Kualanamu,0,3.59483,98.86297
Kualanamu,0,3.59483,98.86297
Kualanamu,0,3.59483,98.86297
Kualanamu,0.2,3.59483,98.86297
Kualanamu,0,3.59483,98.86297
Kualanamu,0,3.59483,98.86297
Kualanamu,0,3.59483,98.86297
Kualanamu,0,3.59483,98.86297
Kualanamu,22.5,3.59483,98.86297
Kualanamu,0,3.59483,98.86297
Kualanamu,0,3.59483,98.86297
Kualanamu,0,3.59483,98.86297
Kualanamu,15.7,3.59483,98.86297
Kualanamu,0,3.59483,98.86297
Kualanamu,0,3.59483,98.86297
Kualanamu,0,3.59483,98.86297
Kualanamu,0,3.59483,98.86297
Kualanamu,3.8,3.59483,98.86297
Kualanamu,10.7,3.59483,98.86297
Kualanamu,4.5,3.59483,98.86297
Kualanamu,0,3.59483,98.86297
Kualanamu,9.7,3.59483,98.86297
Kualanamu,0,3.59483,98.86297
Kualanamu,0,3.59483,98.86297
Kualanamu,0,3.59483,98.86297
Kualanamu,0,3.59483,98.86297
Kualanamu,0,3.59483,98.86297
Kualanamu,0,3.59483,98.86297
Kualanamu,0,3.59483,98.86297
Kualanamu,0,3.59483,98.86297
Kualanamu,0,3.59483,98.86297
Kualanamu,0,3.59483,98.86297
Kualanamu,6.2,3.59483,98.86297
Kualanamu,12.4,3.59483,98.86297
Kualanamu,0,3.59483,98.86297
Kualanamu,0,3.59483,98.86297
Kualanamu,0,3.59483,98.86297
Kualanamu,0,3.59483,98.86297
Kualanamu,0,3.59483,98.86297
Kualanamu,0,3.59483,98.86297
Kualanamu,4.2,3.59483,98.86297
Kualanamu,0,3.59483,98.86297
Kualanamu,0,3.59483,98.86297
Kualanamu,1,3.59483,98.86297
Kualanamu,53.3,3.59483,98.86297
Kualanamu,0,3.59483,98.86297
Kualanamu,2.5,3.59483,98.86297
Kualanamu,0,3.59483,98.86297
Kualanamu,7.4,3.59483,98.86297
Kualanamu,2.5,3.59483,98.86297
Kualanamu,0,3.59483,98.86297
Kualanamu,0,3.59483,98.86297
Kualanamu,50.8,3.59483,98.86297
Kualanamu,10.5,3.59483,98.86297
Kualanamu,0,3.59483,98.86297
Kualanamu,0,3.59483,98.86297
Kualanamu,0,3.59483,98.86297
Kualanamu,0,3.59483,98.86297
Kualanamu,1.2,3.59483,98.86297
Kualanamu,6.7,3.59483,98.86297
Kualanamu,11,3.59483,98.86297
Kualanamu,0,3.59483,98.86297
Kualanamu,0,3.59483,98.86297
Kualanamu,0,3.59483,98.86297
Kualanamu,0,3.59483,98.86297
Kualanamu,0,3.59483,98.86297
Kualanamu,0,3.59483,98.86297
Kualanamu,13.3,3.59483,98.86297
Kualanamu,0,3.59483,98.86297
Kualanamu,0,3.59483,98.86297
Kualanamu,0,3.59483,98.86297
Kualanamu,0,3.59483,98.86297
Kualanamu,0,3.59483,98.86297
Kualanamu,0,3.59483,98.86297
Kualanamu,0,3.59483,98.86297
Kualanamu,12.3,3.59483,98.86297
Kualanamu,0,3.59483,98.86297
Kualanamu,0,3.59483,98.86297
Kualanamu,0,3.59483,98.86297
Kualanamu,0,3.59483,98.86297
Kualanamu,0,3.59483,98.86297
Kualanamu,0,3.59483,98.86297
Kualanamu,0,3.59483,98.86297
Kualanamu,0,3.59483,98.86297
Kualanamu,0,3.59483,98.86297
Kualanamu,0,3.59483,98.86297
Kualanamu,0,3.59483,98.86297
Kualanamu,4.4,3.59483,98.86297
Kualanamu,0,3.59483,98.86297
Kualanamu,9.8,3.59483,98.86297
Kualanamu,0,3.59483,98.86297
Kualanamu,0,3.59483,98.86297
Kualanamu,9.1,3.59483,98.86297
Kualanamu,0,3.59483,98.86297
Kualanamu,0,3.59483,98.86297
Kualanamu,0,3.59483,98.86297
Kualanamu,0,3.59483,98.86297
Kualanamu,0,3.59483,98.86297
Kualanamu,0,3.59483,98.86297
Kualanamu,2.4,3.59483,98.86297
Kualanamu,0,3.59483,98.86297
Kualanamu,0,3.59483,98.86297
Kualanamu,0,3.59483,98.86297
Kualanamu,0,3.59483,98.86297
Kualanamu,0,3.59483,98.86297
Kualanamu,0,3.59483,98.86297
Kualanamu,0,3.59483,98.86297
Kualanamu,0,3.59483,98.86297
Kualanamu,0,3.59483,98.86297
Kualanamu,0,3.59483,98.86297
Kualanamu,0,3.59483,98.86297
Kualanamu,0,3.59483,98.86297
Kualanamu,4.3,3.59483,98.86297
Kualanamu,0,3.59483,98.86297
Kualanamu,0,3.59483,98.86297
Kualanamu,0,3.59483,98.86297
Kualanamu,0,3.59483,98.86297
Kualanamu,0,3.59483,98.86297
Kualanamu,0,3.59483,98.86297
Kualanamu,0,3.59483,98.86297
Kualanamu,30.5,3.59483,98.86297
Kualanamu,0,3.59483,98.86297
Kualanamu,1.2,3.59483,98.86297
Kualanamu,0,3.59483,98.86297
Kualanamu,0,3.59483,98.86297
Kualanamu,17.2,3.59483,98.86297
Kualanamu,14,3.59483,98.86297
Kualanamu,0,3.59483,98.86297
Kualanamu,41.4,3.59483,98.86297
Kualanamu,1.4,3.59483,98.86297
Kualanamu,5.1,3.59483,98.86297
Kualanamu,0.1,3.59483,98.86297
Kualanamu,0,3.59483,98.86297
Kualanamu,30,3.59483,98.86297
Kualanamu,0,3.59483,98.86297
Kualanamu,1.2,3.59483,98.86297
Kualanamu,0,3.59483,98.86297
Kualanamu,1.2,3.59483,98.86297
Kualanamu,4,3.59483,98.86297
Kualanamu,0,3.59483,98.86297
Kualanamu,0,3.59483,98.86297
Kualanamu,0,3.59483,98.86297
Kualanamu,0,3.59483,98.86297
Kualanamu,38.2,3.59483,98.86297
Kualanamu,17.5,3.59483,98.86297
Kualanamu,26.6,3.59483,98.86297
Kualanamu,0,3.59483,98.86297
Kualanamu,0,3.59483,98.86297
Kualanamu,1,3.59483,98.86297
Kualanamu,3.2,3.59483,98.86297
Kualanamu,1.6,3.59483,98.86297
Kualanamu,1.8,3.59483,98.86297
Kualanamu,11.8,3.59483,98.86297
Kualanamu,1.2,3.59483,98.86297
Kualanamu,3,3.59483,98.86297
Kualanamu,1.3,3.59483,98.86297
Kualanamu,0,3.59483,98.86297
Kualanamu,0,3.59483,98.86297
Kualanamu,11.4,3.59483,98.86297
Kualanamu,6.6,3.59483,98.86297
Kualanamu,0,3.59483,98.86297
Kualanamu,3,3.59483,98.86297
Kualanamu,4.1,3.59483,98.86297
Kualanamu,1.6,3.59483,98.86297
Kualanamu,5.6,3.59483,98.86297
Kualanamu,0,3.59483,98.86297
Kualanamu,0,3.59483,98.86297
Kualanamu,7.8,3.59483,98.86297
Kualanamu,0,3.59483,98.86297
Kualanamu,2.4,3.59483,98.86297
Kualanamu,0,3.59483,98.86297
Kualanamu,1.2,3.59483,98.86297
Kualanamu,0,3.59483,98.86297
Kualanamu,0,3.59483,98.86297
Kualanamu,0,3.59483,98.86297
Kualanamu,26.6,3.59483,98.86297
Kualanamu,0,3.59483,98.86297
Kualanamu,15.2,3.59483,98.86297
Kualanamu,0,3.59483,98.86297
Kualanamu,0,3.59483,98.86297
Kualanamu,0,3.59483,98.86297
Kualanamu,0,3.59483,98.86297
Kualanamu,2.5,3.59483,98.86297
Kualanamu,15.8,3.59483,98.86297
Kualanamu,3.2,3.59483,98.86297
Kualanamu,73.3,3.59483,98.86297
Kualanamu,0,3.59483,98.86297
Kualanamu,17,3.59483,98.86297
Kualanamu,0,3.59483,98.86297
Kualanamu,5.2,3.59483,98.86297
Kualanamu,0,3.59483,98.86297
Kualanamu,0,3.59483,98.86297
Kualanamu,0,3.59483,98.86297
Kualanamu,2.7,3.59483,98.86297
Kualanamu,0,3.59483,98.86297
Kualanamu,5.3,3.59483,98.86297
Kualanamu,70.2,3.59483,98.86297
Kualanamu,0.1,3.59483,98.86297
Kualanamu,0,3.59483,98.86297
Kualanamu,30.6,3.59483,98.86297
Kualanamu,14.8,3.59483,98.86297
Kualanamu,0,3.59483,98.86297
Kualanamu,11.5,3.59483,98.86297
Kualanamu,0,3.59483,98.86297
Kualanamu,1.2,3.59483,98.86297
Kualanamu,62.8,3.59483,98.86297
Kualanamu,9.1,3.59483,98.86297
Kualanamu,58.7,3.59483,98.86297
Kualanamu,0,3.59483,98.86297
Kualanamu,5,3.59483,98.86297
Kualanamu,30,3.59483,98.86297
Kualanamu,0,3.59483,98.86297
Kualanamu,0,3.59483,98.86297
Kualanamu,0,3.59483,98.86297
Kualanamu,0,3.59483,98.86297
Kualanamu,18.5,3.59483,98.86297
Kualanamu,0,3.59483,98.86297
Kualanamu,3.5,3.59483,98.86297
Kualanamu,47.3,3.59483,98.86297
Kualanamu,1.5,3.59483,98.86297
Kualanamu,23.4,3.59483,98.86297
Kualanamu,4.6,3.59483,98.86297
Kualanamu,0,3.59483,98.86297
Kualanamu,0,3.59483,98.86297
Kualanamu,0,3.59483,98.86297
Kualanamu,0,3.59483,98.86297
Kualanamu,1.4,3.59483,98.86297
Kualanamu,11.4,3.59483,98.86297
Kualanamu,1.9,3.59483,98.86297
Kualanamu,0,3.59483,98.86297
Kualanamu,33.5,3.59483,98.86297
Kualanamu,3,3.59483,98.86297
Kualanamu,1,3.59483,98.86297
Kualanamu,0,3.59483,98.86297
Kualanamu,0.3,3.59483,98.86297
Kualanamu,6.6,3.59483,98.86297
Kualanamu,0,3.59483,98.86297
Kualanamu,0,3.59483,98.86297
Kualanamu,0,3.59483,98.86297
Kualanamu,0,3.59483,98.86297
Kualanamu,0,3.59483,98.86297
Kualanamu,2,3.59483,98.86297
Kualanamu,0.4,3.59483,98.86297
Kualanamu,1.5,3.59483,98.86297
Kualanamu,39.6,3.59483,98.86297
Kualanamu,0,3.59483,98.86297
Kualanamu,4.1,3.59483,98.86297
Kualanamu,0.3,3.59483,98.86297
Kualanamu,0,3.59483,98.86297
Kualanamu,73.2,3.59483,98.86297
Kualanamu,2,3.59483,98.86297
Kualanamu,35.4,3.59483,98.86297
Kualanamu,0,3.59483,98.86297
Kualanamu,16,3.59483,98.86297
Kualanamu,11,3.59483,98.86297
Kualanamu,15.6,3.59483,98.86297
Kualanamu,1,3.59483,98.86297
Kualanamu,17.6,3.59483,98.86297
Kualanamu,50,3.59483,98.86297
Kualanamu,0,3.59483,98.86297
Kualanamu,0,3.59483,98.86297
Kualanamu,0,3.59483,98.86297
Kualanamu,16.8,3.59483,98.86297
Kualanamu,0,3.59483,98.86297
Kualanamu,0.3,3.59483,98.86297
Kualanamu,51.4,3.59483,98.86297
Kualanamu,107.4,3.59483,98.86297
Kualanamu,0,3.59483,98.86297
Kualanamu,0,3.59483,98.86297
Kualanamu,4.2,3.59483,98.86297
Kualanamu,0,3.59483,98.86297
Kualanamu,0,3.59483,98.86297
Kualanamu,6.7,3.59483,98.86297
Kualanamu,0.1,3.59483,98.86297
Kualanamu,15,3.59483,98.86297
Kualanamu,6.6,3.59483,98.86297
Kualanamu,0,3.59483,98.86297
Kualanamu,0.2,3.59483,98.86297
Kualanamu,3,3.59483,98.86297
Kualanamu,0,3.59483,98.86297
Kualanamu,0,3.59483,98.86297
Kualanamu,0,3.59483,98.86297
Kualanamu,4.2,3.59483,98.86297
Kualanamu,0,3.59483,98.86297
Kualanamu,0,3.59483,98.86297
Kualanamu,0,3.59483,98.86297
Kualanamu,0,3.59483,98.86297
Kualanamu,0,3.59483,98.86297
Kualanamu,0,3.59483,98.86297
Kualanamu,0,3.59483,98.86297
Kualanamu,0,3.59483,98.86297
Kualanamu,5,3.59483,98.86297
Kualanamu,0,3.59483,98.86297
Kualanamu,0,3.59483,98.86297
Kualanamu,0,3.59483,98.86297
Kualanamu,0,3.59483,98.86297
Kualanamu,0,3.59483,98.86297
Kualanamu,0,3.59483,98.86297
Kualanamu,0,3.59483,98.86297
Kualanamu,0,3.59483,98.86297
Kualanamu,0,3.59483,98.86297
Kualanamu,0,3.59483,98.86297
Kualanamu,0,3.59483,98.86297
Kualanamu,4,3.59483,98.86297
Kualanamu,0,3.59483,98.86297
Kualanamu,0,3.59483,98.86297
Kualanamu,8.5,3.59483,98.86297
Kualanamu,0,3.59483,98.86297
Kualanamu,29.9,3.59483,98.86297
Kualanamu,0,3.59483,98.86297
Kualanamu,0,3.59483,98.86297
Kualanamu,0,3.59483,98.86297
Kualanamu,0,3.59483,98.86297
Kualanamu,0,3.59483,98.86297
Kualanamu,0,3.59483,98.86297
Kualanamu,0,3.59483,98.86297
Kualanamu,0,3.59483,98.86297
Kualanamu,0,3.59483,98.86297
Kualanamu,0,3.59483,98.86297
Kualanamu,0,3.59483,98.86297
Kualanamu,0,3.59483,98.86297
Kualanamu,0,3.59483,98.86297
Kualanamu,0,3.59483,98.86297
Kualanamu,0,3.59483,98.86297
Kualanamu,0,3.59483,98.86297
Kualanamu,0,3.59483,98.86297
Kualanamu,0,3.59483,98.86297
Kualanamu,0,3.59483,98.86297
Kualanamu,0,3.59483,98.86297
Kualanamu,0,3.59483,98.86297
Kualanamu,0,3.59483,98.86297
Kualanamu,0,3.59483,98.86297
Kualanamu,0,3.59483,98.86297
Kualanamu,19.6,3.59483,98.86297
Kualanamu,0,3.59483,98.86297
Kualanamu,0,3.59483,98.86297
Kualanamu,0,3.59483,98.86297
Kualanamu,0,3.59483,98.86297
Kualanamu,0,3.59483,98.86297
Kualanamu,0,3.59483,98.86297
Kualanamu,0,3.59483,98.86297
Kualanamu,0,3.59483,98.86297
Kualanamu,0,3.59483,98.86297
Kualanamu,0,3.59483,98.86297
Kualanamu,0,3.59483,98.86297
Kualanamu,0,3.59483,98.86297
Kualanamu,0,3.59483,98.86297
Kualanamu,0.2,3.59483,98.86297
Kualanamu,0,3.59483,98.86297
Kualanamu,0,3.59483,98.86297
Kualanamu,0,3.59483,98.86297
Kualanamu,0,3.59483,98.86297
Kualanamu,0,3.59483,98.86297
Kualanamu,0,3.59483,98.86297
Kualanamu,10.7,3.59483,98.86297
Kualanamu,0,3.59483,98.86297
Kualanamu,0,3.59483,98.86297
Kualanamu,0,3.59483,98.86297
Kualanamu,0,3.59483,98.86297
Kualanamu,0,3.59483,98.86297
Kualanamu,0,3.59483,98.86297
Kualanamu,0,3.59483,98.86297
Kualanamu,0,3.59483,98.86297
Kualanamu,3.6,3.59483,98.86297
Kualanamu,0,3.59483,98.86297
Kualanamu,0,3.59483,98.86297
Kualanamu,0,3.59483,98.86297
Kualanamu,0,3.59483,98.86297
Kualanamu,0,3.59483,98.86297
Kualanamu,0,3.59483,98.86297
Kualanamu,0,3.59483,98.86297
Kualanamu,0,3.59483,98.86297
Kualanamu,0,3.59483,98.86297
Kualanamu,0.7,3.59483,98.86297
Kualanamu,0,3.59483,98.86297
Kualanamu,0,3.59483,98.86297
Kualanamu,8.4,3.59483,98.86297
Kualanamu,0,3.59483,98.86297
Kualanamu,32,3.59483,98.86297
Kualanamu,0,3.59483,98.86297
Kualanamu,0.1,3.59483,98.86297
Kualanamu,0,3.59483,98.86297
Kualanamu,0,3.59483,98.86297
Kualanamu,0.2,3.59483,98.86297
Kualanamu,35.7,3.59483,98.86297
Kualanamu,0,3.59483,98.86297
Kualanamu,0,3.59483,98.86297
Kualanamu,0,3.59483,98.86297
Kualanamu,0,3.59483,98.86297
Kualanamu,0,3.59483,98.86297
Kualanamu,0,3.59483,98.86297
Kualanamu,2.9,3.59483,98.86297
Kualanamu,0,3.59483,98.86297
Kualanamu,1.5,3.59483,98.86297
Kualanamu,107,3.59483,98.86297
Kualanamu,0,3.59483,98.86297
Kualanamu,0,3.59483,98.86297
Kualanamu,0.3,3.59483,98.86297
Kualanamu,0,3.59483,98.86297
Kualanamu,0.6,3.59483,98.86297
Kualanamu,0,3.59483,98.86297
Kualanamu,0,3.59483,98.86297
Kualanamu,0,3.59483,98.86297
Kualanamu,4.4,3.59483,98.86297
Kualanamu,0,3.59483,98.86297
Kualanamu,14.9,3.59483,98.86297
Kualanamu,0,3.59483,98.86297
Kualanamu,51.2,3.59483,98.86297
Kualanamu,0,3.59483,98.86297
Kualanamu,0.7,3.59483,98.86297
Kualanamu,0,3.59483,98.86297
Kualanamu,0,3.59483,98.86297
Kualanamu,0,3.59483,98.86297
Kualanamu,0,3.59483,98.86297
Kualanamu,0,3.59483,98.86297
Kualanamu,0,3.59483,98.86297
Kualanamu,0,3.59483,98.86297
Kualanamu,1.1,3.59483,98.86297
Kualanamu,0,3.59483,98.86297
Kualanamu,0,3.59483,98.86297
Kualanamu,1.9,3.59483,98.86297
Kualanamu,4.3,3.59483,98.86297
Kualanamu,0,3.59483,98.86297
Kualanamu,0,3.59483,98.86297
Kualanamu,0,3.59483,98.86297
Kualanamu,3.2,3.59483,98.86297
Kualanamu,0,3.59483,98.86297
Kualanamu,0,3.59483,98.86297
Kualanamu,0,3.59483,98.86297
Kualanamu,0,3.59483,98.86297
Kualanamu,0,3.59483,98.86297
Kualanamu,0,3.59483,98.86297
Kualanamu,0,3.59483,98.86297
Kualanamu,0,3.59483,98.86297
Kualanamu,0,3.59483,98.86297
Kualanamu,0,3.59483,98.86297
Kualanamu,0,3.59483,98.86297
Kualanamu,8.6,3.59483,98.86297
Kualanamu,0,3.59483,98.86297
Kualanamu,0,3.59483,98.86297
Kualanamu,0,3.59483,98.86297
Kualanamu,0,3.59483,98.86297
Kualanamu,0,3.59483,98.86297
Kualanamu,1.3,3.59483,98.86297
Kualanamu,0,3.59483,98.86297
Kualanamu,0,3.59483,98.86297
Kualanamu,2,3.59483,98.86297
Kualanamu,0,3.59483,98.86297
Kualanamu,4.3,3.59483,98.86297
Kualanamu,0,3.59483,98.86297
Kualanamu,0,3.59483,98.86297
Kualanamu,0,3.59483,98.86297
Kualanamu,0,3.59483,98.86297
Kualanamu,0,3.59483,98.86297
Kualanamu,0,3.59483,98.86297
Kualanamu,0,3.59483,98.86297
Kualanamu,0,3.59483,98.86297
Kualanamu,0,3.59483,98.86297
Kualanamu,0,3.59483,98.86297
Kualanamu,0,3.59483,98.86297
Kualanamu,0,3.59483,98.86297
Kualanamu,0,3.59483,98.86297
Kualanamu,7.4,3.59483,98.86297
Kualanamu,0,3.59483,98.86297
Kualanamu,0,3.59483,98.86297
Kualanamu,2.2,3.59483,98.86297
Kualanamu,2.1,3.59483,98.86297
Kualanamu,0,3.59483,98.86297
Kualanamu,2.1,3.59483,98.86297
Kualanamu,0,3.59483,98.86297
Kualanamu,0,3.59483,98.86297
Kualanamu,0,3.59483,98.86297
Kualanamu,0,3.59483,98.86297
Kualanamu,0,3.59483,98.86297
Kualanamu,0,3.59483,98.86297
Kualanamu,0,3.59483,98.86297
Kualanamu,4.8,3.59483,98.86297
Kualanamu,3.2,3.59483,98.86297
Kualanamu,0,3.59483,98.86297
Kualanamu,0,3.59483,98.86297
Kualanamu,10.7,3.59483,98.86297
Kualanamu,0,3.59483,98.86297
Kualanamu,0,3.59483,98.86297
Kualanamu,0,3.59483,98.86297
Kualanamu,0,3.59483,98.86297
Kualanamu,0,3.59483,98.86297
Kualanamu,19.5,3.59483,98.86297
Kualanamu,3.6,3.59483,98.86297
Kualanamu,0,3.59483,98.86297
Kualanamu,1.7,3.59483,98.86297
Kualanamu,2.7,3.59483,98.86297
Kualanamu,0,3.59483,98.86297
Kualanamu,1,3.59483,98.86297
Kualanamu,2.6,3.59483,98.86297
Kualanamu,0,3.59483,98.86297
Kualanamu,2.4,3.59483,98.86297
Kualanamu,0.1,3.59483,98.86297
Kualanamu,0,3.59483,98.86297
Kualanamu,3.5,3.59483,98.86297
Kualanamu,0,3.59483,98.86297
Kualanamu,0,3.59483,98.86297
Kualanamu,0,3.59483,98.86297
Kualanamu,0,3.59483,98.86297
Kualanamu,0.5,3.59483,98.86297
Kualanamu,0.9,3.59483,98.86297
Kualanamu,0,3.59483,98.86297
Kualanamu,0,3.59483,98.86297
Kualanamu,0.1,3.59483,98.86297
Kualanamu,0,3.59483,98.86297
Kualanamu,0.2,3.59483,98.86297
Kualanamu,0,3.59483,98.86297
Kualanamu,0,3.59483,98.86297
Kualanamu,0,3.59483,98.86297
Kualanamu,0,3.59483,98.86297
Kualanamu,0,3.59483,98.86297
Kualanamu,0,3.59483,98.86297
Kualanamu,0,3.59483,98.86297
Kualanamu,0.1,3.59483,98.86297
Kualanamu,7.3,3.59483,98.86297
Kualanamu,0,3.59483,98.86297
Kualanamu,3.7,3.59483,98.86297
Kualanamu,0.3,3.59483,98.86297
Kualanamu,38,3.59483,98.86297
Kualanamu,0,3.59483,98.86297
Kualanamu,0,3.59483,98.86297
Kualanamu,0,3.59483,98.86297
Kualanamu,0,3.59483,98.86297
Kualanamu,0,3.59483,98.86297
Kualanamu,0,3.59483,98.86297
Kualanamu,0,3.59483,98.86297
Kualanamu,0,3.59483,98.86297
Kualanamu,0,3.59483,98.86297
Kualanamu,1.5,3.59483,98.86297
Kualanamu,58.7,3.59483,98.86297
Kualanamu,13,3.59483,98.86297
Kualanamu,0,3.59483,98.86297
Kualanamu,0,3.59483,98.86297
Kualanamu,3.3,3.59483,98.86297
Kualanamu,0,3.59483,98.86297
Kualanamu,0,3.59483,98.86297
Kualanamu,1,3.59483,98.86297
Kualanamu,0,3.59483,98.86297
Kualanamu,0.4,3.59483,98.86297
Kualanamu,0,3.59483,98.86297
Kualanamu,32.7,3.59483,98.86297
Kualanamu,13,3.59483,98.86297
Kualanamu,0,3.59483,98.86297
Kualanamu,0,3.59483,98.86297
Kualanamu,7.9,3.59483,98.86297
Kualanamu,0,3.59483,98.86297
Kualanamu,0,3.59483,98.86297
Kualanamu,21.9,3.59483,98.86297
Kualanamu,0,3.59483,98.86297
Kualanamu,0,3.59483,98.86297
Kualanamu,2.4,3.59483,98.86297
Kualanamu,0,3.59483,98.86297
Kualanamu,0,3.59483,98.86297
Kualanamu,0,3.59483,98.86297
Kualanamu,1.9,3.59483,98.86297
Kualanamu,0.1,3.59483,98.86297
Kualanamu,0,3.59483,98.86297
Kualanamu,0,3.59483,98.86297
Kualanamu,0,3.59483,98.86297
Kualanamu,1.5,3.59483,98.86297
Kualanamu,2.2,3.59483,98.86297
Kualanamu,0,3.59483,98.86297
Kualanamu,0,3.59483,98.86297
Kualanamu,0,3.59483,98.86297
Kualanamu,0,3.59483,98.86297
Kualanamu,0,3.59483,98.86297
Kualanamu,0,3.59483,98.86297
Kualanamu,17.3,3.59483,98.86297
Kualanamu,3.2,3.59483,98.86297
Kualanamu,0,3.59483,98.86297
Kualanamu,0,3.59483,98.86297
Kualanamu,0,3.59483,98.86297
Kualanamu,2,3.59483,98.86297
Kualanamu,6.3,3.59483,98.86297
Kualanamu,9,3.59483,98.86297
Kualanamu,0,3.59483,98.86297
Kualanamu,38.7,3.59483,98.86297
Kualanamu,6.4,3.59483,98.86297
Kualanamu,20.7,3.59483,98.86297
Kualanamu,0.1,3.59483,98.86297
Kualanamu,9.2,3.59483,98.86297
Kualanamu,3.4,3.59483,98.86297
Kualanamu,8.8,3.59483,98.86297
Kualanamu,0,3.59483,98.86297
Kualanamu,16.1,3.59483,98.86297
Kualanamu,0,3.59483,98.86297
Kualanamu,0,3.59483,98.86297
Kualanamu,10.3,3.59483,98.86297
Kualanamu,1.3,3.59483,98.86297
Kualanamu,0,3.59483,98.86297
Kualanamu,0,3.59483,98.86297
Kualanamu,0,3.59483,98.86297
Kualanamu,0,3.59483,98.86297
Kualanamu,0.2,3.59483,98.86297
Kualanamu,0,3.59483,98.86297
Kualanamu,22.7,3.59483,98.86297
Kualanamu,0,3.59483,98.86297
Kualanamu,1.9,3.59483,98.86297
Kualanamu,0,3.59483,98.86297
Kualanamu,0,3.59483,98.86297
Kualanamu,0,3.59483,98.86297
Kualanamu,3.3,3.59483,98.86297
Kualanamu,0,3.59483,98.86297
Kualanamu,4.2,3.59483,98.86297
Kualanamu,7.9,3.59483,98.86297
Kualanamu,0,3.59483,98.86297
Kualanamu,0.7,3.59483,98.86297
Kualanamu,0,3.59483,98.86297
Kualanamu,0,3.59483,98.86297
Kualanamu,0,3.59483,98.86297
Kualanamu,1.1,3.59483,98.86297
Kualanamu,0,3.59483,98.86297
Kualanamu,0,3.59483,98.86297
Kualanamu,0,3.59483,98.86297
Kualanamu,0,3.59483,98.86297
Kualanamu,0,3.59483,98.86297
Kualanamu,1.6,3.59483,98.86297
Kualanamu,16.8,3.59483,98.86297
Kualanamu,5.6,3.59483,98.86297
Kualanamu,0,3.59483,98.86297
Kualanamu,0,3.59483,98.86297
Kualanamu,0.6,3.59483,98.86297
Kualanamu,21.8,3.59483,98.86297
Kualanamu,4.1,3.59483,98.86297
Kualanamu,0,3.59483,98.86297
Kualanamu,0,3.59483,98.86297
Kualanamu,10.4,3.59483,98.86297
Kualanamu,0,3.59483,98.86297
Kualanamu,0,3.59483,98.86297
Kualanamu,0,3.59483,98.86297
Kualanamu,0,3.59483,98.86297
Kualanamu,0.7,3.59483,98.86297
Kualanamu,0,3.59483,98.86297
Kualanamu,6.1,3.59483,98.86297
Kualanamu,0,3.59483,98.86297
Kualanamu,0,3.59483,98.86297
Kualanamu,0,3.59483,98.86297
Kualanamu,0,3.59483,98.86297
Kualanamu,0,3.59483,98.86297
Kualanamu,0,3.59483,98.86297
Kualanamu,0.1,3.59483,98.86297
Kualanamu,0,3.59483,98.86297
Kualanamu,0,3.59483,98.86297
Kualanamu,0,3.59483,98.86297
Kualanamu,0,3.59483,98.86297
Kualanamu,0,3.59483,98.86297
Kualanamu,0.2,3.59483,98.86297
Kualanamu,0,3.59483,98.86297
Kualanamu,0,3.59483,98.86297
Kualanamu,5.6,3.59483,98.86297
Kualanamu,0.7,3.59483,98.86297
Kualanamu,3.9,3.59483,98.86297
Kualanamu,0,3.59483,98.86297
Kualanamu,0,3.59483,98.86297
Kualanamu,0,3.59483,98.86297
Kualanamu,0,3.59483,98.86297
Kualanamu,0,3.59483,98.86297
Kualanamu,0,3.59483,98.86297
Kualanamu,0.2,3.59483,98.86297
Kualanamu,0,3.59483,98.86297
Kualanamu,0,3.59483,98.86297
Kualanamu,0,3.59483,98.86297
Kualanamu,0,3.59483,98.86297
Kualanamu,0,3.59483,98.86297
Kualanamu,0,3.59483,98.86297
Kualanamu,0.2,3.59483,98.86297
Kualanamu,0,3.59483,98.86297
Kualanamu,0,3.59483,98.86297
Kualanamu,4.9,3.59483,98.86297
Kualanamu,0,3.59483,98.86297
Kualanamu,0,3.59483,98.86297
Kualanamu,0,3.59483,98.86297
Kualanamu,0,3.59483,98.86297
Kualanamu,8.5,3.59483,98.86297
Kualanamu,0,3.59483,98.86297
Kualanamu,7.7,3.59483,98.86297
Kualanamu,5.1,3.59483,98.86297
Kualanamu,45.4,3.59483,98.86297
Kualanamu,0,3.59483,98.86297
Kualanamu,0.8,3.59483,98.86297
Kualanamu,0,3.59483,98.86297
Kualanamu,0,3.59483,98.86297
Kualanamu,0,3.59483,98.86297
Kualanamu,0,3.59483,98.86297
Kualanamu,14.3,3.59483,98.86297
Kualanamu,0,3.59483,98.86297
Kualanamu,0,3.59483,98.86297
Kualanamu,0,3.59483,98.86297
Kualanamu,0,3.59483,98.86297
Kualanamu,0,3.59483,98.86297
Kualanamu,48.9,3.59483,98.86297
Kualanamu,0,3.59483,98.86297
Kualanamu,0,3.59483,98.86297
Kualanamu,1,3.59483,98.86297
Kualanamu,57.4,3.59483,98.86297
Kualanamu,1.4,3.59483,98.86297
Kualanamu,0.6,3.59483,98.86297
Kualanamu,0,3.59483,98.86297
Kualanamu,0,3.59483,98.86297
Kualanamu,0,3.59483,98.86297
Kualanamu,0,3.59483,98.86297
Kualanamu,0,3.59483,98.86297
Kualanamu,0,3.59483,98.86297
Kualanamu,0,3.59483,98.86297
Kualanamu,0.5,3.59483,98.86297
Kualanamu,0,3.59483,98.86297
Kualanamu,0,3.59483,98.86297
Kualanamu,0,3.59483,98.86297
Kualanamu,0,3.59483,98.86297
Kualanamu,0,3.59483,98.86297
Kualanamu,0,3.59483,98.86297
Kualanamu,0,3.59483,98.86297
Kualanamu,0,3.59483,98.86297
Kualanamu,6.8,3.59483,98.86297
Kualanamu,0,3.59483,98.86297
Kualanamu,0,3.59483,98.86297
Kualanamu,0,3.59483,98.86297
Kualanamu,0,3.59483,98.86297
Kualanamu,0,3.59483,98.86297
Kualanamu,0,3.59483,98.86297
Kualanamu,0,3.59483,98.86297
Kualanamu,0,3.59483,98.86297
Kualanamu,0,3.59483,98.86297
Kualanamu,0,3.59483,98.86297
Kualanamu,0,3.59483,98.86297
Kualanamu,0,3.59483,98.86297
Kualanamu,0,3.59483,98.86297
Kualanamu,0,3.59483,98.86297
Kualanamu,0,3.59483,98.86297
Kualanamu,0,3.59483,98.86297
Kualanamu,0,3.59483,98.86297
Kualanamu,0,3.59483,98.86297
Kualanamu,0,3.59483,98.86297
Kualanamu,0,3.59483,98.86297
Kualanamu,0,3.59483,98.86297
Kualanamu,0,3.59483,98.86297
Kualanamu,0,3.59483,98.86297
Kualanamu,0.8,3.59483,98.86297
Kualanamu,0,3.59483,98.86297
Kualanamu,0,3.59483,98.86297
Kualanamu,0,3.59483,98.86297
Kualanamu,0,3.59483,98.86297
Kualanamu,0,3.59483,98.86297
Kualanamu,0,3.59483,98.86297
Kualanamu,0,3.59483,98.86297
Kualanamu,5,3.59483,98.86297
Kualanamu,0,3.59483,98.86297
Kualanamu,0,3.59483,98.86297
Kualanamu,0,3.59483,98.86297
Kualanamu,0,3.59483,98.86297
Kualanamu,0,3.59483,98.86297
Kualanamu,0,3.59483,98.86297
Kualanamu,0,3.59483,98.86297
Kualanamu,0,3.59483,98.86297
Kualanamu,0,3.59483,98.86297
Kualanamu,0,3.59483,98.86297
Kualanamu,0,3.59483,98.86297
Kualanamu,0,3.59483,98.86297
Kualanamu,0,3.59483,98.86297
Kualanamu,0,3.59483,98.86297
Kualanamu,0,3.59483,98.86297
Kualanamu,0.5,3.59483,98.86297
Kualanamu,0,3.59483,98.86297
Kualanamu,0,3.59483,98.86297
Kualanamu,0,3.59483,98.86297
Kualanamu,0,3.59483,98.86297
Kualanamu,8.9,3.59483,98.86297
Kualanamu,2.3,3.59483,98.86297
Kualanamu,42.1,3.59483,98.86297
Kualanamu,0,3.59483,98.86297
Kualanamu,0,3.59483,98.86297
Kualanamu,0,3.59483,98.86297
Kualanamu,0.8,3.59483,98.86297
Kualanamu,0,3.59483,98.86297
Kualanamu,30.8,3.59483,98.86297
Kualanamu,1.4,3.59483,98.86297
Kualanamu,9.4,3.59483,98.86297
Kualanamu,0,3.59483,98.86297
Kualanamu,15,3.59483,98.86297
Kualanamu,0,3.59483,98.86297
Kualanamu,7.3,3.59483,98.86297
Kualanamu,0,3.59483,98.86297
Kualanamu,1,3.59483,98.86297
Kualanamu,0,3.59483,98.86297
Kualanamu,0,3.59483,98.86297
Kualanamu,0,3.59483,98.86297
Kualanamu,0.1,3.59483,98.86297
Kualanamu,0.1,3.59483,98.86297
Kualanamu,0,3.59483,98.86297
Kualanamu,0,3.59483,98.86297
Kualanamu,0,3.59483,98.86297
Kualanamu,43.5,3.59483,98.86297
Kualanamu,0,3.59483,98.86297
Kualanamu,0,3.59483,98.86297
Kualanamu,0,3.59483,98.86297
Kualanamu,0,3.59483,98.86297
Kualanamu,0.2,3.59483,98.86297
Kualanamu,0.1,3.59483,98.86297
Kualanamu,1.8,3.59483,98.86297
Kualanamu,0.1,3.59483,98.86297
Kualanamu,0.6,3.59483,98.86297
Kualanamu,0,3.59483,98.86297
Kualanamu,0.6,3.59483,98.86297
Kualanamu,0.6,3.59483,98.86297
Kualanamu,14.1,3.59483,98.86297
Kualanamu,0.6,3.59483,98.86297
Kualanamu,0,3.59483,98.86297
Kualanamu,0,3.59483,98.86297
Kualanamu,0,3.59483,98.86297
Kualanamu,0,3.59483,98.86297
Kualanamu,0,3.59483,98.86297
Kualanamu,6.1,3.59483,98.86297
Kualanamu,0,3.59483,98.86297
Kualanamu,0,3.59483,98.86297
Kualanamu,0,3.59483,98.86297
Kualanamu,0,3.59483,98.86297
Kualanamu,0.2,3.59483,98.86297
Kualanamu,0,3.59483,98.86297
Kualanamu,0.2,3.59483,98.86297
Kualanamu,0,3.59483,98.86297
Kualanamu,0.1,3.59483,98.86297
Kualanamu,27.2,3.59483,98.86297
Kualanamu,0,3.59483,98.86297
Kualanamu,2.9,3.59483,98.86297
Kualanamu,7.1,3.59483,98.86297
Kualanamu,0,3.59483,98.86297
Kualanamu,0.1,3.59483,98.86297
Kualanamu,0,3.59483,98.86297
Kualanamu,0,3.59483,98.86297
Kualanamu,0.1,3.59483,98.86297
Kualanamu,7.2,3.59483,98.86297
Kualanamu,0,3.59483,98.86297
Kualanamu,5.1,3.59483,98.86297
Kualanamu,0,3.59483,98.86297
Kualanamu,0,3.59483,98.86297
Kualanamu,23.1,3.59483,98.86297
Kualanamu,3,3.59483,98.86297
Kualanamu,0,3.59483,98.86297
Kualanamu,0,3.59483,98.86297
Kualanamu,32.4,3.59483,98.86297
Kualanamu,0,3.59483,98.86297
Kualanamu,16.9,3.59483,98.86297
Kualanamu,0,3.59483,98.86297
Kualanamu,2.4,3.59483,98.86297
Kualanamu,35.8,3.59483,98.86297
Kualanamu,5.4,3.59483,98.86297
Kualanamu,0,3.59483,98.86297
Kualanamu,0,3.59483,98.86297
Kualanamu,0,3.59483,98.86297
Kualanamu,0.3,3.59483,98.86297
Kualanamu,0,3.59483,98.86297
Kualanamu,1.8,3.59483,98.86297
Kualanamu,0,3.59483,98.86297
Kualanamu,0,3.59483,98.86297
Kualanamu,2.3,3.59483,98.86297
Kualanamu,3.2,3.59483,98.86297
Kualanamu,0,3.59483,98.86297
Kualanamu,0.2,3.59483,98.86297
Kualanamu,0,3.59483,98.86297
Kualanamu,0,3.59483,98.86297
Kualanamu,6.9,3.59483,98.86297
Kualanamu,0,3.59483,98.86297
Kualanamu,0,3.59483,98.86297
Kualanamu,0.4,3.59483,98.86297
Kualanamu,0,3.59483,98.86297
Kualanamu,0.8,3.59483,98.86297
Kualanamu,53,3.59483,98.86297
Kualanamu,25,3.59483,98.86297
Kualanamu,4.2,3.59483,98.86297
Kualanamu,0,3.59483,98.86297
Kualanamu,0,3.59483,98.86297
Kualanamu,2.8,3.59483,98.86297
Kualanamu,0,3.59483,98.86297
Kualanamu,5,3.59483,98.86297
Kualanamu,0,3.59483,98.86297
Kualanamu,1,3.59483,98.86297
Kualanamu,0,3.59483,98.86297
Kualanamu,0,3.59483,98.86297
Kualanamu,0,3.59483,98.86297
Kualanamu,0.4,3.59483,98.86297
Kualanamu,0,3.59483,98.86297
Kualanamu,1.6,3.59483,98.86297
Kualanamu,0.2,3.59483,98.86297
Kualanamu,4.5,3.59483,98.86297
Kualanamu,0,3.59483,98.86297
Kualanamu,0,3.59483,98.86297
Kualanamu,55.2,3.59483,98.86297
Kualanamu,61.9,3.59483,98.86297
Kualanamu,0.4,3.59483,98.86297
Kualanamu,26.3,3.59483,98.86297
Kualanamu,0.1,3.59483,98.86297
Kualanamu,3.6,3.59483,98.86297
Kualanamu,0,3.59483,98.86297
Kualanamu,101.6,3.59483,98.86297
Kualanamu,19.4,3.59483,98.86297
Kualanamu,0,3.59483,98.86297
Kualanamu,15.7,3.59483,98.86297
Kualanamu,7.7,3.59483,98.86297
Kualanamu,13.3,3.59483,98.86297
Kualanamu,0,3.59483,98.86297
Kualanamu,10.6,3.59483,98.86297
Kualanamu,0,3.59483,98.86297
Kualanamu,2.9,3.59483,98.86297
Kualanamu,12.9,3.59483,98.86297
Kualanamu,3.1,3.59483,98.86297
Kualanamu,22.6,3.59483,98.86297
Kualanamu,79.8,3.59483,98.86297
Kualanamu,48.3,3.59483,98.86297
Kualanamu,0,3.59483,98.86297
Kualanamu,35.3,3.59483,98.86297
Kualanamu,7.7,3.59483,98.86297
Kualanamu,0,3.59483,98.86297
Kualanamu,46.9,3.59483,98.86297
Kualanamu,1.6,3.59483,98.86297
Kualanamu,46.2,3.59483,98.86297
Kualanamu,4.2,3.59483,98.86297
Kualanamu,56.4,3.59483,98.86297
Kualanamu,0,3.59483,98.86297
Kualanamu,15.6,3.59483,98.86297
Kualanamu,8.7,3.59483,98.86297
Kualanamu,30.1,3.59483,98.86297
Kualanamu,32.7,3.59483,98.86297
Kualanamu,0,3.59483,98.86297
Kualanamu,0.9,3.59483,98.86297
Kualanamu,2.6,3.59483,98.86297
Kualanamu,7.5,3.59483,98.86297
Kualanamu,0,3.59483,98.86297
Kualanamu,0,3.59483,98.86297
Kualanamu,0,3.59483,98.86297
Kualanamu,0,3.59483,98.86297
Kualanamu,16.1,3.59483,98.86297
Kualanamu,0,3.59483,98.86297
Kualanamu,0.2,3.59483,98.86297
Kualanamu,0.1,3.59483,98.86297
Kualanamu,2.2,3.59483,98.86297
Kualanamu,7.2,3.59483,98.86297
Kualanamu,47.8,3.59483,98.86297
Kualanamu,0,3.59483,98.86297
Kualanamu,15.7,3.59483,98.86297
Kualanamu,0,3.59483,98.86297
Kualanamu,0.3,3.59483,98.86297
Kualanamu,0.8,3.59483,98.86297
Kualanamu,0.3,3.59483,98.86297
Kualanamu,0.3,3.59483,98.86297
Kualanamu,3,3.59483,98.86297
Kualanamu,1.4,3.59483,98.86297
Kualanamu,2.7,3.59483,98.86297
Kualanamu,0,3.59483,98.86297
Kualanamu,0,3.59483,98.86297
Kualanamu,0.1,3.59483,98.86297
Kualanamu,0,3.59483,98.86297
Kualanamu,0.6,3.59483,98.86297
Kualanamu,0,3.59483,98.86297
Kualanamu,0,3.59483,98.86297
Kualanamu,0,3.59483,98.86297
Kualanamu,28.6,3.59483,98.86297
Kualanamu,0,3.59483,98.86297
Kualanamu,0.1,3.59483,98.86297
Kualanamu,0,3.59483,98.86297
Kualanamu,0.3,3.59483,98.86297
Kualanamu,0,3.59483,98.86297
Kualanamu,8.3,3.59483,98.86297
Kualanamu,1.9,3.59483,98.86297
Kualanamu,0.6,3.59483,98.86297
Kualanamu,0,3.59483,98.86297
Kualanamu,0.3,3.59483,98.86297
Kualanamu,7.5,3.59483,98.86297
Kualanamu,5.4,3.59483,98.86297
Kualanamu,10.4,3.59483,98.86297
Kualanamu,21.8,3.59483,98.86297
Kualanamu,0,3.59483,98.86297
Kualanamu,0,3.59483,98.86297
Kualanamu,0,3.59483,98.86297
Kualanamu,0,3.59483,98.86297
Kualanamu,0.8,3.59483,98.86297
Kualanamu,0.2,3.59483,98.86297
Kualanamu,14.4,3.59483,98.86297
Kualanamu,0.5,3.59483,98.86297
Kualanamu,0,3.59483,98.86297
Kualanamu,0,3.59483,98.86297
Kualanamu,2.6,3.59483,98.86297
Kualanamu,1.8,3.59483,98.86297
Kualanamu,2.6,3.59483,98.86297
Kualanamu,0,3.59483,98.86297
Kualanamu,0,3.59483,98.86297
Kualanamu,0,3.59483,98.86297
Kualanamu,1.5,3.59483,98.86297
Kualanamu,5.5,3.59483,98.86297
Kualanamu,0,3.59483,98.86297
Kualanamu,0,3.59483,98.86297
Kualanamu,4.9,3.59483,98.86297
Kualanamu,0,3.59483,98.86297
Kualanamu,0.1,3.59483,98.86297
Kualanamu,0,3.59483,98.86297
Kualanamu,0,3.59483,98.86297
Kualanamu,25.8,3.59483,98.86297
Kualanamu,9.8,3.59483,98.86297
Kualanamu,4.5,3.59483,98.86297
Kualanamu,0.6,3.59483,98.86297
Kualanamu,0,3.59483,98.86297
Kualanamu,21.6,3.59483,98.86297
Kualanamu,0,3.59483,98.86297
Kualanamu,2.2,3.59483,98.86297
Kualanamu,0.1,3.59483,98.86297
Kualanamu,12.9,3.59483,98.86297
Kualanamu,4,3.59483,98.86297
Kualanamu,5.6,3.59483,98.86297
Kualanamu,0,3.59483,98.86297
Kualanamu,0,3.59483,98.86297
Kualanamu,0,3.59483,98.86297
Kualanamu,0,3.59483,98.86297
Kualanamu,12.8,3.59483,98.86297
Kualanamu,0,3.59483,98.86297
Kualanamu,0,3.59483,98.86297
Kualanamu,23.6,3.59483,98.86297
Kualanamu,0.3,3.59483,98.86297
Kualanamu,10,3.59483,98.86297
Kualanamu,0,3.59483,98.86297
Kualanamu,0.7,3.59483,98.86297
Kualanamu,10.8,3.59483,98.86297
Kualanamu,0,3.59483,98.86297
Kualanamu,0,3.59483,98.86297
Kualanamu,0,3.59483,98.86297
Kualanamu,2,3.59483,98.86297
Kualanamu,0,3.59483,98.86297
Kualanamu,0,3.59483,98.86297
Kualanamu,13.1,3.59483,98.86297
Kualanamu,13.2,3.59483,98.86297
Kualanamu,0,3.59483,98.86297
Kualanamu,4.4,3.59483,98.86297
Kualanamu,0,3.59483,98.86297
Kualanamu,0,3.59483,98.86297
Kualanamu,0,3.59483,98.86297
Kualanamu,1,3.59483,98.86297
Kualanamu,1.1,3.59483,98.86297
Kualanamu,0,3.59483,98.86297
Kualanamu,13.8,3.59483,98.86297
Kualanamu,4.1,3.59483,98.86297
Kualanamu,0,3.59483,98.86297
Kualanamu,0.4,3.59483,98.86297
Kualanamu,1.2,3.59483,98.86297
Kualanamu,0,3.59483,98.86297
Kualanamu,0,3.59483,98.86297
Kualanamu,10,3.59483,98.86297
Kualanamu,0.1,3.59483,98.86297
Kualanamu,0.1,3.59483,98.86297
Kualanamu,4.7,3.59483,98.86297
Kualanamu,0,3.59483,98.86297
Kualanamu,0,3.59483,98.86297
Kualanamu,0.1,3.59483,98.86297
Kualanamu,0,3.59483,98.86297
Kualanamu,0,3.59483,98.86297
Kualanamu,0,3.59483,98.86297
Kualanamu,13.6,3.59483,98.86297
Kualanamu,0,3.59483,98.86297
Kualanamu,0,3.59483,98.86297
Kualanamu,0,3.59483,98.86297
Kualanamu,0,3.59483,98.86297
Kualanamu,1.2,3.59483,98.86297
Kualanamu,0.2,3.59483,98.86297
Kualanamu,0,3.59483,98.86297
Kualanamu,0,3.59483,98.86297
Kualanamu,0,3.59483,98.86297
Kualanamu,0,3.59483,98.86297
Kualanamu,0,3.59483,98.86297
Kualanamu,0.1,3.59483,98.86297
Kualanamu,0,3.59483,98.86297
Kualanamu,4.2,3.59483,98.86297
Kualanamu,0,3.59483,98.86297
Kualanamu,0,3.59483,98.86297
Kualanamu,0.4,3.59483,98.86297
Kualanamu,14.2,3.59483,98.86297
Kualanamu,0,3.59483,98.86297
Kualanamu,0.8,3.59483,98.86297
Kualanamu,0,3.59483,98.86297
Kualanamu,0,3.59483,98.86297
Kualanamu,34.1,3.59483,98.86297
Kualanamu,3.3,3.59483,98.86297
Kualanamu,0,3.59483,98.86297
Kualanamu,0,3.59483,98.86297
Kualanamu,0,3.59483,98.86297
Kualanamu,0,3.59483,98.86297
Kualanamu,0,3.59483,98.86297
Kualanamu,0,3.59483,98.86297
Kualanamu,9.1,3.59483,98.86297
Kualanamu,0,3.59483,98.86297
Kualanamu,3.9,3.59483,98.86297
Kualanamu,0,3.59483,98.86297
Kualanamu,0,3.59483,98.86297
Kualanamu,0.3,3.59483,98.86297
Kualanamu,0,3.59483,98.86297
Kualanamu,0.1,3.59483,98.86297
Kualanamu,0,3.59483,98.86297
Kualanamu,0,3.59483,98.86297
Kualanamu,0,3.59483,98.86297
Kualanamu,0,3.59483,98.86297
Kualanamu,0.1,3.59483,98.86297
Kualanamu,5.4,3.59483,98.86297
Kualanamu,2.3,3.59483,98.86297
Kualanamu,0,3.59483,98.86297
Kualanamu,0,3.59483,98.86297
Kualanamu,0,3.59483,98.86297
Kualanamu,0,3.59483,98.86297
Kualanamu,17.5,3.59483,98.86297
Kualanamu,1.6,3.59483,98.86297
Kualanamu,1.7,3.59483,98.86297
Kualanamu,0,3.59483,98.86297
Kualanamu,0,3.59483,98.86297
Kualanamu,0,3.59483,98.86297
Kualanamu,7,3.59483,98.86297
Kualanamu,0,3.59483,98.86297
Kualanamu,6.3,3.59483,98.86297
Kualanamu,0,3.59483,98.86297
Kualanamu,1.3,3.59483,98.86297
Kualanamu,0,3.59483,98.86297
Kualanamu,20.1,3.59483,98.86297
Kualanamu,0,3.59483,98.86297
Kualanamu,0,3.59483,98.86297
Kualanamu,0,3.59483,98.86297
Kualanamu,4.6,3.59483,98.86297
Kualanamu,0,3.59483,98.86297
Kualanamu,0,3.59483,98.86297
Kualanamu,0,3.59483,98.86297
Kualanamu,0,3.59483,98.86297
Kualanamu,29.8,3.59483,98.86297
Kualanamu,0.3,3.59483,98.86297
Kualanamu,0,3.59483,98.86297
Kualanamu,0,3.59483,98.86297
Kualanamu,0,3.59483,98.86297
Kualanamu,0,3.59483,98.86297
Kualanamu,1.2,3.59483,98.86297
Kualanamu,13.4,3.59483,98.86297
Kualanamu,0.2,3.59483,98.86297
Kualanamu,0.2,3.59483,98.86297
Kualanamu,0,3.59483,98.86297
Kualanamu,0,3.59483,98.86297
Kualanamu,1.3,3.59483,98.86297
Kualanamu,2.8,3.59483,98.86297
Kualanamu,1.3,3.59483,98.86297
Kualanamu,38.3,3.59483,98.86297
Kualanamu,0,3.59483,98.86297
Kualanamu,5.3,3.59483,98.86297
Kualanamu,1.1,3.59483,98.86297
Kualanamu,6,3.59483,98.86297
Kualanamu,0,3.59483,98.86297
Kualanamu,0,3.59483,98.86297
Kualanamu,5.3,3.59483,98.86297
Kualanamu,0,3.59483,98.86297
Kualanamu,0,3.59483,98.86297
Kualanamu,16.9,3.59483,98.86297
Kualanamu,0,3.59483,98.86297
Kualanamu,5.5,3.59483,98.86297
Kualanamu,6.4,3.59483,98.86297
Kualanamu,0.1,3.59483,98.86297
Kualanamu,0,3.59483,98.86297
Kualanamu,0,3.59483,98.86297
Kualanamu,1.6,3.59483,98.86297
Kualanamu,0,3.59483,98.86297
Kualanamu,0,3.59483,98.86297
Kualanamu,0,3.59483,98.86297
Kualanamu,55.6,3.59483,98.86297
Kualanamu,0,3.59483,98.86297
Kualanamu,0,3.59483,98.86297
Kualanamu,0,3.59483,98.86297
Kualanamu,0,3.59483,98.86297
Kualanamu,0,3.59483,98.86297
Kualanamu,0,3.59483,98.86297
Kualanamu,0,3.59483,98.86297
Kualanamu,12,3.59483,98.86297
Kualanamu,5.2,3.59483,98.86297
Kualanamu,0,3.59483,98.86297
Kualanamu,2.6,3.59483,98.86297
Kualanamu,0,3.59483,98.86297
Kualanamu,1.1,3.59483,98.86297
Kualanamu,23,3.59483,98.86297
Kualanamu,0,3.59483,98.86297
Kualanamu,0,3.59483,98.86297
Kualanamu,0,3.59483,98.86297
Kualanamu,1.1,3.59483,98.86297
Kualanamu,0,3.59483,98.86297
Kualanamu,0,3.59483,98.86297
Kualanamu,0.6,3.59483,98.86297
Kualanamu,0.1,3.59483,98.86297
Kualanamu,0,3.59483,98.86297
Kualanamu,0,3.59483,98.86297
Kualanamu,0,3.59483,98.86297
Kualanamu,0,3.59483,98.86297
Kualanamu,0,3.59483,98.86297
Kualanamu,0,3.59483,98.86297
Kualanamu,0,3.59483,98.86297
Kualanamu,0,3.59483,98.86297
Kualanamu,0,3.59483,98.86297
Kualanamu,0.3,3.59483,98.86297
Kualanamu,29.9,3.59483,98.86297
Kualanamu,0,3.59483,98.86297
Kualanamu,0,3.59483,98.86297
Kualanamu,0,3.59483,98.86297
Kualanamu,49.7,3.59483,98.86297
Kualanamu,0,3.59483,98.86297
Kualanamu,1.8,3.59483,98.86297
Kualanamu,0.2,3.59483,98.86297
Kualanamu,0,3.59483,98.86297
Kualanamu,0,3.59483,98.86297
Kualanamu,0,3.59483,98.86297
Kualanamu,0.2,3.59483,98.86297
Kualanamu,0,3.59483,98.86297
Kualanamu,0.3,3.59483,98.86297
Kualanamu,0,3.59483,98.86297
Kualanamu,0,3.59483,98.86297
Kualanamu,0,3.59483,98.86297
Kualanamu,3.7,3.59483,98.86297
Kualanamu,0,3.59483,98.86297
Kualanamu,0,3.59483,98.86297
Kualanamu,0,3.59483,98.86297
Kualanamu,0,3.59483,98.86297
Kualanamu,0,3.59483,98.86297
Kualanamu,40.2,3.59483,98.86297
Kualanamu,0,3.59483,98.86297
Kualanamu,17.4,3.59483,98.86297
Kualanamu,0,3.59483,98.86297
Kualanamu,0,3.59483,98.86297
Kualanamu,0.1,3.59483,98.86297
Kualanamu,12,3.59483,98.86297
Kualanamu,5.2,3.59483,98.86297
Kualanamu,0,3.59483,98.86297
Kualanamu,1.2,3.59483,98.86297
Kualanamu,10.9,3.59483,98.86297
Kualanamu,0.8,3.59483,98.86297
Kualanamu,0.3,3.59483,98.86297
Kualanamu,0,3.59483,98.86297
Kualanamu,0,3.59483,98.86297
Kualanamu,0,3.59483,98.86297
Kualanamu,22.5,3.59483,98.86297
Kualanamu,9.4,3.59483,98.86297
Kualanamu,2.8,3.59483,98.86297
Kualanamu,42.8,3.59483,98.86297
Kualanamu,2.5,3.59483,98.86297
Kualanamu,3.2,3.59483,98.86297
Kualanamu,0,3.59483,98.86297
Kualanamu,0,3.59483,98.86297
Kualanamu,0.1,3.59483,98.86297
Kualanamu,0,3.59483,98.86297
Kualanamu,0,3.59483,98.86297
Kualanamu,17.4,3.59483,98.86297
Kualanamu,0.4,3.59483,98.86297
Kualanamu,0,3.59483,98.86297
Kualanamu,1,3.59483,98.86297
Kualanamu,0.1,3.59483,98.86297
Kualanamu,12.2,3.59483,98.86297
Kualanamu,15.7,3.59483,98.86297
Kualanamu,13.2,3.59483,98.86297
Kualanamu,0.2,3.59483,98.86297
Kualanamu,24.8,3.59483,98.86297
Kualanamu,0.1,3.59483,98.86297
Kualanamu,0,3.59483,98.86297
Kualanamu,11.8,3.59483,98.86297
Kualanamu,2.1,3.59483,98.86297
Kualanamu,65.6,3.59483,98.86297
Kualanamu,11.2,3.59483,98.86297
Kualanamu,0.1,3.59483,98.86297
Kualanamu,45.9,3.59483,98.86297
Kualanamu,0.5,3.59483,98.86297
Kualanamu,1.1,3.59483,98.86297
Kualanamu,15.1,3.59483,98.86297
Kualanamu,11.7,3.59483,98.86297
Kualanamu,15.2,3.59483,98.86297
Kualanamu,5.9,3.59483,98.86297
Kualanamu,1.9,3.59483,98.86297
Kualanamu,0,3.59483,98.86297
Kualanamu,0,3.59483,98.86297
Kualanamu,0.6,3.59483,98.86297
Kualanamu,1.3,3.59483,98.86297
Kualanamu,0.7,3.59483,98.86297
Kualanamu,0,3.59483,98.86297
Kualanamu,0,3.59483,98.86297
Kualanamu,0.2,3.59483,98.86297
Kualanamu,16.2,3.59483,98.86297
Kualanamu,0,3.59483,98.86297
Kualanamu,0,3.59483,98.86297
Kualanamu,25,3.59483,98.86297
Kualanamu,0,3.59483,98.86297
Kualanamu,23,3.59483,98.86297
Kualanamu,0.3,3.59483,98.86297
Kualanamu,108,3.59483,98.86297
Kualanamu,0,3.59483,98.86297
Kualanamu,0,3.59483,98.86297
Kualanamu,62.8,3.59483,98.86297
Kualanamu,7.1,3.59483,98.86297
Kualanamu,0.2,3.59483,98.86297
Kualanamu,1.5,3.59483,98.86297
Kualanamu,1,3.59483,98.86297
Kualanamu,0,3.59483,98.86297
Kualanamu,23.2,3.59483,98.86297
Kualanamu,26.4,3.59483,98.86297
Kualanamu,21.2,3.59483,98.86297
Kualanamu,0,3.59483,98.86297
Kualanamu,4.4,3.59483,98.86297
Kualanamu,11.4,3.59483,98.86297
Kualanamu,0.5,3.59483,98.86297
Kualanamu,0,3.59483,98.86297
Kualanamu,14.8,3.59483,98.86297
Kualanamu,0.8,3.59483,98.86297
Kualanamu,0,3.59483,98.86297
Kualanamu,0,3.59483,98.86297
Kualanamu,2.1,3.59483,98.86297
Kualanamu,0,3.59483,98.86297
Kualanamu,55.5,3.59483,98.86297
Kualanamu,0,3.59483,98.86297
Kualanamu,3.5,3.59483,98.86297
Kualanamu,1.9,3.59483,98.86297
Kualanamu,9,3.59483,98.86297
Kualanamu,1,3.59483,98.86297
Kualanamu,0,3.59483,98.86297
Kualanamu,4.4,3.59483,98.86297
Kualanamu,1.3,3.59483,98.86297
Kualanamu,7.5,3.59483,98.86297
Kualanamu,46.6,3.59483,98.86297
Kualanamu,1.6,3.59483,98.86297
Kualanamu,0,3.59483,98.86297
Kualanamu,0.1,3.59483,98.86297
Kualanamu,0.4,3.59483,98.86297
Kualanamu,25,3.59483,98.86297
Kualanamu,2.6,3.59483,98.86297
Kualanamu,5.4,3.59483,98.86297
Kualanamu,11.4,3.59483,98.86297
Kualanamu,5.6,3.59483,98.86297
Kualanamu,2,3.59483,98.86297
Kualanamu,50,3.59483,98.86297
Kualanamu,0,3.59483,98.86297
Kualanamu,0.4,3.59483,98.86297
Kualanamu,0,3.59483,98.86297
Kualanamu,0,3.59483,98.86297
Kualanamu,5.4,3.59483,98.86297
Kualanamu,0,3.59483,98.86297
Kualanamu,0,3.59483,98.86297
Kualanamu,23.9,3.59483,98.86297
Kualanamu,0,3.59483,98.86297
Kualanamu,3.2,3.59483,98.86297
Kualanamu,1.9,3.59483,98.86297
Kualanamu,1.9,3.59483,98.86297
Kualanamu,26.4,3.59483,98.86297
Kualanamu,0,3.59483,98.86297
Kualanamu,0,3.59483,98.86297
Kualanamu,4.2,3.59483,98.86297
Kualanamu,5.5,3.59483,98.86297
Kualanamu,0,3.59483,98.86297
Kualanamu,0,3.59483,98.86297
Kualanamu,22,3.59483,98.86297
Kualanamu,57.8,3.59483,98.86297
Kualanamu,0,3.59483,98.86297
Kualanamu,25.2,3.59483,98.86297
Kualanamu,0,3.59483,98.86297
Kualanamu,0,3.59483,98.86297
Kualanamu,7.4,3.59483,98.86297
Kualanamu,0.5,3.59483,98.86297
Kualanamu,26.2,3.59483,98.86297
Kualanamu,0,3.59483,98.86297
Kualanamu,0,3.59483,98.86297
Kualanamu,0.6,3.59483,98.86297
Kualanamu,27.2,3.59483,98.86297
Kualanamu,0,3.59483,98.86297
Kualanamu,0,3.59483,98.86297
Kualanamu,6.2,3.59483,98.86297
Kualanamu,44.4,3.59483,98.86297
Kualanamu,0,3.59483,98.86297
Kualanamu,29,3.59483,98.86297
Kualanamu,0,3.59483,98.86297
Kualanamu,4.3,3.59483,98.86297
Kualanamu,0,3.59483,98.86297
Kualanamu,48.1,3.59483,98.86297
Kualanamu,9,3.59483,98.86297
Kualanamu,28.7,3.59483,98.86297
Kualanamu,0,3.59483,98.86297
Kualanamu,0.4,3.59483,98.86297
Kualanamu,16.9,3.59483,98.86297
Kualanamu,1.6,3.59483,98.86297
Kualanamu,0.1,3.59483,98.86297
Kualanamu,0,3.59483,98.86297
Kualanamu,0.2,3.59483,98.86297
Kualanamu,0,3.59483,98.86297
Kualanamu,53.9,3.59483,98.86297
Kualanamu,3.7,3.59483,98.86297
Kualanamu,0,3.59483,98.86297
Kualanamu,0.3,3.59483,98.86297
Kualanamu,2.3,3.59483,98.86297
Kualanamu,0,3.59483,98.86297
Kualanamu,7.8,3.59483,98.86297
Kualanamu,0,3.59483,98.86297
Kualanamu,0.1,3.59483,98.86297
Kualanamu,2.4,3.59483,98.86297
Kualanamu,0.7,3.59483,98.86297
Kualanamu,35.8,3.59483,98.86297
Kualanamu,0.8,3.59483,98.86297
Kualanamu,0.7,3.59483,98.86297
Kualanamu,0,3.59483,98.86297
Kualanamu,0,3.59483,98.86297
Kualanamu,0.2,3.59483,98.86297
Kualanamu,0,3.59483,98.86297
Kualanamu,34.5,3.59483,98.86297
Kualanamu,0,3.59483,98.86297
Kualanamu,0,3.59483,98.86297
Kualanamu,0,3.59483,98.86297
Kualanamu,5.9,3.59483,98.86297
Kualanamu,3.4,3.59483,98.86297
Kualanamu,0,3.59483,98.86297
Kualanamu,0,3.59483,98.86297
Kualanamu,0,3.59483,98.86297
Kualanamu,0,3.59483,98.86297
Kualanamu,0,3.59483,98.86297
Kualanamu,0,3.59483,98.86297
Kualanamu,0,3.59483,98.86297
Kualanamu,0,3.59483,98.86297
Kualanamu,5.2,3.59483,98.86297
Kualanamu,15.8,3.59483,98.86297
Kualanamu,20,3.59483,98.86297
Kualanamu,0,3.59483,98.86297
Kualanamu,0,3.59483,98.86297
Kualanamu,0,3.59483,98.86297
Kualanamu,0,3.59483,98.86297
Kualanamu,0,3.59483,98.86297
Kualanamu,0,3.59483,98.86297
Kualanamu,0,3.59483,98.86297
Kualanamu,0,3.59483,98.86297
Kualanamu,2.3,3.59483,98.86297
Kualanamu,0,3.59483,98.86297
Kualanamu,0,3.59483,98.86297
Kualanamu,0,3.59483,98.86297
Kualanamu,8,3.59483,98.86297
Kualanamu,0,3.59483,98.86297
Kualanamu,0,3.59483,98.86297
Kualanamu,0,3.59483,98.86297
Kualanamu,0.2,3.59483,98.86297
Kualanamu,0,3.59483,98.86297
Kualanamu,0,3.59483,98.86297
Kualanamu,0,3.59483,98.86297
Kualanamu,0,3.59483,98.86297
Kualanamu,0,3.59483,98.86297
Kualanamu,9.9,3.59483,98.86297
Kualanamu,0,3.59483,98.86297
Kualanamu,6.2,3.59483,98.86297
Kualanamu,1.3,3.59483,98.86297
Kualanamu,0.3,3.59483,98.86297
Kualanamu,0,3.59483,98.86297
Kualanamu,0.5,3.59483,98.86297
Kualanamu,0,3.59483,98.86297
Kualanamu,0,3.59483,98.86297
Kualanamu,7.4,3.59483,98.86297
Kualanamu,0,3.59483,98.86297
Kualanamu,0,3.59483,98.86297
Kualanamu,0,3.59483,98.86297
Kualanamu,0,3.59483,98.86297
Kualanamu,0,3.59483,98.86297
Kualanamu,0,3.59483,98.86297
Kualanamu,28.5,3.59483,98.86297
Kualanamu,0,3.59483,98.86297
Kualanamu,0.1,3.59483,98.86297
Kualanamu,0.2,3.59483,98.86297
Kualanamu,0,3.59483,98.86297
Kualanamu,0,3.59483,98.86297
Kualanamu,0,3.59483,98.86297
Kualanamu,0,3.59483,98.86297
Kualanamu,15.1,3.59483,98.86297
Kualanamu,0,3.59483,98.86297
Kualanamu,2.4,3.59483,98.86297
Kualanamu,0,3.59483,98.86297
Kualanamu,0.5,3.59483,98.86297
Kualanamu,0,3.59483,98.86297
Kualanamu,0,3.59483,98.86297
Kualanamu,0,3.59483,98.86297
Kualanamu,0,3.59483,98.86297
Kualanamu,0,3.59483,98.86297
Kualanamu,0,3.59483,98.86297
Kualanamu,0,3.59483,98.86297
Kualanamu,3.6,3.59483,98.86297
Kualanamu,1.1,3.59483,98.86297
Kualanamu,2.8,3.59483,98.86297
Kualanamu,11.3,3.59483,98.86297
Kualanamu,1.6,3.59483,98.86297
Kualanamu,1.5,3.59483,98.86297
Kualanamu,0,3.59483,98.86297
Kualanamu,0.4,3.59483,98.86297
Kualanamu,13,3.59483,98.86297
Kualanamu,0,3.59483,98.86297
Kualanamu,0,3.59483,98.86297
Kualanamu,0,3.59483,98.86297
Kualanamu,0.9,3.59483,98.86297
Kualanamu,0,3.59483,98.86297
Kualanamu,0,3.59483,98.86297
Kualanamu,0,3.59483,98.86297
Kualanamu,0,3.59483,98.86297
Kualanamu,0,3.59483,98.86297
Kualanamu,2.7,3.59483,98.86297
Kualanamu,2.1,3.59483,98.86297
Kualanamu,1.3,3.59483,98.86297
Kualanamu,14.1,3.59483,98.86297
Kualanamu,0,3.59483,98.86297
Kualanamu,0,3.59483,98.86297
Kualanamu,0.4,3.59483,98.86297
Kualanamu,0.3,3.59483,98.86297
Kualanamu,3,3.59483,98.86297
Kualanamu,0,3.59483,98.86297
Kualanamu,0,3.59483,98.86297
Kualanamu,0.4,3.59483,98.86297
Kualanamu,0.7,3.59483,98.86297
Kualanamu,3.5,3.59483,98.86297
Kualanamu,13.5,3.59483,98.86297
Kualanamu,0,3.59483,98.86297
Kualanamu,3.9,3.59483,98.86297
Kualanamu,1.1,3.59483,98.86297
Kualanamu,3,3.59483,98.86297
Kualanamu,0.2,3.59483,98.86297
Kualanamu,0,3.59483,98.86297
Kualanamu,0.2,3.59483,98.86297
Kualanamu,0,3.59483,98.86297
Kualanamu,0,3.59483,98.86297
Kualanamu,1.5,3.59483,98.86297
Kualanamu,31.9,3.59483,98.86297
Kualanamu,3.5,3.59483,98.86297
Kualanamu,0,3.59483,98.86297
Kualanamu,0.2,3.59483,98.86297
Kualanamu,0,3.59483,98.86297
Kualanamu,0,3.59483,98.86297
Kualanamu,0,3.59483,98.86297
Kualanamu,0,3.59483,98.86297
Kualanamu,0,3.59483,98.86297
Kualanamu,32.3,3.59483,98.86297
Kualanamu,0,3.59483,98.86297
Kualanamu,0,3.59483,98.86297
Kualanamu,51.4,3.59483,98.86297
Kualanamu,0.6,3.59483,98.86297
Kualanamu,0,3.59483,98.86297
Kualanamu,8.8,3.59483,98.86297
Kualanamu,0,3.59483,98.86297
Kualanamu,2.6,3.59483,98.86297
Kualanamu,0,3.59483,98.86297
Kualanamu,0.1,3.59483,98.86297
Kualanamu,5.4,3.59483,98.86297
Kualanamu,0,3.59483,98.86297
Kualanamu,1.4,3.59483,98.86297
Kualanamu,0,3.59483,98.86297
Kualanamu,8,3.59483,98.86297
Kualanamu,0,3.59483,98.86297
Kualanamu,0,3.59483,98.86297
Kualanamu,0,3.59483,98.86297
Kualanamu,0,3.59483,98.86297
Kualanamu,0,3.59483,98.86297
Kualanamu,0.1,3.59483,98.86297
Kualanamu,12.4,3.59483,98.86297
Kualanamu,0,3.59483,98.86297
Kualanamu,0,3.59483,98.86297
Kualanamu,0,3.59483,98.86297
Kualanamu,1.4,3.59483,98.86297
Kualanamu,5.4,3.59483,98.86297
Kualanamu,3.1,3.59483,98.86297
Kualanamu,17.4,3.59483,98.86297
Kualanamu,0,3.59483,98.86297
Kualanamu,0,3.59483,98.86297
Kualanamu,0,3.59483,98.86297
Kualanamu,0,3.59483,98.86297
Kualanamu,0,3.59483,98.86297
Kualanamu,0,3.59483,98.86297
Kualanamu,5,3.59483,98.86297
Kualanamu,2,3.59483,98.86297
Kualanamu,0,3.59483,98.86297
Kualanamu,18.9,3.59483,98.86297
Kualanamu,0.1,3.59483,98.86297
Kualanamu,0,3.59483,98.86297
Kualanamu,0,3.59483,98.86297
Kualanamu,0,3.59483,98.86297
Kualanamu,0,3.59483,98.86297
Kualanamu,2.7,3.59483,98.86297
Kualanamu,0,3.59483,98.86297
Kualanamu,0,3.59483,98.86297
Kualanamu,0.1,3.59483,98.86297
Kualanamu,0,3.59483,98.86297
Kualanamu,0.1,3.59483,98.86297
Kualanamu,0,3.59483,98.86297
Kualanamu,0,3.59483,98.86297
Kualanamu,0,3.59483,98.86297
Kualanamu,0,3.59483,98.86297
Kualanamu,20.3,3.59483,98.86297
Kualanamu,0,3.59483,98.86297
Kualanamu,0,3.59483,98.86297
Kualanamu,0,3.59483,98.86297
Kualanamu,0.6,3.59483,98.86297
Kualanamu,0,3.59483,98.86297
Kualanamu,0,3.59483,98.86297
Kualanamu,9.8,3.59483,98.86297
Kualanamu,0,3.59483,98.86297
Kualanamu,0,3.59483,98.86297
Kualanamu,0,3.59483,98.86297
Kualanamu,0,3.59483,98.86297
Kualanamu,0,3.59483,98.86297
Kualanamu,0,3.59483,98.86297
Kualanamu,0,3.59483,98.86297
Kualanamu,0,3.59483,98.86297
Kualanamu,0,3.59483,98.86297
Kualanamu,0,3.59483,98.86297
Kualanamu,0,3.59483,98.86297
Kualanamu,0,3.59483,98.86297
Kualanamu,0.1,3.59483,98.86297
Kualanamu,2,3.59483,98.86297
Kualanamu,0,3.59483,98.86297
Kualanamu,18.7,3.59483,98.86297
Kualanamu,0,3.59483,98.86297
Kualanamu,0,3.59483,98.86297
Kualanamu,0,3.59483,98.86297
Kualanamu,0,3.59483,98.86297
Kualanamu,0,3.59483,98.86297
Kualanamu,0,3.59483,98.86297
Kualanamu,0,3.59483,98.86297
Kualanamu,0,3.59483,98.86297
Kualanamu,0,3.59483,98.86297
Kualanamu,12,3.59483,98.86297
Kualanamu,0,3.59483,98.86297
Kualanamu,0.2,3.59483,98.86297
Kualanamu,2.9,3.59483,98.86297
Kualanamu,40,3.59483,98.86297
Kualanamu,0,3.59483,98.86297
Kualanamu,0,3.59483,98.86297
Kualanamu,0.7,3.59483,98.86297
Kualanamu,16.7,3.59483,98.86297
Kualanamu,7.1,3.59483,98.86297
Kualanamu,0,3.59483,98.86297
Kualanamu,0,3.59483,98.86297
Kualanamu,0,3.59483,98.86297
Kualanamu,0,3.59483,98.86297
Kualanamu,3.5,3.59483,98.86297
Kualanamu,4.1,3.59483,98.86297
Kualanamu,0,3.59483,98.86297
Kualanamu,0,3.59483,98.86297
Kualanamu,31.3,3.59483,98.86297
Kualanamu,0.7,3.59483,98.86297
Kualanamu,3.6,3.59483,98.86297
Kualanamu,0,3.59483,98.86297
Kualanamu,9.9,3.59483,98.86297
Kualanamu,9.7,3.59483,98.86297
Kualanamu,29.7,3.59483,98.86297
Kualanamu,0,3.59483,98.86297
Kualanamu,21.3,3.59483,98.86297
Kualanamu,6.5,3.59483,98.86297
Kualanamu,5.6,3.59483,98.86297
Kualanamu,4,3.59483,98.86297
Kualanamu,7.5,3.59483,98.86297
Kualanamu,2.3,3.59483,98.86297
Kualanamu,0,3.59483,98.86297
Kualanamu,35,3.59483,98.86297
Kualanamu,0,3.59483,98.86297
Kualanamu,0,3.59483,98.86297
Kualanamu,3.6,3.59483,98.86297
Kualanamu,0,3.59483,98.86297
Kualanamu,19.1,3.59483,98.86297
Kualanamu,0,3.59483,98.86297
Kualanamu,12.4,3.59483,98.86297
Kualanamu,0.2,3.59483,98.86297
Kualanamu,9.5,3.59483,98.86297
Kualanamu,0,3.59483,98.86297
Kualanamu,24.2,3.59483,98.86297
Kualanamu,0,3.59483,98.86297
Kualanamu,10.6,3.59483,98.86297
Kualanamu,19.2,3.59483,98.86297
Kualanamu,0,3.59483,98.86297
Kualanamu,0,3.59483,98.86297
Kualanamu,35,3.59483,98.86297
Kualanamu,71.5,3.59483,98.86297
Kualanamu,3,3.59483,98.86297
Kualanamu,4,3.59483,98.86297
Kualanamu,5.7,3.59483,98.86297
Kualanamu,15.8,3.59483,98.86297
Kualanamu,8.8,3.59483,98.86297
Kualanamu,0,3.59483,98.86297
Kualanamu,0.2,3.59483,98.86297
Kualanamu,4.4,3.59483,98.86297
Kualanamu,2.3,3.59483,98.86297
Kualanamu,0,3.59483,98.86297
Kualanamu,9.8,3.59483,98.86297
Kualanamu,11.9,3.59483,98.86297
Kualanamu,25.4,3.59483,98.86297
Kualanamu,0.2,3.59483,98.86297
Kualanamu,0.2,3.59483,98.86297
Kualanamu,14.9,3.59483,98.86297
Kualanamu,0,3.59483,98.86297
Kualanamu,0,3.59483,98.86297
Kualanamu,0,3.59483,98.86297
Kualanamu,7,3.59483,98.86297
Kualanamu,1.2,3.59483,98.86297
Kualanamu,0,3.59483,98.86297
Kualanamu,0,3.59483,98.86297
Kualanamu,2.7,3.59483,98.86297
Kualanamu,0,3.59483,98.86297
Kualanamu,6.7,3.59483,98.86297
Kualanamu,0,3.59483,98.86297
Kualanamu,0,3.59483,98.86297
Kualanamu,29.5,3.59483,98.86297
Kualanamu,4.8,3.59483,98.86297
Kualanamu,0.6,3.59483,98.86297
Kualanamu,4.1,3.59483,98.86297
Kualanamu,0.1,3.59483,98.86297
Kualanamu,0,3.59483,98.86297
Kualanamu,9.5,3.59483,98.86297
Kualanamu,1.5,3.59483,98.86297
Kualanamu,10,3.59483,98.86297
Kualanamu,0,3.59483,98.86297
Kualanamu,1.7,3.59483,98.86297
Kualanamu,0,3.59483,98.86297
Kualanamu,1.3,3.59483,98.86297
Kualanamu,0,3.59483,98.86297
Kualanamu,0,3.59483,98.86297
Kualanamu,0,3.59483,98.86297
Kualanamu,0,3.59483,98.86297
Kualanamu,0,3.59483,98.86297
Kualanamu,18,3.59483,98.86297
Kualanamu,0.1,3.59483,98.86297
Kualanamu,7,3.59483,98.86297
Kualanamu,0,3.59483,98.86297
Kualanamu,0,3.59483,98.86297
Kualanamu,0.6,3.59483,98.86297
Kualanamu,0.4,3.59483,98.86297
Kualanamu,0,3.59483,98.86297
Kualanamu,0,3.59483,98.86297
Kualanamu,9.9,3.59483,98.86297
Kualanamu,22.3,3.59483,98.86297
Kualanamu,10,3.59483,98.86297
Kualanamu,3.8,3.59483,98.86297
Kualanamu,0,3.59483,98.86297
Kualanamu,14.4,3.59483,98.86297
Kualanamu,0,3.59483,98.86297
Kualanamu,0,3.59483,98.86297
Kualanamu,28.9,3.59483,98.86297
Kualanamu,0,3.59483,98.86297
Kualanamu,0,3.59483,98.86297
Kualanamu,2.5,3.59483,98.86297
Kualanamu,0,3.59483,98.86297
Kualanamu,0,3.59483,98.86297
Kualanamu,0,3.59483,98.86297
Kualanamu,0,3.59483,98.86297
Kualanamu,0,3.59483,98.86297
Kualanamu,0,3.59483,98.86297
Kualanamu,0,3.59483,98.86297
Kualanamu,3.6,3.59483,98.86297
Kualanamu,0,3.59483,98.86297
Kualanamu,0,3.59483,98.86297
Kualanamu,0,3.59483,98.86297
Kualanamu,6.4,3.59483,98.86297
Kualanamu,0.2,3.59483,98.86297
Kualanamu,0,3.59483,98.86297
Kualanamu,0,3.59483,98.86297
Kualanamu,2.1,3.59483,98.86297
Kualanamu,0,3.59483,98.86297
Kualanamu,0,3.59483,98.86297
Kualanamu,0.5,3.59483,98.86297
Kualanamu,0,3.59483,98.86297
Kualanamu,3.3,3.59483,98.86297
Kualanamu,0,3.59483,98.86297
Kualanamu,12.3,3.59483,98.86297
Kualanamu,0.9,3.59483,98.86297
Kualanamu,0,3.59483,98.86297
Kualanamu,0.1,3.59483,98.86297
Kualanamu,0,3.59483,98.86297
Kualanamu,0,3.59483,98.86297
Kualanamu,1.9,3.59483,98.86297
Kualanamu,0,3.59483,98.86297
Kualanamu,0,3.59483,98.86297
Kualanamu,0,3.59483,98.86297
Kualanamu,0,3.59483,98.86297
Kualanamu,0,3.59483,98.86297
Kualanamu,0,3.59483,98.86297
Kualanamu,0,3.59483,98.86297
Kualanamu,0,3.59483,98.86297
Kualanamu,0,3.59483,98.86297
Kualanamu,0,3.59483,98.86297
Kualanamu,0,3.59483,98.86297
Kualanamu,0,3.59483,98.86297
Kualanamu,0,3.59483,98.86297
Kualanamu,0,3.59483,98.86297
Kualanamu,0,3.59483,98.86297
Kualanamu,0,3.59483,98.86297
Kualanamu,0.1,3.59483,98.86297
Kualanamu,5,3.59483,98.86297
Kualanamu,0,3.59483,98.86297
Kualanamu,0,3.59483,98.86297
Kualanamu,0,3.59483,98.86297
Kualanamu,0,3.59483,98.86297
Kualanamu,0,3.59483,98.86297
Kualanamu,0,3.59483,98.86297
Kualanamu,0.4,3.59483,98.86297
Kualanamu,0,3.59483,98.86297
Kualanamu,0,3.59483,98.86297
Kualanamu,0,3.59483,98.86297
Kualanamu,0,3.59483,98.86297
Kualanamu,0,3.59483,98.86297
Kualanamu,0,3.59483,98.86297
Kualanamu,0,3.59483,98.86297
Kualanamu,0,3.59483,98.86297
Kualanamu,0,3.59483,98.86297
Kualanamu,3.8,3.59483,98.86297
Kualanamu,0,3.59483,98.86297
Kualanamu,0,3.59483,98.86297
Kualanamu,0,3.59483,98.86297
Kualanamu,23.9,3.59483,98.86297
Kualanamu,0,3.59483,98.86297
Kualanamu,0,3.59483,98.86297
Kualanamu,1,3.59483,98.86297
Kualanamu,0,3.59483,98.86297
Kualanamu,0,3.59483,98.86297
Kualanamu,0,3.59483,98.86297
Kualanamu,0,3.59483,98.86297
Kualanamu,0,3.59483,98.86297
Kualanamu,0,3.59483,98.86297
Kualanamu,0.2,3.59483,98.86297
Kualanamu,0,3.59483,98.86297
Kualanamu,0,3.59483,98.86297
Kualanamu,0,3.59483,98.86297
Kualanamu,46.4,3.59483,98.86297
Kualanamu,0,3.59483,98.86297
Kualanamu,7.5,3.59483,98.86297
Kualanamu,0,3.59483,98.86297
Kualanamu,0,3.59483,98.86297
Kualanamu,0,3.59483,98.86297
Kualanamu,0,3.59483,98.86297
Kualanamu,0,3.59483,98.86297
Kualanamu,0,3.59483,98.86297
Kualanamu,0,3.59483,98.86297
Kualanamu,24.3,3.59483,98.86297
Kualanamu,0,3.59483,98.86297
Kualanamu,0,3.59483,98.86297
Kualanamu,0,3.59483,98.86297
Kualanamu,0,3.59483,98.86297
Kualanamu,0,3.59483,98.86297
Kualanamu,0,3.59483,98.86297
Kualanamu,0.4,3.59483,98.86297
Kualanamu,2.8,3.59483,98.86297
Kualanamu,0,3.59483,98.86297
Kualanamu,1.2,3.59483,98.86297
Kualanamu,0,3.59483,98.86297
Kualanamu,0,3.59483,98.86297
Kualanamu,0,3.59483,98.86297
Kualanamu,0.2,3.59483,98.86297
Kualanamu,0,3.59483,98.86297
Kualanamu,0,3.59483,98.86297
Kualanamu,0,3.59483,98.86297
Kualanamu,0,3.59483,98.86297
Kualanamu,2.3,3.59483,98.86297
Kualanamu,0,3.59483,98.86297
Kualanamu,0,3.59483,98.86297
Kualanamu,0,3.59483,98.86297
Kualanamu,0.1,3.59483,98.86297
Kualanamu,0,3.59483,98.86297
Kualanamu,0,3.59483,98.86297
Kualanamu,0,3.59483,98.86297
Kualanamu,0,3.59483,98.86297
Kualanamu,7.2,3.59483,98.86297
Kualanamu,0,3.59483,98.86297
Kualanamu,0,3.59483,98.86297
Kualanamu,22.4,3.59483,98.86297
Kualanamu,0,3.59483,98.86297
Kualanamu,0,3.59483,98.86297
Kualanamu,0,3.59483,98.86297
Kualanamu,0,3.59483,98.86297
Kualanamu,0,3.59483,98.86297
Kualanamu,1.6,3.59483,98.86297
Kualanamu,4.5,3.59483,98.86297
Kualanamu,0,3.59483,98.86297
Kualanamu,27,3.59483,98.86297
Kualanamu,0.4,3.59483,98.86297
Kualanamu,17.7,3.59483,98.86297
Kualanamu,3.1,3.59483,98.86297
Kualanamu,15,3.59483,98.86297
Kualanamu,52.4,3.59483,98.86297
Kualanamu,2.6,3.59483,98.86297
Kualanamu,0,3.59483,98.86297
Kualanamu,57.8,3.59483,98.86297
Kualanamu,0,3.59483,98.86297
Kualanamu,0,3.59483,98.86297
Kualanamu,0,3.59483,98.86297
Kualanamu,0,3.59483,98.86297
Kualanamu,0,3.59483,98.86297
Kualanamu,74.6,3.59483,98.86297
Kualanamu,0,3.59483,98.86297
Kualanamu,0.1,3.59483,98.86297
Kualanamu,0,3.59483,98.86297
Kualanamu,0,3.59483,98.86297
Kualanamu,51,3.59483,98.86297
Kualanamu,0.2,3.59483,98.86297
Kualanamu,0,3.59483,98.86297
Kualanamu,0.7,3.59483,98.86297
Kualanamu,0,3.59483,98.86297
Kualanamu,3.8,3.59483,98.86297
Kualanamu,1.2,3.59483,98.86297
Kualanamu,0,3.59483,98.86297
Kualanamu,0,3.59483,98.86297
Kualanamu,0,3.59483,98.86297
Kualanamu,6.4,3.59483,98.86297
Kualanamu,1.3,3.59483,98.86297
Kualanamu,0.8,3.59483,98.86297
Kualanamu,11.2,3.59483,98.86297
Kualanamu,0,3.59483,98.86297
Kualanamu,0,3.59483,98.86297
Kualanamu,0,3.59483,98.86297
Kualanamu,0,3.59483,98.86297
Kualanamu,0,3.59483,98.86297
Kualanamu,6,3.59483,98.86297
Kualanamu,0,3.59483,98.86297
Kualanamu,0,3.59483,98.86297
Kualanamu,20,3.59483,98.86297
Kualanamu,0,3.59483,98.86297
Kualanamu,0,3.59483,98.86297
Kualanamu,2.2,3.59483,98.86297
Kualanamu,0,3.59483,98.86297
Kualanamu,19.3,3.59483,98.86297
Kualanamu,0,3.59483,98.86297
Kualanamu,0,3.59483,98.86297
Kualanamu,37.5,3.59483,98.86297
Kualanamu,0.3,3.59483,98.86297
Kualanamu,0,3.59483,98.86297
Kualanamu,4.2,3.59483,98.86297
Kualanamu,0,3.59483,98.86297
Kualanamu,0,3.59483,98.86297
Kualanamu,0,3.59483,98.86297
Kualanamu,0,3.59483,98.86297
Kualanamu,0,3.59483,98.86297
Kualanamu,4,3.59483,98.86297
Kualanamu,0.6,3.59483,98.86297
Kualanamu,1.5,3.59483,98.86297
Kualanamu,0,3.59483,98.86297
Kualanamu,0,3.59483,98.86297
Kualanamu,11,3.59483,98.86297
Kualanamu,1.6,3.59483,98.86297
Kualanamu,0,3.59483,98.86297
Kualanamu,0,3.59483,98.86297
Kualanamu,0,3.59483,98.86297
Kualanamu,0,3.59483,98.86297
Kualanamu,2.8,3.59483,98.86297
Kualanamu,0,3.59483,98.86297
Kualanamu,0,3.59483,98.86297
Kualanamu,0,3.59483,98.86297
Kualanamu,30.8,3.59483,98.86297
Kualanamu,0,3.59483,98.86297
Kualanamu,0.1,3.59483,98.86297
Kualanamu,0,3.59483,98.86297
Kualanamu,0,3.59483,98.86297
Kualanamu,6,3.59483,98.86297
Kualanamu,1.5,3.59483,98.86297
Kualanamu,0,3.59483,98.86297
Kualanamu,0.2,3.59483,98.86297
Kualanamu,0,3.59483,98.86297
Kualanamu,0,3.59483,98.86297
Kualanamu,0,3.59483,98.86297
Kualanamu,3.2,3.59483,98.86297
Kualanamu,0,3.59483,98.86297
Kualanamu,2.2,3.59483,98.86297
Kualanamu,0,3.59483,98.86297
Kualanamu,6.9,3.59483,98.86297
Kualanamu,0,3.59483,98.86297
Kualanamu,0,3.59483,98.86297
Kualanamu,0,3.59483,98.86297
Kualanamu,0,3.59483,98.86297
Kualanamu,0,3.59483,98.86297
Kualanamu,2.8,3.59483,98.86297
Kualanamu,0.6,3.59483,98.86297
Kualanamu,1.2,3.59483,98.86297
Kualanamu,0,3.59483,98.86297
Kualanamu,6.2,3.59483,98.86297
Kualanamu,0,3.59483,98.86297
Kualanamu,0,3.59483,98.86297
Kualanamu,0,3.59483,98.86297
Kualanamu,0,3.59483,98.86297
Kualanamu,0,3.59483,98.86297
Kualanamu,1.1,3.59483,98.86297
Kualanamu,12.2,3.59483,98.86297
Kualanamu,1.5,3.59483,98.86297
Kualanamu,0,3.59483,98.86297
Kualanamu,0,3.59483,98.86297
Kualanamu,0.1,3.59483,98.86297
Kualanamu,0,3.59483,98.86297
Kualanamu,0,3.59483,98.86297
Kualanamu,0,3.59483,98.86297
Kualanamu,0,3.59483,98.86297
Kualanamu,0.4,3.59483,98.86297
Kualanamu,0,3.59483,98.86297
Kualanamu,1.8,3.59483,98.86297
Kualanamu,0,3.59483,98.86297
Kualanamu,37.5,3.59483,98.86297
Kualanamu,2.2,3.59483,98.86297
Kualanamu,0,3.59483,98.86297
Kualanamu,0,3.59483,98.86297
Kualanamu,0,3.59483,98.86297
Kualanamu,0,3.59483,98.86297
Kualanamu,12.2,3.59483,98.86297
Kualanamu,0.4,3.59483,98.86297
Kualanamu,0,3.59483,98.86297
Kualanamu,47.6,3.59483,98.86297
Kualanamu,2.3,3.59483,98.86297
Kualanamu,0,3.59483,98.86297
Kualanamu,5.2,3.59483,98.86297
Kualanamu,0,3.59483,98.86297
Kualanamu,0.2,3.59483,98.86297
Kualanamu,0,3.59483,98.86297
Kualanamu,1,3.59483,98.86297
Kualanamu,0,3.59483,98.86297
Kualanamu,0,3.59483,98.86297
Kualanamu,0,3.59483,98.86297
Kualanamu,4.3,3.59483,98.86297
Kualanamu,18.7,3.59483,98.86297
Kualanamu,48.1,3.59483,98.86297
Kualanamu,21,3.59483,98.86297
Kualanamu,3.4,3.59483,98.86297
Kualanamu,1.5,3.59483,98.86297
Kualanamu,11.4,3.59483,98.86297
Kualanamu,0,3.59483,98.86297
Kualanamu,0.8,3.59483,98.86297
Kualanamu,13.2,3.59483,98.86297
Kualanamu,10.8,3.59483,98.86297
Kualanamu,0,3.59483,98.86297
Kualanamu,0.4,3.59483,98.86297
Kualanamu,1.5,3.59483,98.86297
Kualanamu,0,3.59483,98.86297
Kualanamu,0,3.59483,98.86297
Kualanamu,1.4,3.59483,98.86297
Kualanamu,3.4,3.59483,98.86297
Kualanamu,0,3.59483,98.86297
Kualanamu,0.9,3.59483,98.86297
Kualanamu,4.1,3.59483,98.86297
Kualanamu,0,3.59483,98.86297
Kualanamu,20.3,3.59483,98.86297
Kualanamu,13.1,3.59483,98.86297
Kualanamu,1,3.59483,98.86297
Kualanamu,0.2,3.59483,98.86297
Kualanamu,0,3.59483,98.86297
Kualanamu,9,3.59483,98.86297
Kualanamu,0,3.59483,98.86297
Kualanamu,0.4,3.59483,98.86297
Kualanamu,1.8,3.59483,98.86297
Kualanamu,41,3.59483,98.86297
Kualanamu,1.5,3.59483,98.86297
Kualanamu,0,3.59483,98.86297
Kualanamu,51.2,3.59483,98.86297
Kualanamu,15.1,3.59483,98.86297
Kualanamu,0,3.59483,98.86297
Kualanamu,0,3.59483,98.86297
Kualanamu,0,3.59483,98.86297
Kualanamu,0,3.59483,98.86297
Kualanamu,5.6,3.59483,98.86297
Kualanamu,35.6,3.59483,98.86297
Kualanamu,0.2,3.59483,98.86297
Kualanamu,0,3.59483,98.86297
Kualanamu,0,3.59483,98.86297
Kualanamu,0.6,3.59483,98.86297
Kualanamu,2.8,3.59483,98.86297
Kualanamu,1,3.59483,98.86297
Kualanamu,0,3.59483,98.86297
Kualanamu,0,3.59483,98.86297
Kualanamu,0,3.59483,98.86297
Kualanamu,0,3.59483,98.86297
Kualanamu,0.5,3.59483,98.86297
Kualanamu,0,3.59483,98.86297
Kualanamu,0,3.59483,98.86297
Kualanamu,0,3.59483,98.86297
Kualanamu,0,3.59483,98.86297
Kualanamu,0,3.59483,98.86297
Kualanamu,6.2,3.59483,98.86297
Kualanamu,52.8,3.59483,98.86297
Kualanamu,5.5,3.59483,98.86297
Kualanamu,0,3.59483,98.86297
Kualanamu,1.6,3.59483,98.86297
Kualanamu,1.7,3.59483,98.86297
Kualanamu,4.4,3.59483,98.86297
Kualanamu,0.1,3.59483,98.86297
Kualanamu,0,3.59483,98.86297
Kualanamu,2.8,3.59483,98.86297
Kualanamu,1.3,3.59483,98.86297
Kualanamu,0,3.59483,98.86297
Kualanamu,37.5,3.59483,98.86297
Kualanamu,0,3.59483,98.86297
Kualanamu,0,3.59483,98.86297
Kualanamu,8,3.59483,98.86297
Kualanamu,0,3.59483,98.86297
Kualanamu,4.3,3.59483,98.86297
Kualanamu,0,3.59483,98.86297
Kualanamu,0,3.59483,98.86297
Kualanamu,0,3.59483,98.86297
Kualanamu,0,3.59483,98.86297
Kualanamu,0,3.59483,98.86297
Kualanamu,0,3.59483,98.86297
Kualanamu,0,3.59483,98.86297
Kualanamu,0,3.59483,98.86297
Kualanamu,0,3.59483,98.86297
Kualanamu,38.4,3.59483,98.86297
Kualanamu,0,3.59483,98.86297
Kualanamu,0.6,3.59483,98.86297
Kualanamu,0,3.59483,98.86297
Kualanamu,0,3.59483,98.86297
Kualanamu,0,3.59483,98.86297
Kualanamu,0,3.59483,98.86297
Kualanamu,84.6,3.59483,98.86297
Kualanamu,0,3.59483,98.86297
Kualanamu,4.2,3.59483,98.86297
Kualanamu,67.2,3.59483,98.86297
Kualanamu,0,3.59483,98.86297
Kualanamu,0,3.59483,98.86297
Kualanamu,0,3.59483,98.86297
Kualanamu,0,3.59483,98.86297
Kualanamu,0,3.59483,98.86297
Kualanamu,0,3.59483,98.86297
Kualanamu,0,3.59483,98.86297
Kualanamu,0,3.59483,98.86297
Kualanamu,0,3.59483,98.86297
Kualanamu,0,3.59483,98.86297
Kualanamu,0,3.59483,98.86297
Kualanamu,0,3.59483,98.86297
Kualanamu,0,3.59483,98.86297
Kualanamu,0,3.59483,98.86297
Kualanamu,0,3.59483,98.86297
Kualanamu,0,3.59483,98.86297
Kualanamu,0,3.59483,98.86297
Kualanamu,0,3.59483,98.86297
Kualanamu,15,3.59483,98.86297
Kualanamu,0,3.59483,98.86297
Kualanamu,0,3.59483,98.86297
Kualanamu,0,3.59483,98.86297
Kualanamu,0,3.59483,98.86297
Kualanamu,35,3.59483,98.86297
Kualanamu,0,3.59483,98.86297
Kualanamu,0,3.59483,98.86297
Kualanamu,0,3.59483,98.86297
Kualanamu,2.2,3.59483,98.86297
Kualanamu,0,3.59483,98.86297
Kualanamu,0,3.59483,98.86297
Kualanamu,0,3.59483,98.86297
Kualanamu,0,3.59483,98.86297
Kualanamu,0,3.59483,98.86297
Kualanamu,0,3.59483,98.86297
Kualanamu,0,3.59483,98.86297
Kualanamu,0.1,3.59483,98.86297
Kualanamu,0,3.59483,98.86297
Kualanamu,0.2,3.59483,98.86297
Kualanamu,3.8,3.59483,98.86297
Kualanamu,0,3.59483,98.86297
Kualanamu,0,3.59483,98.86297
Kualanamu,0,3.59483,98.86297
Kualanamu,0,3.59483,98.86297
Kualanamu,0,3.59483,98.86297
Kualanamu,0,3.59483,98.86297
Kualanamu,0,3.59483,98.86297
Kualanamu,0,3.59483,98.86297
Kualanamu,16.7,3.59483,98.86297
Kualanamu,3.9,3.59483,98.86297
Kualanamu,15.7,3.59483,98.86297
Kualanamu,0,3.59483,98.86297
Kualanamu,0,3.59483,98.86297
Kualanamu,0,3.59483,98.86297
Kualanamu,0,3.59483,98.86297
Kualanamu,0,3.59483,98.86297
Kualanamu,3.9,3.59483,98.86297
Kualanamu,0,3.59483,98.86297
Kualanamu,0,3.59483,98.86297
Kualanamu,0,3.59483,98.86297
Kualanamu,1.5,3.59483,98.86297
Kualanamu,0,3.59483,98.86297
Kualanamu,0,3.59483,98.86297
Kualanamu,0.1,3.59483,98.86297
Kualanamu,0,3.59483,98.86297
Kualanamu,0.7,3.59483,98.86297
Kualanamu,0.7,3.59483,98.86297
Kualanamu,0,3.59483,98.86297
Kualanamu,0,3.59483,98.86297
Kualanamu,0,3.59483,98.86297
Kualanamu,12.1,3.59483,98.86297
Kualanamu,0,3.59483,98.86297
Kualanamu,0,3.59483,98.86297
Kualanamu,0,3.59483,98.86297
Kualanamu,0,3.59483,98.86297
Kualanamu,0,3.59483,98.86297
Kualanamu,0,3.59483,98.86297
Kualanamu,0.8,3.59483,98.86297
Kualanamu,0,3.59483,98.86297
Kualanamu,0,3.59483,98.86297
Kualanamu,0.7,3.59483,98.86297
Kualanamu,0,3.59483,98.86297
Kualanamu,0,3.59483,98.86297
Kualanamu,0,3.59483,98.86297
Kualanamu,0,3.59483,98.86297
Kualanamu,0,3.59483,98.86297
Kualanamu,20.8,3.59483,98.86297
Kualanamu,0,3.59483,98.86297
Kualanamu,0,3.59483,98.86297
Kualanamu,0,3.59483,98.86297
Kualanamu,0,3.59483,98.86297
Kualanamu,0,3.59483,98.86297
Kualanamu,0,3.59483,98.86297
Kualanamu,0,3.59483,98.86297
Kualanamu,22.3,3.59483,98.86297
Kualanamu,0,3.59483,98.86297
Kualanamu,0,3.59483,98.86297
Kualanamu,0,3.59483,98.86297
Kualanamu,15.2,3.59483,98.86297
Kualanamu,0,3.59483,98.86297
Kualanamu,0,3.59483,98.86297
Kualanamu,0,3.59483,98.86297
Kualanamu,0,3.59483,98.86297
Kualanamu,0.6,3.59483,98.86297
Kualanamu,0,3.59483,98.86297
Kualanamu,0,3.59483,98.86297
Kualanamu,0,3.59483,98.86297
Kualanamu,0,3.59483,98.86297
Kualanamu,0,3.59483,98.86297
Kualanamu,0,3.59483,98.86297
Kualanamu,0,3.59483,98.86297
Kualanamu,0,3.59483,98.86297
Kualanamu,0,3.59483,98.86297
Kualanamu,0,3.59483,98.86297
Kualanamu,0.2,3.59483,98.86297
Kualanamu,2.7,3.59483,98.86297
Kualanamu,56.4,3.59483,98.86297
Kualanamu,9.3,3.59483,98.86297
Kualanamu,1.2,3.59483,98.86297
Kualanamu,0.4,3.59483,98.86297
Kualanamu,0,3.59483,98.86297
Kualanamu,0,3.59483,98.86297
Kualanamu,0,3.59483,98.86297
Kualanamu,0,3.59483,98.86297
Kualanamu,36,3.59483,98.86297
Kualanamu,1.9,3.59483,98.86297
Kualanamu,0.1,3.59483,98.86297
Kualanamu,0,3.59483,98.86297
Kualanamu,11.2,3.59483,98.86297
Kualanamu,1.5,3.59483,98.86297
Kualanamu,0,3.59483,98.86297
Kualanamu,2.2,3.59483,98.86297
Kualanamu,0.6,3.59483,98.86297
Kualanamu,0,3.59483,98.86297
Kualanamu,0.9,3.59483,98.86297
Kualanamu,0,3.59483,98.86297
Kualanamu,2,3.59483,98.86297
Kualanamu,0,3.59483,98.86297
Kualanamu,36.2,3.59483,98.86297
Kualanamu,0,3.59483,98.86297
Kualanamu,0,3.59483,98.86297
Kualanamu,0,3.59483,98.86297
Kualanamu,10,3.59483,98.86297
Kualanamu,0,3.59483,98.86297
Kualanamu,3.5,3.59483,98.86297
Kualanamu,0,3.59483,98.86297
Kualanamu,0,3.59483,98.86297
Kualanamu,0,3.59483,98.86297
Kualanamu,0,3.59483,98.86297
Kualanamu,66.5,3.59483,98.86297
Kualanamu,0,3.59483,98.86297
Kualanamu,2,3.59483,98.86297
Kualanamu,0,3.59483,98.86297
Kualanamu,0,3.59483,98.86297
Kualanamu,0,3.59483,98.86297
Kualanamu,0,3.59483,98.86297
Kualanamu,0,3.59483,98.86297
Kualanamu,0,3.59483,98.86297
Kualanamu,0,3.59483,98.86297
Kualanamu,8.3,3.59483,98.86297
Kualanamu,10.5,3.59483,98.86297
Kualanamu,67,3.59483,98.86297
Kualanamu,4.2,3.59483,98.86297
Kualanamu,1.1,3.59483,98.86297
Kualanamu,0,3.59483,98.86297
Kualanamu,0,3.59483,98.86297
Kualanamu,0.5,3.59483,98.86297
Kualanamu,0,3.59483,98.86297
Kualanamu,0.8,3.59483,98.86297
Kualanamu,0,3.59483,98.86297
Kualanamu,2,3.59483,98.86297
Kualanamu,0,3.59483,98.86297
Kualanamu,40.1,3.59483,98.86297
Kualanamu,0,3.59483,98.86297
Kualanamu,0,3.59483,98.86297
Kualanamu,11,3.59483,98.86297
Kualanamu,0,3.59483,98.86297
Kualanamu,0,3.59483,98.86297
Kualanamu,18,3.59483,98.86297
Kualanamu,42.1,3.59483,98.86297
Kualanamu,0,3.59483,98.86297
Kualanamu,6.1,3.59483,98.86297
Kualanamu,0,3.59483,98.86297
Kualanamu,0,3.59483,98.86297
Kualanamu,4,3.59483,98.86297
Kualanamu,1,3.59483,98.86297
Kualanamu,1.1,3.59483,98.86297
Kualanamu,10.3,3.59483,98.86297
Kualanamu,0.8,3.59483,98.86297
Kualanamu,0,3.59483,98.86297
Kualanamu,1.8,3.59483,98.86297
Kualanamu,0,3.59483,98.86297
Kualanamu,1.5,3.59483,98.86297
Kualanamu,0,3.59483,98.86297
Kualanamu,0,3.59483,98.86297
Kualanamu,2.3,3.59483,98.86297
Kualanamu,0,3.59483,98.86297
Kualanamu,2,3.59483,98.86297
Kualanamu,0,3.59483,98.86297
Kualanamu,0.2,3.59483,98.86297
Kualanamu,0,3.59483,98.86297
Kualanamu,0,3.59483,98.86297
Kualanamu,0,3.59483,98.86297
Kualanamu,17.1,3.59483,98.86297
Kualanamu,0.2,3.59483,98.86297
Kualanamu,2.6,3.59483,98.86297
Kualanamu,0,3.59483,98.86297
Kualanamu,0,3.59483,98.86297
Kualanamu,47.2,3.59483,98.86297
Kualanamu,75.8,3.59483,98.86297
Kualanamu,34.1,3.59483,98.86297
Kualanamu,0,3.59483,98.86297
Kualanamu,3.4,3.59483,98.86297
Kualanamu,0,3.59483,98.86297
Kualanamu,0,3.59483,98.86297
Kualanamu,11.1,3.59483,98.86297
Kualanamu,0.2,3.59483,98.86297
Kualanamu,0,3.59483,98.86297
Kualanamu,8.6,3.59483,98.86297
Kualanamu,0.1,3.59483,98.86297
Kualanamu,0,3.59483,98.86297
Kualanamu,0,3.59483,98.86297
Kualanamu,1,3.59483,98.86297
Kualanamu,0,3.59483,98.86297
Kualanamu,1.5,3.59483,98.86297
Kualanamu,0,3.59483,98.86297
Kualanamu,0,3.59483,98.86297
Kualanamu,0,3.59483,98.86297
Kualanamu,0,3.59483,98.86297
Kualanamu,3.5,3.59483,98.86297
Kualanamu,0,3.59483,98.86297
Kualanamu,0,3.59483,98.86297
Kualanamu,0,3.59483,98.86297
Kualanamu,0,3.59483,98.86297
Kualanamu,0,3.59483,98.86297
Kualanamu,0,3.59483,98.86297
Kualanamu,2.1,3.59483,98.86297
Kualanamu,0,3.59483,98.86297
Kualanamu,0,3.59483,98.86297
Kualanamu,0,3.59483,98.86297
Kualanamu,0,3.59483,98.86297
Kualanamu,4,3.59483,98.86297
Kualanamu,0.6,3.59483,98.86297
Kualanamu,0,3.59483,98.86297
Kualanamu,0,3.59483,98.86297
Kualanamu,0.2,3.59483,98.86297
Kualanamu,0.2,3.59483,98.86297
Kualanamu,2,3.59483,98.86297
Kualanamu,0,3.59483,98.86297
Kualanamu,1.8,3.59483,98.86297
Kualanamu,0,3.59483,98.86297
Kualanamu,2.5,3.59483,98.86297
Kualanamu,0,3.59483,98.86297
Kualanamu,0,3.59483,98.86297
Kualanamu,0.1,3.59483,98.86297
Kualanamu,0,3.59483,98.86297
Kualanamu,8.9,3.59483,98.86297
Kualanamu,0,3.59483,98.86297
Kualanamu,0,3.59483,98.86297
Kualanamu,70.1,3.59483,98.86297
Kualanamu,0,3.59483,98.86297
Kualanamu,0,3.59483,98.86297
Kualanamu,0,3.59483,98.86297
Kualanamu,7.5,3.59483,98.86297
Kualanamu,2,3.59483,98.86297
Kualanamu,13.2,3.59483,98.86297
Kualanamu,14.7,3.59483,98.86297
Kualanamu,30.2,3.59483,98.86297
Kualanamu,9.5,3.59483,98.86297
Kualanamu,6.4,3.59483,98.86297
Kualanamu,13,3.59483,98.86297
Kualanamu,10.2,3.59483,98.86297
Kualanamu,0,3.59483,98.86297
Kualanamu,18,3.59483,98.86297
Kualanamu,17.4,3.59483,98.86297
Kualanamu,16.1,3.59483,98.86297
Kualanamu,0,3.59483,98.86297
Kualanamu,6.4,3.59483,98.86297
Kualanamu,7,3.59483,98.86297
Kualanamu,0,3.59483,98.86297
Kualanamu,0,3.59483,98.86297
Kualanamu,0,3.59483,98.86297
Kualanamu,0,3.59483,98.86297
Kualanamu,3.9,3.59483,98.86297
Kualanamu,7.7,3.59483,98.86297
Kualanamu,0.1,3.59483,98.86297
Kualanamu,0.1,3.59483,98.86297
Kualanamu,18.2,3.59483,98.86297
Kualanamu,1.6,3.59483,98.86297
Kualanamu,5.1,3.59483,98.86297
Kualanamu,3.8,3.59483,98.86297
Kualanamu,48.5,3.59483,98.86297
Kualanamu,0,3.59483,98.86297
Kualanamu,0,3.59483,98.86297
Kualanamu,26,3.59483,98.86297
Kualanamu,1.3,3.59483,98.86297
Kualanamu,10.3,3.59483,98.86297
Kualanamu,0,3.59483,98.86297
Kualanamu,0.3,3.59483,98.86297
Kualanamu,1.7,3.59483,98.86297
Kualanamu,1,3.59483,98.86297
Kualanamu,16.2,3.59483,98.86297
Kualanamu,1,3.59483,98.86297
Kualanamu,0.1,3.59483,98.86297
Kualanamu,0,3.59483,98.86297
Kualanamu,0.2,3.59483,98.86297
Kualanamu,0.8,3.59483,98.86297
Kualanamu,0,3.59483,98.86297
Kualanamu,19.6,3.59483,98.86297
Kualanamu,15.5,3.59483,98.86297
Kualanamu,12.1,3.59483,98.86297
Kualanamu,3.1,3.59483,98.86297
Kualanamu,0.7,3.59483,98.86297
Kualanamu,1.5,3.59483,98.86297
Kualanamu,29.7,3.59483,98.86297
Kualanamu,19,3.59483,98.86297
Kualanamu,70.1,3.59483,98.86297
Kualanamu,1.1,3.59483,98.86297
Kualanamu,0.1,3.59483,98.86297
Kualanamu,0.2,3.59483,98.86297
Kualanamu,18.9,3.59483,98.86297
Kualanamu,0,3.59483,98.86297
Kualanamu,0,3.59483,98.86297
Kualanamu,54.9,3.59483,98.86297
Kualanamu,1.1,3.59483,98.86297
Kualanamu,0,3.59483,98.86297
Kualanamu,0,3.59483,98.86297
Kualanamu,0.1,3.59483,98.86297
Kualanamu,0.1,3.59483,98.86297
Kualanamu,5,3.59483,98.86297
Kualanamu,1.2,3.59483,98.86297
Kualanamu,0,3.59483,98.86297
Kualanamu,0.1,3.59483,98.86297
Kualanamu,0.3,3.59483,98.86297
Kualanamu,5.3,3.59483,98.86297
Kualanamu,1.3,3.59483,98.86297
Kualanamu,10.1,3.59483,98.86297
Kualanamu,0,3.59483,98.86297
Kualanamu,0,3.59483,98.86297
Kualanamu,0,3.59483,98.86297
Kualanamu,0,3.59483,98.86297
Kualanamu,0.4,3.59483,98.86297
Kualanamu,0,3.59483,98.86297
Kualanamu,0.5,3.59483,98.86297
Kualanamu,0.1,3.59483,98.86297
Kualanamu,10.1,3.59483,98.86297
Kualanamu,14.8,3.59483,98.86297
Kualanamu,0.9,3.59483,98.86297
Kualanamu,10.9,3.59483,98.86297
Kualanamu,0,3.59483,98.86297
Kualanamu,6.4,3.59483,98.86297
Kualanamu,0,3.59483,98.86297
Kualanamu,25.5,3.59483,98.86297
Kualanamu,0,3.59483,98.86297
Kualanamu,2.1,3.59483,98.86297
Kualanamu,3.5,3.59483,98.86297
Kualanamu,2.2,3.59483,98.86297
Kualanamu,0.3,3.59483,98.86297
Kualanamu,2,3.59483,98.86297
Kualanamu,0,3.59483,98.86297
Kualanamu,2.7,3.59483,98.86297
Kualanamu,4.3,3.59483,98.86297
Kualanamu,36.3,3.59483,98.86297
Kualanamu,37.1,3.59483,98.86297
Kualanamu,0,3.59483,98.86297
Kualanamu,30,3.59483,98.86297
Kualanamu,0,3.59483,98.86297
Kualanamu,0,3.59483,98.86297
Kualanamu,6.6,3.59483,98.86297
Kualanamu,3.2,3.59483,98.86297
Kualanamu,0.5,3.59483,98.86297
Kualanamu,8.7,3.59483,98.86297
Kualanamu,0,3.59483,98.86297
Kualanamu,0.1,3.59483,98.86297
Kualanamu,0,3.59483,98.86297
Kualanamu,10.5,3.59483,98.86297
Kualanamu,3,3.59483,98.86297
Kualanamu,3.8,3.59483,98.86297
Kualanamu,47.4,3.59483,98.86297
Kualanamu,61.8,3.59483,98.86297
Kualanamu,13.5,3.59483,98.86297
Kualanamu,2.1,3.59483,98.86297
Kualanamu,9.4,3.59483,98.86297
Kualanamu,54.4,3.59483,98.86297
Kualanamu,0,3.59483,98.86297
Kualanamu,3.2,3.59483,98.86297
Kualanamu,0,3.59483,98.86297
Kualanamu,0.1,3.59483,98.86297
Kualanamu,10.3,3.59483,98.86297
Kualanamu,0,3.59483,98.86297
Kualanamu,0.5,3.59483,98.86297
Kualanamu,0,3.59483,98.86297
Kualanamu,1,3.59483,98.86297
Kualanamu,0,3.59483,98.86297
Kualanamu,0,3.59483,98.86297
Kualanamu,0.3,3.59483,98.86297
Kualanamu,7.3,3.59483,98.86297
Kualanamu,0,3.59483,98.86297
Kualanamu,0,3.59483,98.86297
Kualanamu,0.2,3.59483,98.86297
Kualanamu,10.7,3.59483,98.86297
Kualanamu,8.4,3.59483,98.86297
Kualanamu,0,3.59483,98.86297
Kualanamu,0,3.59483,98.86297
Kualanamu,1.9,3.59483,98.86297
Kualanamu,0,3.59483,98.86297
Kualanamu,0,3.59483,98.86297
Kualanamu,0,3.59483,98.86297
Kualanamu,0,3.59483,98.86297
Kualanamu,43,3.59483,98.86297
Kualanamu,0,3.59483,98.86297
Kualanamu,0,3.59483,98.86297
Kualanamu,0,3.59483,98.86297
Kualanamu,0,3.59483,98.86297
Kualanamu,1.2,3.59483,98.86297
Kualanamu,0,3.59483,98.86297
Kualanamu,0,3.59483,98.86297
Kualanamu,0,3.59483,98.86297
Kualanamu,0,3.59483,98.86297
Kualanamu,0,3.59483,98.86297
Kualanamu,0,3.59483,98.86297
Kualanamu,0,3.59483,98.86297
Kualanamu,3.8,3.59483,98.86297
Kualanamu,0,3.59483,98.86297
Kualanamu,0,3.59483,98.86297
Kualanamu,0,3.59483,98.86297
Kualanamu,0,3.59483,98.86297
Kualanamu,3.1,3.59483,98.86297
Kualanamu,0,3.59483,98.86297
Kualanamu,1.4,3.59483,98.86297
Kualanamu,0,3.59483,98.86297
Kualanamu,0,3.59483,98.86297
Kualanamu,0.5,3.59483,98.86297
Kualanamu,0.5,3.59483,98.86297
Kualanamu,0,3.59483,98.86297
Kualanamu,0,3.59483,98.86297
Kualanamu,0.3,3.59483,98.86297
Kualanamu,0.2,3.59483,98.86297
Kualanamu,0.2,3.59483,98.86297
Kualanamu,0,3.59483,98.86297
Kualanamu,0,3.59483,98.86297
Kualanamu,0,3.59483,98.86297
Kualanamu,0,3.59483,98.86297
Kualanamu,0,3.59483,98.86297
Kualanamu,0,3.59483,98.86297
Kualanamu,0,3.59483,98.86297
Kualanamu,8.9,3.59483,98.86297
Kualanamu,0,3.59483,98.86297
Kualanamu,0,3.59483,98.86297
Kualanamu,0,3.59483,98.86297
Kualanamu,0.5,3.59483,98.86297
Kualanamu,5.1,3.59483,98.86297
Kualanamu,3.5,3.59483,98.86297
Kualanamu,0,3.59483,98.86297
Kualanamu,16.1,3.59483,98.86297
Kualanamu,0,3.59483,98.86297
Kualanamu,0,3.59483,98.86297
Kualanamu,45.5,3.59483,98.86297
Kualanamu,0,3.59483,98.86297
Kualanamu,0,3.59483,98.86297
Kualanamu,6.3,3.59483,98.86297
Kualanamu,20,3.59483,98.86297
Kualanamu,0,3.59483,98.86297
Kualanamu,0,3.59483,98.86297
Kualanamu,3.2,3.59483,98.86297
Kualanamu,73.3,3.59483,98.86297
Kualanamu,0,3.59483,98.86297
Kualanamu,0,3.59483,98.86297
Kualanamu,7.2,3.59483,98.86297
Kualanamu,0,3.59483,98.86297
Kualanamu,0,3.59483,98.86297
Kualanamu,0,3.59483,98.86297
Kualanamu,0,3.59483,98.86297
Kualanamu,0,3.59483,98.86297
Kualanamu,4.6,3.59483,98.86297
Kualanamu,0,3.59483,98.86297
Kualanamu,0,3.59483,98.86297
Kualanamu,0,3.59483,98.86297
Kualanamu,0,3.59483,98.86297
Kualanamu,0,3.59483,98.86297
Kualanamu,0,3.59483,98.86297
Kualanamu,0,3.59483,98.86297
Kualanamu,4.6,3.59483,98.86297
Kualanamu,0,3.59483,98.86297
Kualanamu,2.5,3.59483,98.86297
Kualanamu,0,3.59483,98.86297
Kualanamu,1.4,3.59483,98.86297
Kualanamu,0,3.59483,98.86297
Kualanamu,0,3.59483,98.86297
Kualanamu,0,3.59483,98.86297
Kualanamu,0,3.59483,98.86297
Kualanamu,0,3.59483,98.86297
Kualanamu,0,3.59483,98.86297
Kualanamu,0,3.59483,98.86297
Kualanamu,0,3.59483,98.86297
Kualanamu,1,3.59483,98.86297
Kualanamu,1.9,3.59483,98.86297
Kualanamu,0,3.59483,98.86297
Kualanamu,0,3.59483,98.86297
Kualanamu,0,3.59483,98.86297
Kualanamu,1.5,3.59483,98.86297
Kualanamu,0,3.59483,98.86297
Kualanamu,0,3.59483,98.86297
Kualanamu,3.1,3.59483,98.86297
Kualanamu,0,3.59483,98.86297
Kualanamu,0,3.59483,98.86297
Kualanamu,0,3.59483,98.86297
Kualanamu,0,3.59483,98.86297
Kualanamu,0,3.59483,98.86297
Kualanamu,0,3.59483,98.86297
Kualanamu,0,3.59483,98.86297
Kualanamu,0,3.59483,98.86297
Kualanamu,0,3.59483,98.86297
Kualanamu,0,3.59483,98.86297
Kualanamu,0.5,3.59483,98.86297
Kualanamu,2.4,3.59483,98.86297
Kualanamu,0,3.59483,98.86297
Kualanamu,0,3.59483,98.86297
Kualanamu,0.1,3.59483,98.86297
Kualanamu,1.2,3.59483,98.86297
Kualanamu,0,3.59483,98.86297
Kualanamu,0,3.59483,98.86297
Kualanamu,0.5,3.59483,98.86297
Kualanamu,0,3.59483,98.86297
Kualanamu,43.4,3.59483,98.86297
Kualanamu,0.2,3.59483,98.86297
Kualanamu,0,3.59483,98.86297
Kualanamu,42.9,3.59483,98.86297
Kualanamu,0,3.59483,98.86297
Kualanamu,0,3.59483,98.86297
Kualanamu,0,3.59483,98.86297
Kualanamu,0,3.59483,98.86297
Kualanamu,0.5,3.59483,98.86297
Kualanamu,10.5,3.59483,98.86297
Kualanamu,0,3.59483,98.86297
Kualanamu,4.2,3.59483,98.86297
Kualanamu,1.7,3.59483,98.86297
Kualanamu,0.8,3.59483,98.86297
Kualanamu,0,3.59483,98.86297
Kualanamu,0,3.59483,98.86297
Kualanamu,0,3.59483,98.86297
Kualanamu,0,3.59483,98.86297
Kualanamu,39.8,3.59483,98.86297
Kualanamu,3.5,3.59483,98.86297
Kualanamu,0.2,3.59483,98.86297
Kualanamu,10.2,3.59483,98.86297
Kualanamu,0,3.59483,98.86297
Kualanamu,0,3.59483,98.86297
Kualanamu,0,3.59483,98.86297
Kualanamu,0,3.59483,98.86297
Kualanamu,10.5,3.59483,98.86297
Kualanamu,0,3.59483,98.86297
Kualanamu,13.3,3.59483,98.86297
Kualanamu,0,3.59483,98.86297
Kualanamu,0,3.59483,98.86297
Kualanamu,6.5,3.59483,98.86297
Kualanamu,0,3.59483,98.86297
Kualanamu,0,3.59483,98.86297
Kualanamu,11.3,3.59483,98.86297
Kualanamu,3.3,3.59483,98.86297
Kualanamu,0,3.59483,98.86297
Kualanamu,0,3.59483,98.86297
Kualanamu,0,3.59483,98.86297
Kualanamu,0,3.59483,98.86297
Kualanamu,0,3.59483,98.86297
Kualanamu,0,3.59483,98.86297
Kualanamu,0,3.59483,98.86297
Kualanamu,0,3.59483,98.86297
Kualanamu,9.2,3.59483,98.86297
Kualanamu,13,3.59483,98.86297
Kualanamu,0,3.59483,98.86297
Kualanamu,1.6,3.59483,98.86297
Kualanamu,0,3.59483,98.86297
Kualanamu,1.4,3.59483,98.86297
Kualanamu,3.6,3.59483,98.86297
Kualanamu,0,3.59483,98.86297
Kualanamu,0,3.59483,98.86297
Kualanamu,0,3.59483,98.86297
Kualanamu,0,3.59483,98.86297
Kualanamu,0,3.59483,98.86297
Kualanamu,64.5,3.59483,98.86297
Kualanamu,0.1,3.59483,98.86297
Kualanamu,2.2,3.59483,98.86297
Kualanamu,0,3.59483,98.86297
Kualanamu,0,3.59483,98.86297
Kualanamu,0,3.59483,98.86297
Kualanamu,0,3.59483,98.86297
Kualanamu,20.1,3.59483,98.86297
Kualanamu,42,3.59483,98.86297
Kualanamu,15.1,3.59483,98.86297
Kualanamu,0,3.59483,98.86297
Kualanamu,0.4,3.59483,98.86297
Kualanamu,0,3.59483,98.86297
Kualanamu,0,3.59483,98.86297
Kualanamu,31.3,3.59483,98.86297
Kualanamu,18.9,3.59483,98.86297
Kualanamu,0.2,3.59483,98.86297
Kualanamu,3.7,3.59483,98.86297
Kualanamu,0,3.59483,98.86297
Kualanamu,21.2,3.59483,98.86297
Kualanamu,0,3.59483,98.86297
Kualanamu,0,3.59483,98.86297
Kualanamu,0.9,3.59483,98.86297
Kualanamu,10.7,3.59483,98.86297
Kualanamu,0.5,3.59483,98.86297
Kualanamu,10,3.59483,98.86297
Kualanamu,1,3.59483,98.86297
Kualanamu,0.6,3.59483,98.86297
Kualanamu,72.3,3.59483,98.86297
Kualanamu,2.1,3.59483,98.86297
Kualanamu,55.2,3.59483,98.86297
Kualanamu,35.5,3.59483,98.86297
Kualanamu,3.1,3.59483,98.86297
Kualanamu,0,3.59483,98.86297
Kualanamu,3.8,3.59483,98.86297
Kualanamu,0,3.59483,98.86297
Kualanamu,0,3.59483,98.86297
Kualanamu,0.8,3.59483,98.86297
Kualanamu,0,3.59483,98.86297
Kualanamu,0.6,3.59483,98.86297
Kualanamu,6.6,3.59483,98.86297
Kualanamu,19.5,3.59483,98.86297
Kualanamu,19.5,3.59483,98.86297
Kualanamu,0,3.59483,98.86297
Kualanamu,0.1,3.59483,98.86297
Kualanamu,31.2,3.59483,98.86297
Kualanamu,0,3.59483,98.86297
Kualanamu,0,3.59483,98.86297
Kualanamu,68.7,3.59483,98.86297
Kualanamu,42.5,3.59483,98.86297
Kualanamu,0,3.59483,98.86297
Kualanamu,60.1,3.59483,98.86297
Kualanamu,0,3.59483,98.86297
Kualanamu,0,3.59483,98.86297
Kualanamu,91.5,3.59483,98.86297
Kualanamu,0.9,3.59483,98.86297
Kualanamu,0,3.59483,98.86297
Kualanamu,0,3.59483,98.86297
Kualanamu,0.7,3.59483,98.86297
Kualanamu,0,3.59483,98.86297
Kualanamu,4.5,3.59483,98.86297
Kualanamu,0.4,3.59483,98.86297
Kualanamu,1.3,3.59483,98.86297
Kualanamu,0,3.59483,98.86297
Kualanamu,0,3.59483,98.86297
Kualanamu,49,3.59483,98.86297
Kualanamu,0,3.59483,98.86297
Kualanamu,0,3.59483,98.86297
Kualanamu,0.1,3.59483,98.86297
Kualanamu,3.8,3.59483,98.86297
Kualanamu,0,3.59483,98.86297
Kualanamu,0.3,3.59483,98.86297
Kualanamu,0,3.59483,98.86297
Kualanamu,0,3.59483,98.86297
Kualanamu,0,3.59483,98.86297
Kualanamu,0,3.59483,98.86297
Kualanamu,0,3.59483,98.86297
Kualanamu,0,3.59483,98.86297
Kualanamu,0,3.59483,98.86297
Kualanamu,0,3.59483,98.86297
Kualanamu,0,3.59483,98.86297
Kualanamu,0,3.59483,98.86297
Kualanamu,34.5,3.59483,98.86297
Kualanamu,14.9,3.59483,98.86297
Kualanamu,0,3.59483,98.86297
Kualanamu,0.4,3.59483,98.86297
Kualanamu,0,3.59483,98.86297
Kualanamu,1,3.59483,98.86297
Kualanamu,88.5,3.59483,98.86297
Kualanamu,16.6,3.59483,98.86297
Kualanamu,6.1,3.59483,98.86297
Kualanamu,12.5,3.59483,98.86297
Kualanamu,0,3.59483,98.86297
Kualanamu,20.8,3.59483,98.86297
Kualanamu,81,3.59483,98.86297
Kualanamu,0,3.59483,98.86297
Kualanamu,6.6,3.59483,98.86297
Kualanamu,1.9,3.59483,98.86297
Kualanamu,0,3.59483,98.86297
Kualanamu,32.9,3.59483,98.86297
Kualanamu,12.7,3.59483,98.86297
Kualanamu,2.7,3.59483,98.86297
Kualanamu,40,3.59483,98.86297
Kualanamu,22,3.59483,98.86297
Kualanamu,0,3.59483,98.86297
Kualanamu,0.4,3.59483,98.86297
Kualanamu,3.6,3.59483,98.86297
Kualanamu,0,3.59483,98.86297
Kualanamu,1.5,3.59483,98.86297
Kualanamu,0.9,3.59483,98.86297
Kualanamu,0.7,3.59483,98.86297
Kualanamu,3.5,3.59483,98.86297
Kualanamu,23,3.59483,98.86297
Kualanamu,0,3.59483,98.86297
Kualanamu,10.1,3.59483,98.86297
Kualanamu,0,3.59483,98.86297
Kualanamu,0,3.59483,98.86297
Kualanamu,0,3.59483,98.86297
Kualanamu,2.2,3.59483,98.86297
Kualanamu,0,3.59483,98.86297
Kualanamu,5,3.59483,98.86297
Kualanamu,0,3.59483,98.86297
Kualanamu,74.4,3.59483,98.86297
Kualanamu,0,3.59483,98.86297
Kualanamu,1.6,3.59483,98.86297
Kualanamu,0,3.59483,98.86297
Kualanamu,0,3.59483,98.86297
Kualanamu,1.4,3.59483,98.86297
Kualanamu,33.8,3.59483,98.86297
Kualanamu,0,3.59483,98.86297
Kualanamu,40,3.59483,98.86297
Kualanamu,54.9,3.59483,98.86297
Kualanamu,2,3.59483,98.86297
Kualanamu,0,3.59483,98.86297
Kualanamu,35.2,3.59483,98.86297
Kualanamu,0,3.59483,98.86297
Kualanamu,0,3.59483,98.86297
Kualanamu,1.6,3.59483,98.86297
Kualanamu,8.1,3.59483,98.86297
Kualanamu,0,3.59483,98.86297
Kualanamu,0,3.59483,98.86297
Kualanamu,0,3.59483,98.86297
Kualanamu,18.1,3.59483,98.86297
Kualanamu,0,3.59483,98.86297
Kualanamu,0,3.59483,98.86297
Kualanamu,0,3.59483,98.86297
Kualanamu,0.8,3.59483,98.86297
Kualanamu,92,3.59483,98.86297
Kualanamu,0,3.59483,98.86297
Kualanamu,9.2,3.59483,98.86297
Kualanamu,28.8,3.59483,98.86297
Kualanamu,0,3.59483,98.86297
Kualanamu,8.5,3.59483,98.86297
Kualanamu,3.5,3.59483,98.86297
Kualanamu,29.8,3.59483,98.86297
Kualanamu,0,3.59483,98.86297
Kualanamu,0,3.59483,98.86297
Kualanamu,0,3.59483,98.86297
Kualanamu,0,3.59483,98.86297
Kualanamu,9.8,3.59483,98.86297
Kualanamu,0,3.59483,98.86297
Kualanamu,0,3.59483,98.86297
Kualanamu,0,3.59483,98.86297
Kualanamu,10.2,3.59483,98.86297
Kualanamu,0,3.59483,98.86297
Kualanamu,0,3.59483,98.86297
Kualanamu,3.4,3.59483,98.86297
Kualanamu,0,3.59483,98.86297
Kualanamu,0,3.59483,98.86297
Kualanamu,0,3.59483,98.86297
Kualanamu,0,3.59483,98.86297
Kualanamu,0,3.59483,98.86297
Kualanamu,0,3.59483,98.86297
Kualanamu,0,3.59483,98.86297
Kualanamu,0,3.59483,98.86297
Kualanamu,0,3.59483,98.86297
Kualanamu,4.5,3.59483,98.86297
Kualanamu,0,3.59483,98.86297
Kualanamu,0,3.59483,98.86297
Kualanamu,0.1,3.59483,98.86297
Kualanamu,5.8,3.59483,98.86297
Kualanamu,0,3.59483,98.86297
Kualanamu,0,3.59483,98.86297
Kualanamu,1,3.59483,98.86297
Kualanamu,0,3.59483,98.86297
Kualanamu,0,3.59483,98.86297
Kualanamu,0.1,3.59483,98.86297
Kualanamu,0,3.59483,98.86297
Kualanamu,0,3.59483,98.86297
Kualanamu,0.6,3.59483,98.86297
Kualanamu,71.3,3.59483,98.86297
Kualanamu,4,3.59483,98.86297
Kualanamu,0,3.59483,98.86297
Kualanamu,2.1,3.59483,98.86297
Kualanamu,8.1,3.59483,98.86297
Kualanamu,0,3.59483,98.86297
Kualanamu,0,3.59483,98.86297
Kualanamu,3.7,3.59483,98.86297
Kualanamu,2.5,3.59483,98.86297
Kualanamu,0,3.59483,98.86297
Kualanamu,0,3.59483,98.86297
Kualanamu,0,3.59483,98.86297
Kualanamu,0.2,3.59483,98.86297
Kualanamu,5,3.59483,98.86297
Kualanamu,3.2,3.59483,98.86297
Kualanamu,0,3.59483,98.86297
Kualanamu,0,3.59483,98.86297
Kualanamu,23.2,3.59483,98.86297
Kualanamu,0,3.59483,98.86297
Kualanamu,24.4,3.59483,98.86297
Kualanamu,28.9,3.59483,98.86297
Kualanamu,0,3.59483,98.86297
Kualanamu,14.4,3.59483,98.86297
Kualanamu,0,3.59483,98.86297
Kualanamu,0,3.59483,98.86297
Kualanamu,20.9,3.59483,98.86297
Kualanamu,0,3.59483,98.86297
Kualanamu,4.4,3.59483,98.86297
Kualanamu,1,3.59483,98.86297
Kualanamu,1.8,3.59483,98.86297
Kualanamu,0,3.59483,98.86297
Kualanamu,0,3.59483,98.86297
Kualanamu,0,3.59483,98.86297
Kualanamu,0,3.59483,98.86297
Kualanamu,15.6,3.59483,98.86297
Kualanamu,0,3.59483,98.86297
Kualanamu,7,3.59483,98.86297
Kualanamu,25.8,3.59483,98.86297
Kualanamu,0,3.59483,98.86297
Kualanamu,0,3.59483,98.86297
Kualanamu,13.8,3.59483,98.86297
Kualanamu,7.7,3.59483,98.86297
Kualanamu,9.5,3.59483,98.86297
Kualanamu,0,3.59483,98.86297
Kualanamu,0,3.59483,98.86297
Kualanamu,0,3.59483,98.86297
Kualanamu,0.6,3.59483,98.86297
Kualanamu,0,3.59483,98.86297
Kualanamu,30,3.59483,98.86297
Kualanamu,0,3.59483,98.86297
Kualanamu,4.2,3.59483,98.86297
Kualanamu,0,3.59483,98.86297
Kualanamu,1.2,3.59483,98.86297
Kualanamu,0,3.59483,98.86297
Kualanamu,11.2,3.59483,98.86297
Kualanamu,0,3.59483,98.86297
Kualanamu,0,3.59483,98.86297
Kualanamu,0.5,3.59483,98.86297
Kualanamu,0,3.59483,98.86297
Kualanamu,0.1,3.59483,98.86297
Kualanamu,0,3.59483,98.86297
Kualanamu,0,3.59483,98.86297
Kualanamu,4.5,3.59483,98.86297
Kualanamu,0,3.59483,98.86297
Kualanamu,0,3.59483,98.86297
Kualanamu,16,3.59483,98.86297
Kualanamu,0,3.59483,98.86297
Kualanamu,0,3.59483,98.86297
Kualanamu,0.1,3.59483,98.86297
Kualanamu,1.3,3.59483,98.86297
Kualanamu,0,3.59483,98.86297
Kualanamu,1.1,3.59483,98.86297
Kualanamu,0,3.59483,98.86297
Kualanamu,0.6,3.59483,98.86297
Kualanamu,1.3,3.59483,98.86297
Kualanamu,0,3.59483,98.86297
Kualanamu,0,3.59483,98.86297
Kualanamu,0,3.59483,98.86297
Kualanamu,0.2,3.59483,98.86297
Kualanamu,0,3.59483,98.86297
Kualanamu,0,3.59483,98.86297
Kualanamu,0,3.59483,98.86297
Kualanamu,0.6,3.59483,98.86297
Kualanamu,0,3.59483,98.86297
Kualanamu,0,3.59483,98.86297
Kualanamu,14.3,3.59483,98.86297
Kualanamu,0,3.59483,98.86297
Kualanamu,8.9,3.59483,98.86297
Kualanamu,0,3.59483,98.86297
Kualanamu,0,3.59483,98.86297
Kualanamu,0,3.59483,98.86297
Kualanamu,40.6,3.59483,98.86297
Kualanamu,2.2,3.59483,98.86297
Kualanamu,8.4,3.59483,98.86297
Kualanamu,8,3.59483,98.86297
Kualanamu,0,3.59483,98.86297
Kualanamu,0,3.59483,98.86297
Kualanamu,0,3.59483,98.86297
Kualanamu,0,3.59483,98.86297
Kualanamu,0,3.59483,98.86297
Kualanamu,0,3.59483,98.86297
Kualanamu,0,3.59483,98.86297
Kualanamu,0,3.59483,98.86297
Kualanamu,0,3.59483,98.86297
Kualanamu,42.5,3.59483,98.86297
Kualanamu,0.4,3.59483,98.86297
Kualanamu,0,3.59483,98.86297
Kualanamu,0,3.59483,98.86297
Kualanamu,0,3.59483,98.86297
Kualanamu,5.5,3.59483,98.86297
Kualanamu,1.5,3.59483,98.86297
Kualanamu,0.6,3.59483,98.86297
Kualanamu,0,3.59483,98.86297
Kualanamu,0,3.59483,98.86297
Kualanamu,13.1,3.59483,98.86297
Kualanamu,31,3.59483,98.86297
Kualanamu,0.4,3.59483,98.86297
Kualanamu,2.6,3.59483,98.86297
Kualanamu,0.3,3.59483,98.86297
Kualanamu,0.4,3.59483,98.86297
Kualanamu,23.3,3.59483,98.86297
Kualanamu,3.9,3.59483,98.86297
Kualanamu,0,3.59483,98.86297
Kualanamu,0,3.59483,98.86297
Kualanamu,7.8,3.59483,98.86297
Kualanamu,0,3.59483,98.86297
Kualanamu,2,3.59483,98.86297
Kualanamu,7.6,3.59483,98.86297
Kualanamu,132.5,3.59483,98.86297
Kualanamu,1,3.59483,98.86297
Kualanamu,0,3.59483,98.86297
Kualanamu,2.6,3.59483,98.86297
Kualanamu,0,3.59483,98.86297
Kualanamu,1,3.59483,98.86297
Kualanamu,0,3.59483,98.86297
Kualanamu,0,3.59483,98.86297
Kualanamu,0,3.59483,98.86297
Kualanamu,1,3.59483,98.86297
Kualanamu,0,3.59483,98.86297
Kualanamu,0,3.59483,98.86297
Kualanamu,121.2,3.59483,98.86297
Kualanamu,5.5,3.59483,98.86297
Kualanamu,0,3.59483,98.86297
Kualanamu,1.2,3.59483,98.86297
Kualanamu,0,3.59483,98.86297
Kualanamu,9.4,3.59483,98.86297
Kualanamu,1.5,3.59483,98.86297
Kualanamu,0,3.59483,98.86297
Kualanamu,2.5,3.59483,98.86297
Kualanamu,6.5,3.59483,98.86297
Kualanamu,0,3.59483,98.86297
Kualanamu,0,3.59483,98.86297
Kualanamu,0,3.59483,98.86297
Kualanamu,1.2,3.59483,98.86297
Kualanamu,0,3.59483,98.86297
Kualanamu,0,3.59483,98.86297
Kualanamu,0,3.59483,98.86297
Kualanamu,0,3.59483,98.86297
Kualanamu,6,3.59483,98.86297
Kualanamu,0,3.59483,98.86297
Kualanamu,2,3.59483,98.86297
Kualanamu,17,3.59483,98.86297
Kualanamu,0,3.59483,98.86297
Kualanamu,1.8,3.59483,98.86297
Kualanamu,12,3.59483,98.86297
Kualanamu,0,3.59483,98.86297
Kualanamu,0,3.59483,98.86297
Kualanamu,1.3,3.59483,98.86297
Kualanamu,13.5,3.59483,98.86297
Kualanamu,0,3.59483,98.86297
Kualanamu,76.3,3.59483,98.86297
Kualanamu,0.6,3.59483,98.86297
Kualanamu,0,3.59483,98.86297
Kualanamu,0,3.59483,98.86297
Kualanamu,0,3.59483,98.86297
Kualanamu,0,3.59483,98.86297
Kualanamu,0,3.59483,98.86297
Kualanamu,0,3.59483,98.86297
Kualanamu,20.8,3.59483,98.86297
Kualanamu,0,3.59483,98.86297
Kualanamu,3.2,3.59483,98.86297
Kualanamu,5.7,3.59483,98.86297
Kualanamu,0,3.59483,98.86297
Kualanamu,2,3.59483,98.86297
Kualanamu,2.5,3.59483,98.86297
Kualanamu,0.8,3.59483,98.86297
Kualanamu,0,3.59483,98.86297
Kualanamu,44,3.59483,98.86297
Kualanamu,17.3,3.59483,98.86297
Kualanamu,1.8,3.59483,98.86297
Kualanamu,0,3.59483,98.86297
Kualanamu,2,3.59483,98.86297
Kualanamu,3,3.59483,98.86297
Kualanamu,37.7,3.59483,98.86297
Kualanamu,1.9,3.59483,98.86297
Kualanamu,1.7,3.59483,98.86297
Kualanamu,0.1,3.59483,98.86297
Kualanamu,8.5,3.59483,98.86297
Kualanamu,0,3.59483,98.86297
Kualanamu,1.5,3.59483,98.86297
Kualanamu,1,3.59483,98.86297
Kualanamu,0,3.59483,98.86297
Kualanamu,0,3.59483,98.86297
Kualanamu,0.1,3.59483,98.86297
Kualanamu,0,3.59483,98.86297
Kualanamu,0,3.59483,98.86297
Kualanamu,5.7,3.59483,98.86297
Kualanamu,0,3.59483,98.86297
Kualanamu,0,3.59483,98.86297
Kualanamu,0,3.59483,98.86297
Kualanamu,0,3.59483,98.86297
Kualanamu,2.3,3.59483,98.86297
Kualanamu,10,3.59483,98.86297
Kualanamu,1,3.59483,98.86297
Kualanamu,0,3.59483,98.86297
Kualanamu,44.6,3.59483,98.86297
Kualanamu,5.6,3.59483,98.86297
Kualanamu,8,3.59483,98.86297
Kualanamu,0,3.59483,98.86297
Kualanamu,0,3.59483,98.86297
Kualanamu,0,3.59483,98.86297
Kualanamu,0,3.59483,98.86297
Kualanamu,31.5,3.59483,98.86297
Kualanamu,2.4,3.59483,98.86297
Kualanamu,0,3.59483,98.86297
Kualanamu,2.8,3.59483,98.86297
Kualanamu,1.5,3.59483,98.86297
Kualanamu,34.1,3.59483,98.86297
Kualanamu,0,3.59483,98.86297
Kualanamu,0.4,3.59483,98.86297
Kualanamu,0,3.59483,98.86297
Kualanamu,0,3.59483,98.86297
Kualanamu,0,3.59483,98.86297
Kualanamu,0.4,3.59483,98.86297
Kualanamu,0,3.59483,98.86297
Kualanamu,10.3,3.59483,98.86297
Kualanamu,12.3,3.59483,98.86297
Kualanamu,0.4,3.59483,98.86297
Kualanamu,72.6,3.59483,98.86297
Kualanamu,0,3.59483,98.86297
Kualanamu,15.7,3.59483,98.86297
Kualanamu,14.1,3.59483,98.86297
Kualanamu,15.8,3.59483,98.86297
Kualanamu,0.2,3.59483,98.86297
Kualanamu,0.1,3.59483,98.86297
Kualanamu,15.7,3.59483,98.86297
Kualanamu,0,3.59483,98.86297
Kualanamu,4.5,3.59483,98.86297
Kualanamu,0.8,3.59483,98.86297
Kualanamu,0.1,3.59483,98.86297
Kualanamu,52,3.59483,98.86297
Kualanamu,30.2,3.59483,98.86297
Kualanamu,8.4,3.59483,98.86297
Kualanamu,24,3.59483,98.86297
Kualanamu,0,3.59483,98.86297
Kualanamu,0,3.59483,98.86297
Kualanamu,10.3,3.59483,98.86297
Kualanamu,0,3.59483,98.86297
Kualanamu,1.7,3.59483,98.86297
Kualanamu,2,3.59483,98.86297
Kualanamu,2.6,3.59483,98.86297
Kualanamu,3.2,3.59483,98.86297
Kualanamu,6.2,3.59483,98.86297
Kualanamu,3.5,3.59483,98.86297
Kualanamu,2.2,3.59483,98.86297
Kualanamu,2,3.59483,98.86297
Kualanamu,0.8,3.59483,98.86297
Kualanamu,0,3.59483,98.86297
Kualanamu,0,3.59483,98.86297
Kualanamu,0,3.59483,98.86297
Kualanamu,56.1,3.59483,98.86297
Kualanamu,0,3.59483,98.86297
Kualanamu,0,3.59483,98.86297
Kualanamu,34.6,3.59483,98.86297
Kualanamu,0.1,3.59483,98.86297
Kualanamu,0,3.59483,98.86297
Kualanamu,0,3.59483,98.86297
Kualanamu,93.9,3.59483,98.86297
Kualanamu,0,3.59483,98.86297
Kualanamu,0.9,3.59483,98.86297
Kualanamu,0,3.59483,98.86297
Kualanamu,0,3.59483,98.86297
Kualanamu,15,3.59483,98.86297
Kualanamu,0.2,3.59483,98.86297
Kualanamu,23.7,3.59483,98.86297
Kualanamu,8.5,3.59483,98.86297
Kualanamu,0,3.59483,98.86297
Kualanamu,7.4,3.59483,98.86297
Kualanamu,1,3.59483,98.86297
Kualanamu,80.1,3.59483,98.86297
Kualanamu,15.7,3.59483,98.86297
Kualanamu,14.6,3.59483,98.86297
Kualanamu,4.8,3.59483,98.86297
Kualanamu,4.1,3.59483,98.86297
Kualanamu,3.2,3.59483,98.86297
Kualanamu,32.4,3.59483,98.86297
Kualanamu,7.6,3.59483,98.86297
Kualanamu,0.1,3.59483,98.86297
Kualanamu,65.3,3.59483,98.86297
Kualanamu,0,3.59483,98.86297
Kualanamu,5,3.59483,98.86297
Kualanamu,0,3.59483,98.86297
Kualanamu,5.3,3.59483,98.86297
Kualanamu,0,3.59483,98.86297
Kualanamu,0,3.59483,98.86297
Kualanamu,0,3.59483,98.86297
Kualanamu,0.4,3.59483,98.86297
Kualanamu,0,3.59483,98.86297
Kualanamu,30.6,3.59483,98.86297
Kualanamu,30.7,3.59483,98.86297
Kualanamu,4,3.59483,98.86297
Kualanamu,62.7,3.59483,98.86297
Kualanamu,35.8,3.59483,98.86297
Kualanamu,50.5,3.59483,98.86297
Kualanamu,6.6,3.59483,98.86297
Kualanamu,2.7,3.59483,98.86297
Kualanamu,0,3.59483,98.86297
Kualanamu,0,3.59483,98.86297
Kualanamu,2.4,3.59483,98.86297
Kualanamu,0.2,3.59483,98.86297
Kualanamu,4.3,3.59483,98.86297
Kualanamu,0,3.59483,98.86297
Kualanamu,3.7,3.59483,98.86297
Kualanamu,2.5,3.59483,98.86297
Kualanamu,28.1,3.59483,98.86297
Kualanamu,2.1,3.59483,98.86297
Kualanamu,0,3.59483,98.86297
Kualanamu,14.4,3.59483,98.86297
Kualanamu,67.3,3.59483,98.86297
Kualanamu,25.5,3.59483,98.86297
Kualanamu,0,3.59483,98.86297
Kualanamu,0,3.59483,98.86297
Kualanamu,0,3.59483,98.86297
Kualanamu,0,3.59483,98.86297
Kualanamu,0.2,3.59483,98.86297
Kualanamu,0,3.59483,98.86297
Kualanamu,31,3.59483,98.86297
Kualanamu,0,3.59483,98.86297
Kualanamu,3.1,3.59483,98.86297
Kualanamu,5.8,3.59483,98.86297
Kualanamu,0,3.59483,98.86297
Kualanamu,0,3.59483,98.86297
Kualanamu,0,3.59483,98.86297
Kualanamu,7.8,3.59483,98.86297
Kualanamu,5.3,3.59483,98.86297
Kualanamu,0,3.59483,98.86297
Kualanamu,5.2,3.59483,98.86297
Kualanamu,0,3.59483,98.86297
Kualanamu,7.6,3.59483,98.86297
Kualanamu,33.1,3.59483,98.86297
Kualanamu,0,3.59483,98.86297
Kualanamu,1,3.59483,98.86297
Kualanamu,0,3.59483,98.86297
Kualanamu,0,3.59483,98.86297
Kualanamu,0,3.59483,98.86297
Kualanamu,0.1,3.59483,98.86297
Kualanamu,3.3,3.59483,98.86297
Kualanamu,29.3,3.59483,98.86297
Kualanamu,0,3.59483,98.86297
Kualanamu,0,3.59483,98.86297
Kualanamu,0,3.59483,98.86297
Kualanamu,0,3.59483,98.86297
Kualanamu,0.6,3.59483,98.86297
Kualanamu,0,3.59483,98.86297
Kualanamu,0,3.59483,98.86297
Kualanamu,0.8,3.59483,98.86297
Kualanamu,0,3.59483,98.86297
Kualanamu,0,3.59483,98.86297
Kualanamu,0,3.59483,98.86297
Kualanamu,4,3.59483,98.86297
Kualanamu,0,3.59483,98.86297
Kualanamu,9.2,3.59483,98.86297
Kualanamu,0,3.59483,98.86297
Kualanamu,0.6,3.59483,98.86297
Kualanamu,0,3.59483,98.86297
Kualanamu,1.4,3.59483,98.86297
Kualanamu,0,3.59483,98.86297
Kualanamu,0,3.59483,98.86297
Kualanamu,0,3.59483,98.86297
Kualanamu,0.8,3.59483,98.86297
Kualanamu,0,3.59483,98.86297
Kualanamu,0,3.59483,98.86297
Kualanamu,0,3.59483,98.86297
Kualanamu,0,3.59483,98.86297
Kualanamu,0,3.59483,98.86297
Kualanamu,2.3,3.59483,98.86297
Kualanamu,0,3.59483,98.86297
Kualanamu,0.6,3.59483,98.86297
Kualanamu,1,3.59483,98.86297
Kualanamu,0,3.59483,98.86297
Kualanamu,0,3.59483,98.86297
Kualanamu,0,3.59483,98.86297
Kualanamu,3,3.59483,98.86297
Kualanamu,0,3.59483,98.86297
Kualanamu,3.8,3.59483,98.86297
Kualanamu,1.4,3.59483,98.86297
Kualanamu,0,3.59483,98.86297
Kualanamu,0,3.59483,98.86297
Kualanamu,0,3.59483,98.86297
Kualanamu,0,3.59483,98.86297
Kualanamu,0.5,3.59483,98.86297
Kualanamu,0,3.59483,98.86297
Kualanamu,24.6,3.59483,98.86297
Kualanamu,24.2,3.59483,98.86297
Kualanamu,0,3.59483,98.86297
Kualanamu,17.2,3.59483,98.86297
Kualanamu,0,3.59483,98.86297
Kualanamu,0,3.59483,98.86297
Kualanamu,0,3.59483,98.86297
Kualanamu,33,3.59483,98.86297
Kualanamu,0,3.59483,98.86297
Kualanamu,0,3.59483,98.86297
Kualanamu,0,3.59483,98.86297
Kualanamu,0,3.59483,98.86297
Kualanamu,26.5,3.59483,98.86297
Kualanamu,0,3.59483,98.86297
Kualanamu,2.7,3.59483,98.86297
Kualanamu,0,3.59483,98.86297
Kualanamu,0,3.59483,98.86297
Kualanamu,1.4,3.59483,98.86297
Kualanamu,0,3.59483,98.86297
Kualanamu,0.4,3.59483,98.86297
Kualanamu,1.5,3.59483,98.86297
Kualanamu,8.9,3.59483,98.86297
Kualanamu,0,3.59483,98.86297
Kualanamu,0.1,3.59483,98.86297
Kualanamu,0,3.59483,98.86297
Kualanamu,4.5,3.59483,98.86297
Kualanamu,0,3.59483,98.86297
Kualanamu,2.2,3.59483,98.86297
Kualanamu,0,3.59483,98.86297
Kualanamu,0,3.59483,98.86297
Kualanamu,0.5,3.59483,98.86297
Kualanamu,8.7,3.59483,98.86297
Kualanamu,0.5,3.59483,98.86297
Kualanamu,0,3.59483,98.86297
Kualanamu,0,3.59483,98.86297
Kualanamu,0,3.59483,98.86297
Kualanamu,0,3.59483,98.86297
Kualanamu,0,3.59483,98.86297
Kualanamu,0,3.59483,98.86297
Kualanamu,0,3.59483,98.86297
Kualanamu,0,3.59483,98.86297
Kualanamu,0,3.59483,98.86297
Kualanamu,0,3.59483,98.86297
Kualanamu,0,3.59483,98.86297
Kualanamu,0,3.59483,98.86297
Kualanamu,6,3.59483,98.86297
Kualanamu,0,3.59483,98.86297
Kualanamu,2.3,3.59483,98.86297
Kualanamu,24.5,3.59483,98.86297
Kualanamu,0.8,3.59483,98.86297
Kualanamu,48.5,3.59483,98.86297
Kualanamu,27.1,3.59483,98.86297
Kualanamu,0,3.59483,98.86297
Kualanamu,0,3.59483,98.86297
Kualanamu,0,3.59483,98.86297
Kualanamu,0,3.59483,98.86297
Kualanamu,0,3.59483,98.86297
Kualanamu,0,3.59483,98.86297
Kualanamu,0,3.59483,98.86297
Kualanamu,0,3.59483,98.86297
Kualanamu,1.4,3.59483,98.86297
Kualanamu,46,3.59483,98.86297
Kualanamu,0,3.59483,98.86297
Kualanamu,0,3.59483,98.86297
Kualanamu,0,3.59483,98.86297
Kualanamu,0,3.59483,98.86297
Kualanamu,2.4,3.59483,98.86297
Kualanamu,1.5,3.59483,98.86297
Kualanamu,2.4,3.59483,98.86297
Kualanamu,0,3.59483,98.86297
Kualanamu,0,3.59483,98.86297
Kualanamu,0,3.59483,98.86297
Kualanamu,0,3.59483,98.86297
Kualanamu,0,3.59483,98.86297
Kualanamu,0,3.59483,98.86297
Kualanamu,0,3.59483,98.86297
Kualanamu,0,3.59483,98.86297
Kualanamu,55.8,3.59483,98.86297
Kualanamu,0,3.59483,98.86297
Kualanamu,0,3.59483,98.86297
Kualanamu,0.6,3.59483,98.86297
Kualanamu,0,3.59483,98.86297
Kualanamu,0.4,3.59483,98.86297
Kualanamu,9.5,3.59483,98.86297
Kualanamu,0,3.59483,98.86297
Kualanamu,0,3.59483,98.86297
Kualanamu,2.2,3.59483,98.86297
Kualanamu,0,3.59483,98.86297
Kualanamu,0,3.59483,98.86297
Kualanamu,0,3.59483,98.86297
Kualanamu,0,3.59483,98.86297
Kualanamu,0,3.59483,98.86297
Kualanamu,4.8,3.59483,98.86297
Kualanamu,0,3.59483,98.86297
Kualanamu,5.8,3.59483,98.86297
Kualanamu,0,3.59483,98.86297
Kualanamu,0,3.59483,98.86297
Kualanamu,0,3.59483,98.86297
Kualanamu,0,3.59483,98.86297
Kualanamu,0,3.59483,98.86297
Kualanamu,0,3.59483,98.86297
Kualanamu,0.5,3.59483,98.86297
Kualanamu,0,3.59483,98.86297
Kualanamu,0,3.59483,98.86297
Kualanamu,0,3.59483,98.86297
Kualanamu,0.4,3.59483,98.86297
Kualanamu,0,3.59483,98.86297
Kualanamu,1.1,3.59483,98.86297
Kualanamu,0,3.59483,98.86297
Kualanamu,0,3.59483,98.86297
Kualanamu,3,3.59483,98.86297
Kualanamu,0,3.59483,98.86297
Kualanamu,0,3.59483,98.86297
Kualanamu,0,3.59483,98.86297
Kualanamu,0,3.59483,98.86297
Kualanamu,0,3.59483,98.86297
Kualanamu,0,3.59483,98.86297
Kualanamu,0,3.59483,98.86297
Kualanamu,4.4,3.59483,98.86297
Kualanamu,0,3.59483,98.86297
Kualanamu,4,3.59483,98.86297
Kualanamu,2.5,3.59483,98.86297
Kualanamu,0,3.59483,98.86297
Kualanamu,0,3.59483,98.86297
Kualanamu,0.5,3.59483,98.86297
Kualanamu,0,3.59483,98.86297
Kualanamu,0.2,3.59483,98.86297
Kualanamu,0,3.59483,98.86297
Kualanamu,18.4,3.59483,98.86297
Kualanamu,0,3.59483,98.86297
Kualanamu,10.4,3.59483,98.86297
Kualanamu,1.4,3.59483,98.86297
Kualanamu,0,3.59483,98.86297
Kualanamu,4.6,3.59483,98.86297
Kualanamu,0,3.59483,98.86297
Kualanamu,16.2,3.59483,98.86297
Kualanamu,38.2,3.59483,98.86297
Kualanamu,0,3.59483,98.86297
Kualanamu,0,3.59483,98.86297
Kualanamu,3,3.59483,98.86297
Kualanamu,0,3.59483,98.86297
Kualanamu,37.8,3.59483,98.86297
Kualanamu,0,3.59483,98.86297
Kualanamu,0,3.59483,98.86297
Kualanamu,10.2,3.59483,98.86297
Kualanamu,2.8,3.59483,98.86297
Kualanamu,0,3.59483,98.86297
Kualanamu,0.2,3.59483,98.86297
Kualanamu,1,3.59483,98.86297
Kualanamu,0,3.59483,98.86297
Kualanamu,2.7,3.59483,98.86297
Kualanamu,1.3,3.59483,98.86297
Kualanamu,0.4,3.59483,98.86297
Kualanamu,0,3.59483,98.86297
Kualanamu,0.8,3.59483,98.86297
Kualanamu,26.3,3.59483,98.86297
Kualanamu,3.7,3.59483,98.86297
Kualanamu,0,3.59483,98.86297
Kualanamu,45.5,3.59483,98.86297
Kualanamu,0,3.59483,98.86297
Kualanamu,0.1,3.59483,98.86297
Kualanamu,1.7,3.59483,98.86297
Kualanamu,1.2,3.59483,98.86297
Kualanamu,0,3.59483,98.86297
Kualanamu,0,3.59483,98.86297
Kualanamu,0,3.59483,98.86297
Kualanamu,2.3,3.59483,98.86297
Kualanamu,0,3.59483,98.86297
Kualanamu,1.6,3.59483,98.86297
Kualanamu,18.2,3.59483,98.86297
Kualanamu,1.5,3.59483,98.86297
Kualanamu,39.7,3.59483,98.86297
Kualanamu,0,3.59483,98.86297
Kualanamu,0.5,3.59483,98.86297
Kualanamu,0.5,3.59483,98.86297
Kualanamu,0,3.59483,98.86297
Kualanamu,0,3.59483,98.86297
Kualanamu,0,3.59483,98.86297
Kualanamu,1.7,3.59483,98.86297
Kualanamu,2.7,3.59483,98.86297
Kualanamu,8.6,3.59483,98.86297
Kualanamu,8.2,3.59483,98.86297
Kualanamu,0,3.59483,98.86297
Kualanamu,0,3.59483,98.86297
Kualanamu,1,3.59483,98.86297
Kualanamu,0,3.59483,98.86297
Kualanamu,0,3.59483,98.86297
Kualanamu,2.2,3.59483,98.86297
Kualanamu,9.8,3.59483,98.86297
Kualanamu,0,3.59483,98.86297
Kualanamu,0,3.59483,98.86297
Kualanamu,0,3.59483,98.86297
Kualanamu,0.5,3.59483,98.86297
Kualanamu,0,3.59483,98.86297
Kualanamu,4.7,3.59483,98.86297
Kualanamu,0,3.59483,98.86297
Kualanamu,1.8,3.59483,98.86297
Kualanamu,0,3.59483,98.86297
Kualanamu,23.4,3.59483,98.86297
Kualanamu,0,3.59483,98.86297
Kualanamu,45,3.59483,98.86297
Kualanamu,0,3.59483,98.86297
Kualanamu,0,3.59483,98.86297
Kualanamu,1.6,3.59483,98.86297
Kualanamu,2.8,3.59483,98.86297
Kualanamu,8.3,3.59483,98.86297
Kualanamu,5.2,3.59483,98.86297
Kualanamu,3.5,3.59483,98.86297
Kualanamu,0,3.59483,98.86297
Kualanamu,0.2,3.59483,98.86297
Kualanamu,0,3.59483,98.86297
Kualanamu,0,3.59483,98.86297
Kualanamu,0,3.59483,98.86297
Kualanamu,2,3.59483,98.86297
Kualanamu,50.2,3.59483,98.86297
Kualanamu,0.6,3.59483,98.86297
Kualanamu,1.6,3.59483,98.86297
Kualanamu,2.8,3.59483,98.86297
Kualanamu,10.4,3.59483,98.86297
Kualanamu,129.3,3.59483,98.86297
Kualanamu,6.1,3.59483,98.86297
Kualanamu,2.4,3.59483,98.86297
Kualanamu,0.5,3.59483,98.86297
Kualanamu,1,3.59483,98.86297
Kualanamu,0.3,3.59483,98.86297
Kualanamu,0,3.59483,98.86297
Kualanamu,0,3.59483,98.86297
Kualanamu,5,3.59483,98.86297
Kualanamu,3.5,3.59483,98.86297
Kualanamu,3,3.59483,98.86297
Kualanamu,4.5,3.59483,98.86297
Kualanamu,1.5,3.59483,98.86297
Kualanamu,15.2,3.59483,98.86297
Kualanamu,0,3.59483,98.86297
Kualanamu,26.7,3.59483,98.86297
Kualanamu,4.3,3.59483,98.86297
Kualanamu,0,3.59483,98.86297
Kualanamu,22.4,3.59483,98.86297
Kualanamu,5.3,3.59483,98.86297
Kualanamu,1.9,3.59483,98.86297
Kualanamu,0.1,3.59483,98.86297
Kualanamu,0,3.59483,98.86297
Kualanamu,0.2,3.59483,98.86297
Kualanamu,5.6,3.59483,98.86297
Kualanamu,0,3.59483,98.86297
Kualanamu,59.9,3.59483,98.86297
Kualanamu,83.6,3.59483,98.86297
Kualanamu,0,3.59483,98.86297
Kualanamu,0.2,3.59483,98.86297
Kualanamu,6,3.59483,98.86297
Kualanamu,25.7,3.59483,98.86297
Kualanamu,0,3.59483,98.86297
Kualanamu,0,3.59483,98.86297
Kualanamu,3.4,3.59483,98.86297
Kualanamu,38,3.59483,98.86297
Kualanamu,0,3.59483,98.86297
Kualanamu,3,3.59483,98.86297
Kualanamu,0.2,3.59483,98.86297
Kualanamu,1.4,3.59483,98.86297
Kualanamu,0.8,3.59483,98.86297
Kualanamu,8.2,3.59483,98.86297
Kualanamu,13,3.59483,98.86297
Kualanamu,0,3.59483,98.86297
Kualanamu,0,3.59483,98.86297
Kualanamu,0,3.59483,98.86297
Kualanamu,7.2,3.59483,98.86297
Kualanamu,6.6,3.59483,98.86297
Kualanamu,28.1,3.59483,98.86297
Kualanamu,0,3.59483,98.86297
Kualanamu,0,3.59483,98.86297
Kualanamu,23.6,3.59483,98.86297
Kualanamu,0.2,3.59483,98.86297
Kualanamu,0,3.59483,98.86297
Kualanamu,41.9,3.59483,98.86297
Kualanamu,22.8,3.59483,98.86297
Kualanamu,4.3,3.59483,98.86297
Kualanamu,0,3.59483,98.86297
Kualanamu,30.6,3.59483,98.86297
Kualanamu,5,3.59483,98.86297
Kualanamu,0,3.59483,98.86297
Kualanamu,22.6,3.59483,98.86297
Kualanamu,0,3.59483,98.86297
Kualanamu,0,3.59483,98.86297
Kualanamu,11,3.59483,98.86297
Kualanamu,5.6,3.59483,98.86297
Kualanamu,38.1,3.59483,98.86297
Kualanamu,24.2,3.59483,98.86297
Kualanamu,0,3.59483,98.86297
Kualanamu,0,3.59483,98.86297
Kualanamu,0.4,3.59483,98.86297
Kualanamu,51.5,3.59483,98.86297
Kualanamu,0,3.59483,98.86297
Kualanamu,5.3,3.59483,98.86297
Kualanamu,0,3.59483,98.86297
Kualanamu,0,3.59483,98.86297
Kualanamu,0,3.59483,98.86297
Kualanamu,0.1,3.59483,98.86297
Kualanamu,0,3.59483,98.86297
Kualanamu,0,3.59483,98.86297
Kualanamu,0,3.59483,98.86297
Kualanamu,0,3.59483,98.86297
Kualanamu,0,3.59483,98.86297
Kualanamu,0,3.59483,98.86297
Kualanamu,14.5,3.59483,98.86297
Kualanamu,23.2,3.59483,98.86297
Kualanamu,31.6,3.59483,98.86297
Kualanamu,34.5,3.59483,98.86297
Kualanamu,0,3.59483,98.86297
Kualanamu,5.9,3.59483,98.86297
Kualanamu,8.7,3.59483,98.86297
Kualanamu,10.6,3.59483,98.86297
Kualanamu,47.5,3.59483,98.86297
Kualanamu,1.6,3.59483,98.86297
Kualanamu,0,3.59483,98.86297
Kualanamu,0,3.59483,98.86297
Kualanamu,0,3.59483,98.86297
Kualanamu,0,3.59483,98.86297
Kualanamu,0,3.59483,98.86297
Kualanamu,0,3.59483,98.86297
Kualanamu,0,3.59483,98.86297
Kualanamu,1,3.59483,98.86297
Kualanamu,0,3.59483,98.86297
Kualanamu,0,3.59483,98.86297
Kualanamu,0,3.59483,98.86297
Kualanamu,0,3.59483,98.86297
Kualanamu,0,3.59483,98.86297
Kualanamu,0,3.59483,98.86297
Kualanamu,0,3.59483,98.86297
Kualanamu,0,3.59483,98.86297
Kualanamu,0,3.59483,98.86297
Kualanamu,0,3.59483,98.86297
Kualanamu,0,3.59483,98.86297
Kualanamu,0,3.59483,98.86297
Kualanamu,0,3.59483,98.86297
Kualanamu,0,3.59483,98.86297
Kualanamu,0,3.59483,98.86297
Kualanamu,0,3.59483,98.86297
Kualanamu,0,3.59483,98.86297
Kualanamu,0.8,3.59483,98.86297
Kualanamu,0,3.59483,98.86297
Kualanamu,79,3.59483,98.86297
Kualanamu,0,3.59483,98.86297
Kualanamu,0,3.59483,98.86297
Kualanamu,0,3.59483,98.86297
Kualanamu,0,3.59483,98.86297
Kualanamu,9.5,3.59483,98.86297
Kualanamu,0,3.59483,98.86297
Kualanamu,0,3.59483,98.86297
Kualanamu,0,3.59483,98.86297
Kualanamu,0,3.59483,98.86297
Kualanamu,0,3.59483,98.86297
Kualanamu,0,3.59483,98.86297
Kualanamu,0.8,3.59483,98.86297
Kualanamu,0,3.59483,98.86297
Kualanamu,0,3.59483,98.86297
Kualanamu,0,3.59483,98.86297
Kualanamu,0,3.59483,98.86297
Kualanamu,0,3.59483,98.86297
Kualanamu,0,3.59483,98.86297
Kualanamu,11,3.59483,98.86297
Kualanamu,0,3.59483,98.86297
Kualanamu,0,3.59483,98.86297
Kualanamu,0,3.59483,98.86297
Kualanamu,0,3.59483,98.86297
Kualanamu,0,3.59483,98.86297
Kualanamu,0,3.59483,98.86297
Kualanamu,0,3.59483,98.86297
Kualanamu,0,3.59483,98.86297
Kualanamu,0,3.59483,98.86297
Kualanamu,0.2,3.59483,98.86297
Kualanamu,0,3.59483,98.86297
Kualanamu,0,3.59483,98.86297
Kualanamu,0,3.59483,98.86297
Kualanamu,0,3.59483,98.86297
Kualanamu,1.2,3.59483,98.86297
Kualanamu,2,3.59483,98.86297
Kualanamu,0,3.59483,98.86297
Kualanamu,0,3.59483,98.86297
Kualanamu,0,3.59483,98.86297
Kualanamu,0,3.59483,98.86297
Kualanamu,0,3.59483,98.86297
Kualanamu,0,3.59483,98.86297
Kualanamu,0,3.59483,98.86297
Kualanamu,1.4,3.59483,98.86297
Kualanamu,0,3.59483,98.86297
Kualanamu,11.2,3.59483,98.86297
Kualanamu,0,3.59483,98.86297
Kualanamu,0,3.59483,98.86297
Kualanamu,0,3.59483,98.86297
Kualanamu,0,3.59483,98.86297
Kualanamu,0,3.59483,98.86297
Kualanamu,0,3.59483,98.86297
Kualanamu,3.6,3.59483,98.86297
Kualanamu,0,3.59483,98.86297
Kualanamu,0,3.59483,98.86297
Kualanamu,0,3.59483,98.86297
Kualanamu,0,3.59483,98.86297
Kualanamu,0,3.59483,98.86297
Kualanamu,8.4,3.59483,98.86297
Kualanamu,0,3.59483,98.86297
Kualanamu,0,3.59483,98.86297
Kualanamu,0,3.59483,98.86297
Kualanamu,0,3.59483,98.86297
Kualanamu,0,3.59483,98.86297
Kualanamu,0,3.59483,98.86297
Kualanamu,0,3.59483,98.86297
Kualanamu,2.5,3.59483,98.86297
Kualanamu,0,3.59483,98.86297
Kualanamu,0,3.59483,98.86297
Kualanamu,0,3.59483,98.86297
Kualanamu,0,3.59483,98.86297
Kualanamu,0,3.59483,98.86297
Kualanamu,0,3.59483,98.86297
Kualanamu,0,3.59483,98.86297
Kualanamu,0,3.59483,98.86297
Kualanamu,0,3.59483,98.86297
Kualanamu,0,3.59483,98.86297
Kualanamu,0,3.59483,98.86297
Kualanamu,3,3.59483,98.86297
Kualanamu,0,3.59483,98.86297
Kualanamu,59,3.59483,98.86297
Kualanamu,1,3.59483,98.86297
Kualanamu,0,3.59483,98.86297
Kualanamu,0,3.59483,98.86297
Kualanamu,7.4,3.59483,98.86297
Kualanamu,0,3.59483,98.86297
Kualanamu,0,3.59483,98.86297
Kualanamu,0,3.59483,98.86297
Kualanamu,0,3.59483,98.86297
Kualanamu,0,3.59483,98.86297
Kualanamu,0,3.59483,98.86297
Kualanamu,0,3.59483,98.86297
Kualanamu,0,3.59483,98.86297
Kualanamu,0,3.59483,98.86297
Kualanamu,0.5,3.59483,98.86297
Kualanamu,0,3.59483,98.86297
Kualanamu,1,3.59483,98.86297
Kualanamu,0,3.59483,98.86297
Kualanamu,0,3.59483,98.86297
Kualanamu,60.3,3.59483,98.86297
Kualanamu,0,3.59483,98.86297
Kualanamu,0,3.59483,98.86297
Kualanamu,0,3.59483,98.86297
Kualanamu,14,3.59483,98.86297
Kualanamu,2.3,3.59483,98.86297
Kualanamu,0,3.59483,98.86297
Kualanamu,74.6,3.59483,98.86297
Kualanamu,0.5,3.59483,98.86297
Kualanamu,1.3,3.59483,98.86297
Kualanamu,12.8,3.59483,98.86297
Kualanamu,52.3,3.59483,98.86297
Kualanamu,0,3.59483,98.86297
Kualanamu,29.6,3.59483,98.86297
Kualanamu,0,3.59483,98.86297
Kualanamu,0,3.59483,98.86297
Kualanamu,5.5,3.59483,98.86297
Kualanamu,0.4,3.59483,98.86297
Kualanamu,0,3.59483,98.86297
Kualanamu,1.7,3.59483,98.86297
Kualanamu,8.1,3.59483,98.86297
Kualanamu,54.2,3.59483,98.86297
Kualanamu,2.4,3.59483,98.86297
Kualanamu,13.1,3.59483,98.86297
Kualanamu,0,3.59483,98.86297
Kualanamu,0,3.59483,98.86297
Kualanamu,0,3.59483,98.86297
Kualanamu,0,3.59483,98.86297
Kualanamu,2.4,3.59483,98.86297
Kualanamu,8.2,3.59483,98.86297
Kualanamu,0,3.59483,98.86297
Kualanamu,0.3,3.59483,98.86297
Kualanamu,0,3.59483,98.86297
Kualanamu,0,3.59483,98.86297
Kualanamu,0.7,3.59483,98.86297
Kualanamu,2.8,3.59483,98.86297
Kualanamu,0,3.59483,98.86297
Kualanamu,0,3.59483,98.86297
Kualanamu,0,3.59483,98.86297
Kualanamu,0,3.59483,98.86297
Kualanamu,19.6,3.59483,98.86297
Kualanamu,0,3.59483,98.86297
Kualanamu,0,3.59483,98.86297
Kualanamu,0,3.59483,98.86297
Kualanamu,0,3.59483,98.86297
Kualanamu,0,3.59483,98.86297
Kualanamu,1,3.59483,98.86297
Kualanamu,0.6,3.59483,98.86297
Kualanamu,0,3.59483,98.86297
Kualanamu,7.4,3.59483,98.86297
Kualanamu,0,3.59483,98.86297
Kualanamu,0,3.59483,98.86297
Kualanamu,0.4,3.59483,98.86297
Kualanamu,0,3.59483,98.86297
Kualanamu,0,3.59483,98.86297
Kualanamu,0,3.59483,98.86297
Kualanamu,0,3.59483,98.86297
Kualanamu,0,3.59483,98.86297
Kualanamu,0,3.59483,98.86297
Kualanamu,1.6,3.59483,98.86297
Kualanamu,0,3.59483,98.86297
Kualanamu,0,3.59483,98.86297
Kualanamu,0,3.59483,98.86297
Kualanamu,0,3.59483,98.86297
Kualanamu,10.3,3.59483,98.86297
Kualanamu,0,3.59483,98.86297
Kualanamu,0,3.59483,98.86297
Kualanamu,0.4,3.59483,98.86297
Kualanamu,0,3.59483,98.86297
Kualanamu,0,3.59483,98.86297
Kualanamu,0,3.59483,98.86297
Kualanamu,0,3.59483,98.86297
Kualanamu,4.8,3.59483,98.86297
Kualanamu,6.4,3.59483,98.86297
Kualanamu,0,3.59483,98.86297
Kualanamu,1.1,3.59483,98.86297
Kualanamu,0,3.59483,98.86297
Kualanamu,0,3.59483,98.86297
Kualanamu,60,3.59483,98.86297
Kualanamu,0,3.59483,98.86297
Kualanamu,0,3.59483,98.86297
Kualanamu,0,3.59483,98.86297
Kualanamu,9.3,3.59483,98.86297
Kualanamu,60.1,3.59483,98.86297
Kualanamu,0.2,3.59483,98.86297
Kualanamu,0,3.59483,98.86297
Kualanamu,33.9,3.59483,98.86297
Kualanamu,0.4,3.59483,98.86297
Kualanamu,0,3.59483,98.86297
Kualanamu,0.8,3.59483,98.86297
Kualanamu,6.7,3.59483,98.86297
Kualanamu,0.4,3.59483,98.86297
Kualanamu,0,3.59483,98.86297
Kualanamu,3.6,3.59483,98.86297
Kualanamu,0.8,3.59483,98.86297
Kualanamu,16.3,3.59483,98.86297
Kualanamu,45,3.59483,98.86297
Kualanamu,0,3.59483,98.86297
Kualanamu,0,3.59483,98.86297
Kualanamu,20.8,3.59483,98.86297
Kualanamu,10.3,3.59483,98.86297
Kualanamu,48.5,3.59483,98.86297
Kualanamu,0,3.59483,98.86297
Kualanamu,65.8,3.59483,98.86297
Kualanamu,5.5,3.59483,98.86297
Kualanamu,29.9,3.59483,98.86297
Kualanamu,1.2,3.59483,98.86297
Kualanamu,0.9,3.59483,98.86297
Kualanamu,0,3.59483,98.86297
Kualanamu,1,3.59483,98.86297
Kualanamu,0,3.59483,98.86297
Kualanamu,9.4,3.59483,98.86297
Kualanamu,0,3.59483,98.86297
Kualanamu,0,3.59483,98.86297
Kualanamu,0,3.59483,98.86297
Kualanamu,0,3.59483,98.86297
Kualanamu,9.4,3.59483,98.86297
Kualanamu,0,3.59483,98.86297
Kualanamu,0,3.59483,98.86297
Kualanamu,0,3.59483,98.86297
Kualanamu,0.1,3.59483,98.86297
Kualanamu,1,3.59483,98.86297
Kualanamu,17,3.59483,98.86297
Kualanamu,1.6,3.59483,98.86297
Kualanamu,0.6,3.59483,98.86297
Kualanamu,1.8,3.59483,98.86297
Kualanamu,0,3.59483,98.86297
Kualanamu,1.6,3.59483,98.86297
Kualanamu,0.4,3.59483,98.86297
Kualanamu,25.5,3.59483,98.86297
Kualanamu,0.8,3.59483,98.86297
Kualanamu,2.6,3.59483,98.86297
Kualanamu,0.2,3.59483,98.86297
Kualanamu,1.8,3.59483,98.86297
Kualanamu,60.9,3.59483,98.86297
Kualanamu,12.2,3.59483,98.86297
Kualanamu,5,3.59483,98.86297
Kualanamu,6.4,3.59483,98.86297
Kualanamu,7.4,3.59483,98.86297
Kualanamu,0,3.59483,98.86297
Kualanamu,0.6,3.59483,98.86297
Kualanamu,0,3.59483,98.86297
Kualanamu,0,3.59483,98.86297
Kualanamu,32.4,3.59483,98.86297
Kualanamu,5.4,3.59483,98.86297
Kualanamu,0,3.59483,98.86297
Kualanamu,8.9,3.59483,98.86297
Kualanamu,27,3.59483,98.86297
Kualanamu,0,3.59483,98.86297
Kualanamu,0.6,3.59483,98.86297
Kualanamu,6,3.59483,98.86297
Kualanamu,0,3.59483,98.86297
Kualanamu,0,3.59483,98.86297
Kualanamu,5.6,3.59483,98.86297
Kualanamu,0,3.59483,98.86297
Kualanamu,0,3.59483,98.86297
Kualanamu,0,3.59483,98.86297
Kualanamu,37.6,3.59483,98.86297
Kualanamu,25.8,3.59483,98.86297
Kualanamu,11.1,3.59483,98.86297
Kualanamu,0,3.59483,98.86297
Kualanamu,0,3.59483,98.86297
Kualanamu,3.8,3.59483,98.86297
Kualanamu,0,3.59483,98.86297
Kualanamu,2.2,3.59483,98.86297
Kualanamu,6,3.59483,98.86297
Kualanamu,18.4,3.59483,98.86297
Kualanamu,6.6,3.59483,98.86297
Kualanamu,33.6,3.59483,98.86297
Kualanamu,4,3.59483,98.86297
Kualanamu,0,3.59483,98.86297
Kualanamu,0,3.59483,98.86297
Kualanamu,12.6,3.59483,98.86297
Kualanamu,12.6,3.59483,98.86297
Kualanamu,31.7,3.59483,98.86297
Kualanamu,0,3.59483,98.86297
Kualanamu,0,3.59483,98.86297
Kualanamu,5.8,3.59483,98.86297
Kualanamu,16.6,3.59483,98.86297
Kualanamu,0,3.59483,98.86297
Kualanamu,0.5,3.59483,98.86297
Kualanamu,18,3.59483,98.86297
Kualanamu,41.6,3.59483,98.86297
Kualanamu,15.8,3.59483,98.86297
Kualanamu,0,3.59483,98.86297
Kualanamu,10.9,3.59483,98.86297
Kualanamu,0.2,3.59483,98.86297
Kualanamu,0,3.59483,98.86297
Kualanamu,1.7,3.59483,98.86297
Kualanamu,0,3.59483,98.86297
Kualanamu,4.2,3.59483,98.86297
Kualanamu,0,3.59483,98.86297
Kualanamu,0,3.59483,98.86297
Kualanamu,1.4,3.59483,98.86297
Kualanamu,18.2,3.59483,98.86297
Kualanamu,1.5,3.59483,98.86297
Kualanamu,3,3.59483,98.86297
Kualanamu,0,3.59483,98.86297
Kualanamu,0.4,3.59483,98.86297
Kualanamu,0.1,3.59483,98.86297
Kualanamu,0,3.59483,98.86297
Kualanamu,0,3.59483,98.86297
Kualanamu,0,3.59483,98.86297
Kualanamu,13.4,3.59483,98.86297
Kualanamu,0,3.59483,98.86297
Kualanamu,3.1,3.59483,98.86297
Kualanamu,0,3.59483,98.86297
Kualanamu,0.6,3.59483,98.86297
Kualanamu,8.8,3.59483,98.86297
Kualanamu,11.6,3.59483,98.86297
Kualanamu,0,3.59483,98.86297
Kualanamu,0,3.59483,98.86297
Kualanamu,3.3,3.59483,98.86297
Kualanamu,0,3.59483,98.86297
Kualanamu,0,3.59483,98.86297
Kualanamu,0,3.59483,98.86297
Kualanamu,38.8,3.59483,98.86297
Kualanamu,0,3.59483,98.86297
Kualanamu,0,3.59483,98.86297
Maritim Belawan,0,3.78808,98.71483
Maritim Belawan,0,3.78808,98.71483
Maritim Belawan,0,3.78808,98.71483
Maritim Belawan,0,3.78808,98.71483
Maritim Belawan,8,3.78808,98.71483
Maritim Belawan,0,3.78808,98.71483
Maritim Belawan,0,3.78808,98.71483
Maritim Belawan,0,3.78808,98.71483
Maritim Belawan,0,3.78808,98.71483
Maritim Belawan,0.2,3.78808,98.71483
Maritim Belawan,0,3.78808,98.71483
Maritim Belawan,0,3.78808,98.71483
Maritim Belawan,11.3,3.78808,98.71483
Maritim Belawan,0,3.78808,98.71483
Maritim Belawan,3.8,3.78808,98.71483
Maritim Belawan,6.5,3.78808,98.71483
Maritim Belawan,5.2,3.78808,98.71483
Maritim Belawan,0,3.78808,98.71483
Maritim Belawan,0,3.78808,98.71483
Maritim Belawan,20.7,3.78808,98.71483
Maritim Belawan,0,3.78808,98.71483
Maritim Belawan,0,3.78808,98.71483
Maritim Belawan,0.3,3.78808,98.71483
Maritim Belawan,1,3.78808,98.71483
Maritim Belawan,0.6,3.78808,98.71483
Maritim Belawan,3.1,3.78808,98.71483
Maritim Belawan,0,3.78808,98.71483
Maritim Belawan,0,3.78808,98.71483
Maritim Belawan,0,3.78808,98.71483
Maritim Belawan,0,3.78808,98.71483
Maritim Belawan,0,3.78808,98.71483
Maritim Belawan,0,3.78808,98.71483
Maritim Belawan,0,3.78808,98.71483
Maritim Belawan,0,3.78808,98.71483
Maritim Belawan,0,3.78808,98.71483
Maritim Belawan,0,3.78808,98.71483
Maritim Belawan,0,3.78808,98.71483
Maritim Belawan,0,3.78808,98.71483
Maritim Belawan,0,3.78808,98.71483
Maritim Belawan,0,3.78808,98.71483
Maritim Belawan,0,3.78808,98.71483
Maritim Belawan,0,3.78808,98.71483
Maritim Belawan,0,3.78808,98.71483
Maritim Belawan,0,3.78808,98.71483
Maritim Belawan,0,3.78808,98.71483
Maritim Belawan,0,3.78808,98.71483
Maritim Belawan,4.7,3.78808,98.71483
Maritim Belawan,0,3.78808,98.71483
Maritim Belawan,0,3.78808,98.71483
Maritim Belawan,0,3.78808,98.71483
Maritim Belawan,0,3.78808,98.71483
Maritim Belawan,0,3.78808,98.71483
Maritim Belawan,0,3.78808,98.71483
Maritim Belawan,0,3.78808,98.71483
Maritim Belawan,0,3.78808,98.71483
Maritim Belawan,0,3.78808,98.71483
Maritim Belawan,0,3.78808,98.71483
Maritim Belawan,59,3.78808,98.71483
Maritim Belawan,0,3.78808,98.71483
Maritim Belawan,0,3.78808,98.71483
Maritim Belawan,0,3.78808,98.71483
Maritim Belawan,0,3.78808,98.71483
Maritim Belawan,4.7,3.78808,98.71483
Maritim Belawan,0,3.78808,98.71483
Maritim Belawan,0,3.78808,98.71483
Maritim Belawan,0,3.78808,98.71483
Maritim Belawan,0,3.78808,98.71483
Maritim Belawan,0,3.78808,98.71483
Maritim Belawan,0,3.78808,98.71483
Maritim Belawan,0,3.78808,98.71483
Maritim Belawan,0,3.78808,98.71483
Maritim Belawan,0,3.78808,98.71483
Maritim Belawan,0.4,3.78808,98.71483
Maritim Belawan,0,3.78808,98.71483
Maritim Belawan,0,3.78808,98.71483
Maritim Belawan,0,3.78808,98.71483
Maritim Belawan,0,3.78808,98.71483
Maritim Belawan,0,3.78808,98.71483
Maritim Belawan,0,3.78808,98.71483
Maritim Belawan,0,3.78808,98.71483
Maritim Belawan,0,3.78808,98.71483
Maritim Belawan,0.2,3.78808,98.71483
Maritim Belawan,0,3.78808,98.71483
Maritim Belawan,0,3.78808,98.71483
Maritim Belawan,0,3.78808,98.71483
Maritim Belawan,7.4,3.78808,98.71483
Maritim Belawan,0,3.78808,98.71483
Maritim Belawan,0,3.78808,98.71483
Maritim Belawan,0,3.78808,98.71483
Maritim Belawan,0,3.78808,98.71483
Maritim Belawan,0,3.78808,98.71483
Maritim Belawan,0,3.78808,98.71483
Maritim Belawan,0,3.78808,98.71483
Maritim Belawan,0,3.78808,98.71483
Maritim Belawan,0,3.78808,98.71483
Maritim Belawan,0,3.78808,98.71483
Maritim Belawan,0,3.78808,98.71483
Maritim Belawan,0,3.78808,98.71483
Maritim Belawan,0,3.78808,98.71483
Maritim Belawan,0,3.78808,98.71483
Maritim Belawan,0,3.78808,98.71483
Maritim Belawan,25.7,3.78808,98.71483
Maritim Belawan,0,3.78808,98.71483
Maritim Belawan,0,3.78808,98.71483
Maritim Belawan,0,3.78808,98.71483
Maritim Belawan,0,3.78808,98.71483
Maritim Belawan,92.2,3.78808,98.71483
Maritim Belawan,0,3.78808,98.71483
Maritim Belawan,0,3.78808,98.71483
Maritim Belawan,0,3.78808,98.71483
Maritim Belawan,0,3.78808,98.71483
Maritim Belawan,0,3.78808,98.71483
Maritim Belawan,0,3.78808,98.71483
Maritim Belawan,9.1,3.78808,98.71483
Maritim Belawan,0,3.78808,98.71483
Maritim Belawan,0,3.78808,98.71483
Maritim Belawan,0,3.78808,98.71483
Maritim Belawan,0,3.78808,98.71483
Maritim Belawan,0,3.78808,98.71483
Maritim Belawan,0,3.78808,98.71483
Maritim Belawan,2,3.78808,98.71483
Maritim Belawan,0,3.78808,98.71483
Maritim Belawan,2.9,3.78808,98.71483
Maritim Belawan,0,3.78808,98.71483
Maritim Belawan,1,3.78808,98.71483
Maritim Belawan,0.8,3.78808,98.71483
Maritim Belawan,0.2,3.78808,98.71483
Maritim Belawan,50.2,3.78808,98.71483
Maritim Belawan,0.8,3.78808,98.71483
Maritim Belawan,62.6,3.78808,98.71483
Maritim Belawan,3.7,3.78808,98.71483
Maritim Belawan,0,3.78808,98.71483
Maritim Belawan,0,3.78808,98.71483
Maritim Belawan,0,3.78808,98.71483
Maritim Belawan,0,3.78808,98.71483
Maritim Belawan,0,3.78808,98.71483
Maritim Belawan,0,3.78808,98.71483
Maritim Belawan,0,3.78808,98.71483
Maritim Belawan,0,3.78808,98.71483
Maritim Belawan,45.3,3.78808,98.71483
Maritim Belawan,0,3.78808,98.71483
Maritim Belawan,0,3.78808,98.71483
Maritim Belawan,3,3.78808,98.71483
Maritim Belawan,0,3.78808,98.71483
Maritim Belawan,0.2,3.78808,98.71483
Maritim Belawan,0,3.78808,98.71483
Maritim Belawan,0,3.78808,98.71483
Maritim Belawan,0,3.78808,98.71483
Maritim Belawan,10.2,3.78808,98.71483
Maritim Belawan,0,3.78808,98.71483
Maritim Belawan,0.2,3.78808,98.71483
Maritim Belawan,0,3.78808,98.71483
Maritim Belawan,0,3.78808,98.71483
Maritim Belawan,0,3.78808,98.71483
Maritim Belawan,0,3.78808,98.71483
Maritim Belawan,0,3.78808,98.71483
Maritim Belawan,0.2,3.78808,98.71483
Maritim Belawan,0,3.78808,98.71483
Maritim Belawan,0,3.78808,98.71483
Maritim Belawan,0,3.78808,98.71483
Maritim Belawan,0,3.78808,98.71483
Maritim Belawan,4.9,3.78808,98.71483
Maritim Belawan,40.2,3.78808,98.71483
Maritim Belawan,0,3.78808,98.71483
Maritim Belawan,0,3.78808,98.71483
Maritim Belawan,0,3.78808,98.71483
Maritim Belawan,0,3.78808,98.71483
Maritim Belawan,48.5,3.78808,98.71483
Maritim Belawan,0,3.78808,98.71483
Maritim Belawan,0,3.78808,98.71483
Maritim Belawan,0,3.78808,98.71483
Maritim Belawan,0,3.78808,98.71483
Maritim Belawan,0,3.78808,98.71483
Maritim Belawan,11,3.78808,98.71483
Maritim Belawan,0,3.78808,98.71483
Maritim Belawan,0,3.78808,98.71483
Maritim Belawan,0,3.78808,98.71483
Maritim Belawan,0,3.78808,98.71483
Maritim Belawan,0,3.78808,98.71483
Maritim Belawan,4,3.78808,98.71483
Maritim Belawan,0,3.78808,98.71483
Maritim Belawan,0,3.78808,98.71483
Maritim Belawan,0,3.78808,98.71483
Maritim Belawan,0,3.78808,98.71483
Maritim Belawan,0,3.78808,98.71483
Maritim Belawan,0,3.78808,98.71483
Maritim Belawan,0,3.78808,98.71483
Maritim Belawan,0,3.78808,98.71483
Maritim Belawan,0,3.78808,98.71483
Maritim Belawan,0.6,3.78808,98.71483
Maritim Belawan,0,3.78808,98.71483
Maritim Belawan,0,3.78808,98.71483
Maritim Belawan,2.9,3.78808,98.71483
Maritim Belawan,0,3.78808,98.71483
Maritim Belawan,0,3.78808,98.71483
Maritim Belawan,7,3.78808,98.71483
Maritim Belawan,0,3.78808,98.71483
Maritim Belawan,0,3.78808,98.71483
Maritim Belawan,0,3.78808,98.71483
Maritim Belawan,32.3,3.78808,98.71483
Maritim Belawan,1.5,3.78808,98.71483
Maritim Belawan,37.5,3.78808,98.71483
Maritim Belawan,0,3.78808,98.71483
Maritim Belawan,0,3.78808,98.71483
Maritim Belawan,0,3.78808,98.71483
Maritim Belawan,0,3.78808,98.71483
Maritim Belawan,0,3.78808,98.71483
Maritim Belawan,0,3.78808,98.71483
Maritim Belawan,0,3.78808,98.71483
Maritim Belawan,9.4,3.78808,98.71483
Maritim Belawan,0,3.78808,98.71483
Maritim Belawan,0,3.78808,98.71483
Maritim Belawan,0,3.78808,98.71483
Maritim Belawan,0.5,3.78808,98.71483
Maritim Belawan,0.4,3.78808,98.71483
Maritim Belawan,0,3.78808,98.71483
Maritim Belawan,0.6,3.78808,98.71483
Maritim Belawan,1.7,3.78808,98.71483
Maritim Belawan,2.5,3.78808,98.71483
Maritim Belawan,8,3.78808,98.71483
Maritim Belawan,23.4,3.78808,98.71483
Maritim Belawan,0,3.78808,98.71483
Maritim Belawan,2.3,3.78808,98.71483
Maritim Belawan,0,3.78808,98.71483
Maritim Belawan,40.6,3.78808,98.71483
Maritim Belawan,25.8,3.78808,98.71483
Maritim Belawan,0.5,3.78808,98.71483
Maritim Belawan,25.3,3.78808,98.71483
Maritim Belawan,0.2,3.78808,98.71483
Maritim Belawan,0,3.78808,98.71483
Maritim Belawan,3.2,3.78808,98.71483
Maritim Belawan,0,3.78808,98.71483
Maritim Belawan,1.9,3.78808,98.71483
Maritim Belawan,85.3,3.78808,98.71483
Maritim Belawan,0,3.78808,98.71483
Maritim Belawan,0.3,3.78808,98.71483
Maritim Belawan,1.4,3.78808,98.71483
Maritim Belawan,20,3.78808,98.71483
Maritim Belawan,1.2,3.78808,98.71483
Maritim Belawan,70.5,3.78808,98.71483
Maritim Belawan,0,3.78808,98.71483
Maritim Belawan,1.8,3.78808,98.71483
Maritim Belawan,0,3.78808,98.71483
Maritim Belawan,16.8,3.78808,98.71483
Maritim Belawan,0,3.78808,98.71483
Maritim Belawan,0,3.78808,98.71483
Maritim Belawan,1.7,3.78808,98.71483
Maritim Belawan,16.1,3.78808,98.71483
Maritim Belawan,1.3,3.78808,98.71483
Maritim Belawan,0.1,3.78808,98.71483
Maritim Belawan,0,3.78808,98.71483
Maritim Belawan,0,3.78808,98.71483
Maritim Belawan,0,3.78808,98.71483
Maritim Belawan,0.3,3.78808,98.71483
Maritim Belawan,6,3.78808,98.71483
Maritim Belawan,0,3.78808,98.71483
Maritim Belawan,36,3.78808,98.71483
Maritim Belawan,0,3.78808,98.71483
Maritim Belawan,18.2,3.78808,98.71483
Maritim Belawan,0,3.78808,98.71483
Maritim Belawan,0.1,3.78808,98.71483
Maritim Belawan,1.2,3.78808,98.71483
Maritim Belawan,32.5,3.78808,98.71483
Maritim Belawan,0,3.78808,98.71483
Maritim Belawan,0,3.78808,98.71483
Maritim Belawan,3,3.78808,98.71483
Maritim Belawan,0,3.78808,98.71483
Maritim Belawan,0,3.78808,98.71483
Maritim Belawan,1.8,3.78808,98.71483
Maritim Belawan,33.3,3.78808,98.71483
Maritim Belawan,0,3.78808,98.71483
Maritim Belawan,0,3.78808,98.71483
Maritim Belawan,100,3.78808,98.71483
Maritim Belawan,0,3.78808,98.71483
Maritim Belawan,6.4,3.78808,98.71483
Maritim Belawan,17.2,3.78808,98.71483
Maritim Belawan,0,3.78808,98.71483
Maritim Belawan,17.5,3.78808,98.71483
Maritim Belawan,1.3,3.78808,98.71483
Maritim Belawan,2.6,3.78808,98.71483
Maritim Belawan,0,3.78808,98.71483
Maritim Belawan,0,3.78808,98.71483
Maritim Belawan,0,3.78808,98.71483
Maritim Belawan,57.8,3.78808,98.71483
Maritim Belawan,6.8,3.78808,98.71483
Maritim Belawan,0,3.78808,98.71483
Maritim Belawan,0,3.78808,98.71483
Maritim Belawan,0.1,3.78808,98.71483
Maritim Belawan,38.1,3.78808,98.71483
Maritim Belawan,3.7,3.78808,98.71483
Maritim Belawan,0,3.78808,98.71483
Maritim Belawan,9.2,3.78808,98.71483
Maritim Belawan,0,3.78808,98.71483
Maritim Belawan,5.6,3.78808,98.71483
Maritim Belawan,0,3.78808,98.71483
Maritim Belawan,33.6,3.78808,98.71483
Maritim Belawan,3.5,3.78808,98.71483
Maritim Belawan,0,3.78808,98.71483
Maritim Belawan,2.8,3.78808,98.71483
Maritim Belawan,46.8,3.78808,98.71483
Maritim Belawan,0,3.78808,98.71483
Maritim Belawan,0,3.78808,98.71483
Maritim Belawan,13.3,3.78808,98.71483
Maritim Belawan,0.9,3.78808,98.71483
Maritim Belawan,30.8,3.78808,98.71483
Maritim Belawan,0.2,3.78808,98.71483
Maritim Belawan,0.1,3.78808,98.71483
Maritim Belawan,22.4,3.78808,98.71483
Maritim Belawan,0.3,3.78808,98.71483
Maritim Belawan,14.5,3.78808,98.71483
Maritim Belawan,0.4,3.78808,98.71483
Maritim Belawan,0.1,3.78808,98.71483
Maritim Belawan,0,3.78808,98.71483
Maritim Belawan,0.2,3.78808,98.71483
Maritim Belawan,0,3.78808,98.71483
Maritim Belawan,7.6,3.78808,98.71483
Maritim Belawan,0.2,3.78808,98.71483
Maritim Belawan,0,3.78808,98.71483
Maritim Belawan,0,3.78808,98.71483
Maritim Belawan,0.3,3.78808,98.71483
Maritim Belawan,1,3.78808,98.71483
Maritim Belawan,0,3.78808,98.71483
Maritim Belawan,3.4,3.78808,98.71483
Maritim Belawan,2.7,3.78808,98.71483
Maritim Belawan,0.7,3.78808,98.71483
Maritim Belawan,6.8,3.78808,98.71483
Maritim Belawan,0,3.78808,98.71483
Maritim Belawan,15.8,3.78808,98.71483
Maritim Belawan,1.8,3.78808,98.71483
Maritim Belawan,0,3.78808,98.71483
Maritim Belawan,0.4,3.78808,98.71483
Maritim Belawan,0,3.78808,98.71483
Maritim Belawan,0,3.78808,98.71483
Maritim Belawan,0,3.78808,98.71483
Maritim Belawan,8.8,3.78808,98.71483
Maritim Belawan,4.7,3.78808,98.71483
Maritim Belawan,0,3.78808,98.71483
Maritim Belawan,15.5,3.78808,98.71483
Maritim Belawan,0,3.78808,98.71483
Maritim Belawan,7.8,3.78808,98.71483
Maritim Belawan,10.8,3.78808,98.71483
Maritim Belawan,0.9,3.78808,98.71483
Maritim Belawan,0.4,3.78808,98.71483
Maritim Belawan,1.1,3.78808,98.71483
Maritim Belawan,11.1,3.78808,98.71483
Maritim Belawan,0,3.78808,98.71483
Maritim Belawan,28,3.78808,98.71483
Maritim Belawan,5.8,3.78808,98.71483
Maritim Belawan,6.5,3.78808,98.71483
Maritim Belawan,4,3.78808,98.71483
Maritim Belawan,81.1,3.78808,98.71483
Maritim Belawan,14.2,3.78808,98.71483
Maritim Belawan,0,3.78808,98.71483
Maritim Belawan,0,3.78808,98.71483
Maritim Belawan,0,3.78808,98.71483
Maritim Belawan,0.5,3.78808,98.71483
Maritim Belawan,0,3.78808,98.71483
Maritim Belawan,0.1,3.78808,98.71483
Maritim Belawan,22.7,3.78808,98.71483
Maritim Belawan,7.5,3.78808,98.71483
Maritim Belawan,0,3.78808,98.71483
Maritim Belawan,4.6,3.78808,98.71483
Maritim Belawan,0,3.78808,98.71483
Maritim Belawan,0,3.78808,98.71483
Maritim Belawan,0,3.78808,98.71483
Maritim Belawan,0,3.78808,98.71483
Maritim Belawan,5.7,3.78808,98.71483
Maritim Belawan,0,3.78808,98.71483
Maritim Belawan,0,3.78808,98.71483
Maritim Belawan,19.6,3.78808,98.71483
Maritim Belawan,0,3.78808,98.71483
Maritim Belawan,5,3.78808,98.71483
Maritim Belawan,0,3.78808,98.71483
Maritim Belawan,0,3.78808,98.71483
Maritim Belawan,0,3.78808,98.71483
Maritim Belawan,15.2,3.78808,98.71483
Maritim Belawan,0,3.78808,98.71483
Maritim Belawan,0,3.78808,98.71483
Maritim Belawan,2.2,3.78808,98.71483
Maritim Belawan,0,3.78808,98.71483
Maritim Belawan,0,3.78808,98.71483
Maritim Belawan,0,3.78808,98.71483
Maritim Belawan,0,3.78808,98.71483
Maritim Belawan,0,3.78808,98.71483
Maritim Belawan,0,3.78808,98.71483
Maritim Belawan,1.5,3.78808,98.71483
Maritim Belawan,0,3.78808,98.71483
Maritim Belawan,0,3.78808,98.71483
Maritim Belawan,0.5,3.78808,98.71483
Maritim Belawan,0.5,3.78808,98.71483
Maritim Belawan,0,3.78808,98.71483
Maritim Belawan,0,3.78808,98.71483
Maritim Belawan,0,3.78808,98.71483
Maritim Belawan,0,3.78808,98.71483
Maritim Belawan,0,3.78808,98.71483
Maritim Belawan,0,3.78808,98.71483
Maritim Belawan,0,3.78808,98.71483
Maritim Belawan,0,3.78808,98.71483
Maritim Belawan,0,3.78808,98.71483
Maritim Belawan,0.4,3.78808,98.71483
Maritim Belawan,0,3.78808,98.71483
Maritim Belawan,0.5,3.78808,98.71483
Maritim Belawan,0.9,3.78808,98.71483
Maritim Belawan,5.7,3.78808,98.71483
Maritim Belawan,1.3,3.78808,98.71483
Maritim Belawan,0,3.78808,98.71483
Maritim Belawan,0,3.78808,98.71483
Maritim Belawan,0,3.78808,98.71483
Maritim Belawan,3,3.78808,98.71483
Maritim Belawan,0,3.78808,98.71483
Maritim Belawan,0,3.78808,98.71483
Maritim Belawan,0,3.78808,98.71483
Maritim Belawan,0,3.78808,98.71483
Maritim Belawan,0,3.78808,98.71483
Maritim Belawan,0,3.78808,98.71483
Maritim Belawan,5.9,3.78808,98.71483
Maritim Belawan,0,3.78808,98.71483
Maritim Belawan,0,3.78808,98.71483
Maritim Belawan,0,3.78808,98.71483
Maritim Belawan,0,3.78808,98.71483
Maritim Belawan,0,3.78808,98.71483
Maritim Belawan,0,3.78808,98.71483
Maritim Belawan,0,3.78808,98.71483
Maritim Belawan,0.8,3.78808,98.71483
Maritim Belawan,0,3.78808,98.71483
Maritim Belawan,0,3.78808,98.71483
Maritim Belawan,0,3.78808,98.71483
Maritim Belawan,2,3.78808,98.71483
Maritim Belawan,0,3.78808,98.71483
Maritim Belawan,0,3.78808,98.71483
Maritim Belawan,0,3.78808,98.71483
Maritim Belawan,0,3.78808,98.71483
Maritim Belawan,0,3.78808,98.71483
Maritim Belawan,0,3.78808,98.71483
Maritim Belawan,0,3.78808,98.71483
Maritim Belawan,0,3.78808,98.71483
Maritim Belawan,0,3.78808,98.71483
Maritim Belawan,0,3.78808,98.71483
Maritim Belawan,0,3.78808,98.71483
Maritim Belawan,0,3.78808,98.71483
Maritim Belawan,0.7,3.78808,98.71483
Maritim Belawan,0.4,3.78808,98.71483
Maritim Belawan,0,3.78808,98.71483
Maritim Belawan,0,3.78808,98.71483
Maritim Belawan,0,3.78808,98.71483
Maritim Belawan,0,3.78808,98.71483
Maritim Belawan,0,3.78808,98.71483
Maritim Belawan,0,3.78808,98.71483
Maritim Belawan,0,3.78808,98.71483
Maritim Belawan,0,3.78808,98.71483
Maritim Belawan,0.5,3.78808,98.71483
Maritim Belawan,0,3.78808,98.71483
Maritim Belawan,0,3.78808,98.71483
Maritim Belawan,0,3.78808,98.71483
Maritim Belawan,0,3.78808,98.71483
Maritim Belawan,6.7,3.78808,98.71483
Maritim Belawan,0,3.78808,98.71483
Maritim Belawan,0.1,3.78808,98.71483
Maritim Belawan,0,3.78808,98.71483
Maritim Belawan,0,3.78808,98.71483
Maritim Belawan,11.2,3.78808,98.71483
Maritim Belawan,0,3.78808,98.71483
Maritim Belawan,0,3.78808,98.71483
Maritim Belawan,0,3.78808,98.71483
Maritim Belawan,0,3.78808,98.71483
Maritim Belawan,0,3.78808,98.71483
Maritim Belawan,0,3.78808,98.71483
Maritim Belawan,0,3.78808,98.71483
Maritim Belawan,0.1,3.78808,98.71483
Maritim Belawan,0,3.78808,98.71483
Maritim Belawan,0,3.78808,98.71483
Maritim Belawan,0,3.78808,98.71483
Maritim Belawan,0,3.78808,98.71483
Maritim Belawan,0,3.78808,98.71483
Maritim Belawan,0,3.78808,98.71483
Maritim Belawan,0,3.78808,98.71483
Maritim Belawan,2.9,3.78808,98.71483
Maritim Belawan,0.1,3.78808,98.71483
Maritim Belawan,0,3.78808,98.71483
Maritim Belawan,0,3.78808,98.71483
Maritim Belawan,0,3.78808,98.71483
Maritim Belawan,0,3.78808,98.71483
Maritim Belawan,1.5,3.78808,98.71483
Maritim Belawan,1.3,3.78808,98.71483
Maritim Belawan,0,3.78808,98.71483
Maritim Belawan,0,3.78808,98.71483
Maritim Belawan,0,3.78808,98.71483
Maritim Belawan,11,3.78808,98.71483
Maritim Belawan,0,3.78808,98.71483
Maritim Belawan,0,3.78808,98.71483
Maritim Belawan,0,3.78808,98.71483
Maritim Belawan,0,3.78808,98.71483
Maritim Belawan,0,3.78808,98.71483
Maritim Belawan,0,3.78808,98.71483
Maritim Belawan,0,3.78808,98.71483
Maritim Belawan,13.2,3.78808,98.71483
Maritim Belawan,0.1,3.78808,98.71483
Maritim Belawan,4.5,3.78808,98.71483
Maritim Belawan,0,3.78808,98.71483
Maritim Belawan,1.3,3.78808,98.71483
Maritim Belawan,0,3.78808,98.71483
Maritim Belawan,0.9,3.78808,98.71483
Maritim Belawan,1.5,3.78808,98.71483
Maritim Belawan,0,3.78808,98.71483
Maritim Belawan,0,3.78808,98.71483
Maritim Belawan,28.9,3.78808,98.71483
Maritim Belawan,0,3.78808,98.71483
Maritim Belawan,0,3.78808,98.71483
Maritim Belawan,0,3.78808,98.71483
Maritim Belawan,0,3.78808,98.71483
Maritim Belawan,1.3,3.78808,98.71483
Maritim Belawan,1.5,3.78808,98.71483
Maritim Belawan,0,3.78808,98.71483
Maritim Belawan,1.8,3.78808,98.71483
Maritim Belawan,80.5,3.78808,98.71483
Maritim Belawan,8.2,3.78808,98.71483
Maritim Belawan,0.7,3.78808,98.71483
Maritim Belawan,0,3.78808,98.71483
Maritim Belawan,0,3.78808,98.71483
Maritim Belawan,0,3.78808,98.71483
Maritim Belawan,0,3.78808,98.71483
Maritim Belawan,0,3.78808,98.71483
Maritim Belawan,0,3.78808,98.71483
Maritim Belawan,0,3.78808,98.71483
Maritim Belawan,0,3.78808,98.71483
Maritim Belawan,0,3.78808,98.71483
Maritim Belawan,0,3.78808,98.71483
Maritim Belawan,75,3.78808,98.71483
Maritim Belawan,0,3.78808,98.71483
Maritim Belawan,0,3.78808,98.71483
Maritim Belawan,5,3.78808,98.71483
Maritim Belawan,0,3.78808,98.71483
Maritim Belawan,0,3.78808,98.71483
Maritim Belawan,0,3.78808,98.71483
Maritim Belawan,2.1,3.78808,98.71483
Maritim Belawan,0,3.78808,98.71483
Maritim Belawan,2.9,3.78808,98.71483
Maritim Belawan,0,3.78808,98.71483
Maritim Belawan,13.2,3.78808,98.71483
Maritim Belawan,0,3.78808,98.71483
Maritim Belawan,0,3.78808,98.71483
Maritim Belawan,0,3.78808,98.71483
Maritim Belawan,18.9,3.78808,98.71483
Maritim Belawan,0,3.78808,98.71483
Maritim Belawan,0,3.78808,98.71483
Maritim Belawan,0,3.78808,98.71483
Maritim Belawan,0,3.78808,98.71483
Maritim Belawan,0,3.78808,98.71483
Maritim Belawan,2.9,3.78808,98.71483
Maritim Belawan,0,3.78808,98.71483
Maritim Belawan,0,3.78808,98.71483
Maritim Belawan,13.8,3.78808,98.71483
Maritim Belawan,0.3,3.78808,98.71483
Maritim Belawan,19.7,3.78808,98.71483
Maritim Belawan,0,3.78808,98.71483
Maritim Belawan,0,3.78808,98.71483
Maritim Belawan,0,3.78808,98.71483
Maritim Belawan,0,3.78808,98.71483
Maritim Belawan,0,3.78808,98.71483
Maritim Belawan,1,3.78808,98.71483
Maritim Belawan,0,3.78808,98.71483
Maritim Belawan,0,3.78808,98.71483
Maritim Belawan,1.7,3.78808,98.71483
Maritim Belawan,0,3.78808,98.71483
Maritim Belawan,3,3.78808,98.71483
Maritim Belawan,0.2,3.78808,98.71483
Maritim Belawan,17,3.78808,98.71483
Maritim Belawan,0,3.78808,98.71483
Maritim Belawan,11.1,3.78808,98.71483
Maritim Belawan,0,3.78808,98.71483
Maritim Belawan,7.8,3.78808,98.71483
Maritim Belawan,12.1,3.78808,98.71483
Maritim Belawan,0,3.78808,98.71483
Maritim Belawan,0,3.78808,98.71483
Maritim Belawan,0,3.78808,98.71483
Maritim Belawan,0,3.78808,98.71483
Maritim Belawan,32.2,3.78808,98.71483
Maritim Belawan,4.5,3.78808,98.71483
Maritim Belawan,0,3.78808,98.71483
Maritim Belawan,63.8,3.78808,98.71483
Maritim Belawan,3,3.78808,98.71483
Maritim Belawan,28.2,3.78808,98.71483
Maritim Belawan,0,3.78808,98.71483
Maritim Belawan,3,3.78808,98.71483
Maritim Belawan,0,3.78808,98.71483
Maritim Belawan,0,3.78808,98.71483
Maritim Belawan,4.6,3.78808,98.71483
Maritim Belawan,0.6,3.78808,98.71483
Maritim Belawan,0,3.78808,98.71483
Maritim Belawan,0,3.78808,98.71483
Maritim Belawan,2.8,3.78808,98.71483
Maritim Belawan,0,3.78808,98.71483
Maritim Belawan,0,3.78808,98.71483
Maritim Belawan,28.8,3.78808,98.71483
Maritim Belawan,0,3.78808,98.71483
Maritim Belawan,0,3.78808,98.71483
Maritim Belawan,0,3.78808,98.71483
Maritim Belawan,2.8,3.78808,98.71483
Maritim Belawan,31.8,3.78808,98.71483
Maritim Belawan,0,3.78808,98.71483
Maritim Belawan,4,3.78808,98.71483
Maritim Belawan,0,3.78808,98.71483
Maritim Belawan,0,3.78808,98.71483
Maritim Belawan,1.4,3.78808,98.71483
Maritim Belawan,0,3.78808,98.71483
Maritim Belawan,0.3,3.78808,98.71483
Maritim Belawan,7.4,3.78808,98.71483
Maritim Belawan,0,3.78808,98.71483
Maritim Belawan,0,3.78808,98.71483
Maritim Belawan,7.5,3.78808,98.71483
Maritim Belawan,0,3.78808,98.71483
Maritim Belawan,0,3.78808,98.71483
Maritim Belawan,0,3.78808,98.71483
Maritim Belawan,0.2,3.78808,98.71483
Maritim Belawan,1.3,3.78808,98.71483
Maritim Belawan,1.6,3.78808,98.71483
Maritim Belawan,1.4,3.78808,98.71483
Maritim Belawan,1.5,3.78808,98.71483
Maritim Belawan,0,3.78808,98.71483
Maritim Belawan,0,3.78808,98.71483
Maritim Belawan,0,3.78808,98.71483
Maritim Belawan,2.4,3.78808,98.71483
Maritim Belawan,7.8,3.78808,98.71483
Maritim Belawan,20.3,3.78808,98.71483
Maritim Belawan,0,3.78808,98.71483
Maritim Belawan,9,3.78808,98.71483
Maritim Belawan,17,3.78808,98.71483
Maritim Belawan,5.8,3.78808,98.71483
Maritim Belawan,0,3.78808,98.71483
Maritim Belawan,0,3.78808,98.71483
Maritim Belawan,0,3.78808,98.71483
Maritim Belawan,35,3.78808,98.71483
Maritim Belawan,68.8,3.78808,98.71483
Maritim Belawan,0,3.78808,98.71483
Maritim Belawan,1.1,3.78808,98.71483
Maritim Belawan,0,3.78808,98.71483
Maritim Belawan,6,3.78808,98.71483
Maritim Belawan,0,3.78808,98.71483
Maritim Belawan,0,3.78808,98.71483
Maritim Belawan,16.6,3.78808,98.71483
Maritim Belawan,0,3.78808,98.71483
Maritim Belawan,1.6,3.78808,98.71483
Maritim Belawan,6.7,3.78808,98.71483
Maritim Belawan,0,3.78808,98.71483
Maritim Belawan,0,3.78808,98.71483
Maritim Belawan,0,3.78808,98.71483
Maritim Belawan,22.6,3.78808,98.71483
Maritim Belawan,63.2,3.78808,98.71483
Maritim Belawan,8.5,3.78808,98.71483
Maritim Belawan,21.5,3.78808,98.71483
Maritim Belawan,0,3.78808,98.71483
Maritim Belawan,6.8,3.78808,98.71483
Maritim Belawan,0,3.78808,98.71483
Maritim Belawan,63,3.78808,98.71483
Maritim Belawan,0.5,3.78808,98.71483
Maritim Belawan,9.5,3.78808,98.71483
Maritim Belawan,6.6,3.78808,98.71483
Maritim Belawan,1.1,3.78808,98.71483
Maritim Belawan,0,3.78808,98.71483
Maritim Belawan,30.7,3.78808,98.71483
Maritim Belawan,0,3.78808,98.71483
Maritim Belawan,2,3.78808,98.71483
Maritim Belawan,0,3.78808,98.71483
Maritim Belawan,44.5,3.78808,98.71483
Maritim Belawan,0,3.78808,98.71483
Maritim Belawan,0,3.78808,98.71483
Maritim Belawan,6.1,3.78808,98.71483
Maritim Belawan,0,3.78808,98.71483
Maritim Belawan,36,3.78808,98.71483
Maritim Belawan,0,3.78808,98.71483
Maritim Belawan,0,3.78808,98.71483
Maritim Belawan,0.3,3.78808,98.71483
Maritim Belawan,36.8,3.78808,98.71483
Maritim Belawan,5.3,3.78808,98.71483
Maritim Belawan,5.2,3.78808,98.71483
Maritim Belawan,6,3.78808,98.71483
Maritim Belawan,0.3,3.78808,98.71483
Maritim Belawan,0,3.78808,98.71483
Maritim Belawan,37.4,3.78808,98.71483
Maritim Belawan,7.1,3.78808,98.71483
Maritim Belawan,28.8,3.78808,98.71483
Maritim Belawan,0,3.78808,98.71483
Maritim Belawan,9.1,3.78808,98.71483
Maritim Belawan,31.1,3.78808,98.71483
Maritim Belawan,56.6,3.78808,98.71483
Maritim Belawan,0,3.78808,98.71483
Maritim Belawan,8.8,3.78808,98.71483
Maritim Belawan,14.7,3.78808,98.71483
Maritim Belawan,2,3.78808,98.71483
Maritim Belawan,0,3.78808,98.71483
Maritim Belawan,27,3.78808,98.71483
Maritim Belawan,0.7,3.78808,98.71483
Maritim Belawan,2.5,3.78808,98.71483
Maritim Belawan,0,3.78808,98.71483
Maritim Belawan,0,3.78808,98.71483
Maritim Belawan,0,3.78808,98.71483
Maritim Belawan,0,3.78808,98.71483
Maritim Belawan,0,3.78808,98.71483
Maritim Belawan,0,3.78808,98.71483
Maritim Belawan,0,3.78808,98.71483
Maritim Belawan,0,3.78808,98.71483
Maritim Belawan,0.4,3.78808,98.71483
Maritim Belawan,0,3.78808,98.71483
Maritim Belawan,1,3.78808,98.71483
Maritim Belawan,14.2,3.78808,98.71483
Maritim Belawan,0,3.78808,98.71483
Maritim Belawan,0.5,3.78808,98.71483
Maritim Belawan,1.2,3.78808,98.71483
Maritim Belawan,0.5,3.78808,98.71483
Maritim Belawan,1,3.78808,98.71483
Maritim Belawan,0,3.78808,98.71483
Maritim Belawan,10,3.78808,98.71483
Maritim Belawan,0,3.78808,98.71483
Maritim Belawan,0.3,3.78808,98.71483
Maritim Belawan,0.1,3.78808,98.71483
Maritim Belawan,6,3.78808,98.71483
Maritim Belawan,3.8,3.78808,98.71483
Maritim Belawan,43.2,3.78808,98.71483
Maritim Belawan,0,3.78808,98.71483
Maritim Belawan,36,3.78808,98.71483
Maritim Belawan,0,3.78808,98.71483
Maritim Belawan,0,3.78808,98.71483
Maritim Belawan,26.7,3.78808,98.71483
Maritim Belawan,5.8,3.78808,98.71483
Maritim Belawan,39.9,3.78808,98.71483
Maritim Belawan,0,3.78808,98.71483
Maritim Belawan,0,3.78808,98.71483
Maritim Belawan,0.3,3.78808,98.71483
Maritim Belawan,0,3.78808,98.71483
Maritim Belawan,0,3.78808,98.71483
Maritim Belawan,0,3.78808,98.71483
Maritim Belawan,0.4,3.78808,98.71483
Maritim Belawan,0,3.78808,98.71483
Maritim Belawan,0,3.78808,98.71483
Maritim Belawan,0,3.78808,98.71483
Maritim Belawan,8,3.78808,98.71483
Maritim Belawan,0,3.78808,98.71483
Maritim Belawan,0,3.78808,98.71483
Maritim Belawan,7.5,3.78808,98.71483
Maritim Belawan,0,3.78808,98.71483
Maritim Belawan,0,3.78808,98.71483
Maritim Belawan,42.8,3.78808,98.71483
Maritim Belawan,0,3.78808,98.71483
Maritim Belawan,9.2,3.78808,98.71483
Maritim Belawan,0,3.78808,98.71483
Maritim Belawan,0,3.78808,98.71483
Maritim Belawan,0,3.78808,98.71483
Maritim Belawan,0,3.78808,98.71483
Maritim Belawan,0,3.78808,98.71483
Maritim Belawan,0,3.78808,98.71483
Maritim Belawan,0,3.78808,98.71483
Maritim Belawan,0,3.78808,98.71483
Maritim Belawan,0,3.78808,98.71483
Maritim Belawan,0.3,3.78808,98.71483
Maritim Belawan,0,3.78808,98.71483
Maritim Belawan,0,3.78808,98.71483
Maritim Belawan,0.3,3.78808,98.71483
Maritim Belawan,57.8,3.78808,98.71483
Maritim Belawan,0,3.78808,98.71483
Maritim Belawan,3.5,3.78808,98.71483
Maritim Belawan,0,3.78808,98.71483
Maritim Belawan,0,3.78808,98.71483
Maritim Belawan,0,3.78808,98.71483
Maritim Belawan,0,3.78808,98.71483
Maritim Belawan,0,3.78808,98.71483
Maritim Belawan,11,3.78808,98.71483
Maritim Belawan,0,3.78808,98.71483
Maritim Belawan,1.2,3.78808,98.71483
Maritim Belawan,1.2,3.78808,98.71483
Maritim Belawan,0.8,3.78808,98.71483
Maritim Belawan,0,3.78808,98.71483
Maritim Belawan,0,3.78808,98.71483
Maritim Belawan,0,3.78808,98.71483
Maritim Belawan,0,3.78808,98.71483
Maritim Belawan,32.6,3.78808,98.71483
Maritim Belawan,0,3.78808,98.71483
Maritim Belawan,7.8,3.78808,98.71483
Maritim Belawan,0.1,3.78808,98.71483
Maritim Belawan,0,3.78808,98.71483
Maritim Belawan,0,3.78808,98.71483
Maritim Belawan,0,3.78808,98.71483
Maritim Belawan,9,3.78808,98.71483
Maritim Belawan,0.4,3.78808,98.71483
Maritim Belawan,0,3.78808,98.71483
Maritim Belawan,0,3.78808,98.71483
Maritim Belawan,2.7,3.78808,98.71483
Maritim Belawan,63.8,3.78808,98.71483
Maritim Belawan,10.5,3.78808,98.71483
Maritim Belawan,24.8,3.78808,98.71483
Maritim Belawan,0,3.78808,98.71483
Maritim Belawan,0,3.78808,98.71483
Maritim Belawan,0,3.78808,98.71483
Maritim Belawan,0,3.78808,98.71483
Maritim Belawan,6.5,3.78808,98.71483
Maritim Belawan,1.1,3.78808,98.71483
Maritim Belawan,48.2,3.78808,98.71483
Maritim Belawan,0,3.78808,98.71483
Maritim Belawan,0,3.78808,98.71483
Maritim Belawan,0,3.78808,98.71483
Maritim Belawan,0,3.78808,98.71483
Maritim Belawan,0,3.78808,98.71483
Maritim Belawan,0,3.78808,98.71483
Maritim Belawan,0,3.78808,98.71483
Maritim Belawan,0,3.78808,98.71483
Maritim Belawan,0,3.78808,98.71483
Maritim Belawan,6.3,3.78808,98.71483
Maritim Belawan,1.6,3.78808,98.71483
Maritim Belawan,0.2,3.78808,98.71483
Maritim Belawan,0,3.78808,98.71483
Maritim Belawan,0.2,3.78808,98.71483
Maritim Belawan,0.3,3.78808,98.71483
Maritim Belawan,0,3.78808,98.71483
Maritim Belawan,0,3.78808,98.71483
Maritim Belawan,0,3.78808,98.71483
Maritim Belawan,0,3.78808,98.71483
Maritim Belawan,0,3.78808,98.71483
Maritim Belawan,0,3.78808,98.71483
Maritim Belawan,0,3.78808,98.71483
Maritim Belawan,0,3.78808,98.71483
Maritim Belawan,0,3.78808,98.71483
Maritim Belawan,0,3.78808,98.71483
Maritim Belawan,0,3.78808,98.71483
Maritim Belawan,0,3.78808,98.71483
Maritim Belawan,0,3.78808,98.71483
Maritim Belawan,0,3.78808,98.71483
Maritim Belawan,0,3.78808,98.71483
Maritim Belawan,0,3.78808,98.71483
Maritim Belawan,0,3.78808,98.71483
Maritim Belawan,0,3.78808,98.71483
Maritim Belawan,0,3.78808,98.71483
Maritim Belawan,5.8,3.78808,98.71483
Maritim Belawan,0,3.78808,98.71483
Maritim Belawan,0.3,3.78808,98.71483
Maritim Belawan,0,3.78808,98.71483
Maritim Belawan,0.2,3.78808,98.71483
Maritim Belawan,0,3.78808,98.71483
Maritim Belawan,0,3.78808,98.71483
Maritim Belawan,0,3.78808,98.71483
Maritim Belawan,0.8,3.78808,98.71483
Maritim Belawan,0,3.78808,98.71483
Maritim Belawan,0,3.78808,98.71483
Maritim Belawan,0,3.78808,98.71483
Maritim Belawan,0,3.78808,98.71483
Maritim Belawan,0,3.78808,98.71483
Maritim Belawan,0,3.78808,98.71483
Maritim Belawan,0,3.78808,98.71483
Maritim Belawan,0,3.78808,98.71483
Maritim Belawan,0,3.78808,98.71483
Maritim Belawan,0,3.78808,98.71483
Maritim Belawan,0,3.78808,98.71483
Maritim Belawan,0.5,3.78808,98.71483
Maritim Belawan,0,3.78808,98.71483
Maritim Belawan,0,3.78808,98.71483
Maritim Belawan,0,3.78808,98.71483
Maritim Belawan,0,3.78808,98.71483
Maritim Belawan,13.4,3.78808,98.71483
Maritim Belawan,0,3.78808,98.71483
Maritim Belawan,0,3.78808,98.71483
Maritim Belawan,34.3,3.78808,98.71483
Maritim Belawan,0,3.78808,98.71483
Maritim Belawan,2.6,3.78808,98.71483
Maritim Belawan,14.7,3.78808,98.71483
Maritim Belawan,0,3.78808,98.71483
Maritim Belawan,0,3.78808,98.71483
Maritim Belawan,0,3.78808,98.71483
Maritim Belawan,0,3.78808,98.71483
Maritim Belawan,0,3.78808,98.71483
Maritim Belawan,5.2,3.78808,98.71483
Maritim Belawan,2,3.78808,98.71483
Maritim Belawan,3.6,3.78808,98.71483
Maritim Belawan,15.4,3.78808,98.71483
Maritim Belawan,7.6,3.78808,98.71483
Maritim Belawan,15.7,3.78808,98.71483
Maritim Belawan,0,3.78808,98.71483
Maritim Belawan,5.8,3.78808,98.71483
Maritim Belawan,0.3,3.78808,98.71483
Maritim Belawan,0,3.78808,98.71483
Maritim Belawan,5.9,3.78808,98.71483
Maritim Belawan,0,3.78808,98.71483
Maritim Belawan,0.8,3.78808,98.71483
Maritim Belawan,0,3.78808,98.71483
Maritim Belawan,0,3.78808,98.71483
Maritim Belawan,0,3.78808,98.71483
Maritim Belawan,0,3.78808,98.71483
Maritim Belawan,0,3.78808,98.71483
Maritim Belawan,0,3.78808,98.71483
Maritim Belawan,65,3.78808,98.71483
Maritim Belawan,2.5,3.78808,98.71483
Maritim Belawan,0,3.78808,98.71483
Maritim Belawan,4,3.78808,98.71483
Maritim Belawan,0.9,3.78808,98.71483
Maritim Belawan,29.4,3.78808,98.71483
Maritim Belawan,0,3.78808,98.71483
Maritim Belawan,0,3.78808,98.71483
Maritim Belawan,7.4,3.78808,98.71483
Maritim Belawan,28.3,3.78808,98.71483
Maritim Belawan,2.5,3.78808,98.71483
Maritim Belawan,0,3.78808,98.71483
Maritim Belawan,0,3.78808,98.71483
Maritim Belawan,0.6,3.78808,98.71483
Maritim Belawan,0,3.78808,98.71483
Maritim Belawan,3.3,3.78808,98.71483
Maritim Belawan,7.5,3.78808,98.71483
Maritim Belawan,0,3.78808,98.71483
Maritim Belawan,0,3.78808,98.71483
Maritim Belawan,0,3.78808,98.71483
Maritim Belawan,0,3.78808,98.71483
Maritim Belawan,0,3.78808,98.71483
Maritim Belawan,0,3.78808,98.71483
Maritim Belawan,0,3.78808,98.71483
Maritim Belawan,5.1,3.78808,98.71483
Maritim Belawan,0,3.78808,98.71483
Maritim Belawan,0,3.78808,98.71483
Maritim Belawan,0,3.78808,98.71483
Maritim Belawan,10,3.78808,98.71483
Maritim Belawan,0,3.78808,98.71483
Maritim Belawan,0,3.78808,98.71483
Maritim Belawan,0,3.78808,98.71483
Maritim Belawan,14.4,3.78808,98.71483
Maritim Belawan,0,3.78808,98.71483
Maritim Belawan,0,3.78808,98.71483
Maritim Belawan,0,3.78808,98.71483
Maritim Belawan,0,3.78808,98.71483
Maritim Belawan,0.2,3.78808,98.71483
Maritim Belawan,0,3.78808,98.71483
Maritim Belawan,0,3.78808,98.71483
Maritim Belawan,5.3,3.78808,98.71483
Maritim Belawan,0,3.78808,98.71483
Maritim Belawan,3.7,3.78808,98.71483
Maritim Belawan,51.7,3.78808,98.71483
Maritim Belawan,0,3.78808,98.71483
Maritim Belawan,85.4,3.78808,98.71483
Maritim Belawan,0,3.78808,98.71483
Maritim Belawan,0,3.78808,98.71483
Maritim Belawan,107,3.78808,98.71483
Maritim Belawan,17.1,3.78808,98.71483
Maritim Belawan,3,3.78808,98.71483
Maritim Belawan,0,3.78808,98.71483
Maritim Belawan,0,3.78808,98.71483
Maritim Belawan,0,3.78808,98.71483
Maritim Belawan,0,3.78808,98.71483
Maritim Belawan,3.3,3.78808,98.71483
Maritim Belawan,6.6,3.78808,98.71483
Maritim Belawan,39.5,3.78808,98.71483
Maritim Belawan,0,3.78808,98.71483
Maritim Belawan,0.2,3.78808,98.71483
Maritim Belawan,0,3.78808,98.71483
Maritim Belawan,0,3.78808,98.71483
Maritim Belawan,0,3.78808,98.71483
Maritim Belawan,1.1,3.78808,98.71483
Maritim Belawan,0,3.78808,98.71483
Maritim Belawan,3.8,3.78808,98.71483
Maritim Belawan,0,3.78808,98.71483
Maritim Belawan,0,3.78808,98.71483
Maritim Belawan,9.5,3.78808,98.71483
Maritim Belawan,0,3.78808,98.71483
Maritim Belawan,6.2,3.78808,98.71483
Maritim Belawan,0,3.78808,98.71483
Maritim Belawan,0,3.78808,98.71483
Maritim Belawan,0,3.78808,98.71483
Maritim Belawan,0,3.78808,98.71483
Maritim Belawan,16.1,3.78808,98.71483
Maritim Belawan,0,3.78808,98.71483
Maritim Belawan,0.3,3.78808,98.71483
Maritim Belawan,1.8,3.78808,98.71483
Maritim Belawan,0,3.78808,98.71483
Maritim Belawan,0,3.78808,98.71483
Maritim Belawan,0.1,3.78808,98.71483
Maritim Belawan,90.1,3.78808,98.71483
Maritim Belawan,27.5,3.78808,98.71483
Maritim Belawan,0,3.78808,98.71483
Maritim Belawan,0,3.78808,98.71483
Maritim Belawan,24.3,3.78808,98.71483
Maritim Belawan,26.6,3.78808,98.71483
Maritim Belawan,16.3,3.78808,98.71483
Maritim Belawan,21.9,3.78808,98.71483
Maritim Belawan,6,3.78808,98.71483
Maritim Belawan,0.6,3.78808,98.71483
Maritim Belawan,9.4,3.78808,98.71483
Maritim Belawan,0,3.78808,98.71483
Maritim Belawan,0,3.78808,98.71483
Maritim Belawan,54.5,3.78808,98.71483
Maritim Belawan,0,3.78808,98.71483
Maritim Belawan,0.9,3.78808,98.71483
Maritim Belawan,14.4,3.78808,98.71483
Maritim Belawan,4.7,3.78808,98.71483
Maritim Belawan,3,3.78808,98.71483
Maritim Belawan,0,3.78808,98.71483
Maritim Belawan,59.3,3.78808,98.71483
Maritim Belawan,0,3.78808,98.71483
Maritim Belawan,50.9,3.78808,98.71483
Maritim Belawan,0,3.78808,98.71483
Maritim Belawan,14.2,3.78808,98.71483
Maritim Belawan,0.6,3.78808,98.71483
Maritim Belawan,35.1,3.78808,98.71483
Maritim Belawan,0.1,3.78808,98.71483
Maritim Belawan,5.4,3.78808,98.71483
Maritim Belawan,9.4,3.78808,98.71483
Maritim Belawan,40.1,3.78808,98.71483
Maritim Belawan,40.6,3.78808,98.71483
Maritim Belawan,0,3.78808,98.71483
Maritim Belawan,0.1,3.78808,98.71483
Maritim Belawan,4.5,3.78808,98.71483
Maritim Belawan,0,3.78808,98.71483
Maritim Belawan,32.2,3.78808,98.71483
Maritim Belawan,47.4,3.78808,98.71483
Maritim Belawan,109.1,3.78808,98.71483
Maritim Belawan,0.7,3.78808,98.71483
Maritim Belawan,20,3.78808,98.71483
Maritim Belawan,35.5,3.78808,98.71483
Maritim Belawan,4.5,3.78808,98.71483
Maritim Belawan,0.5,3.78808,98.71483
Maritim Belawan,7,3.78808,98.71483
Maritim Belawan,12,3.78808,98.71483
Maritim Belawan,1,3.78808,98.71483
Maritim Belawan,28.4,3.78808,98.71483
Maritim Belawan,17.8,3.78808,98.71483
Maritim Belawan,2.4,3.78808,98.71483
Maritim Belawan,0,3.78808,98.71483
Maritim Belawan,0,3.78808,98.71483
Maritim Belawan,0.2,3.78808,98.71483
Maritim Belawan,31.2,3.78808,98.71483
Maritim Belawan,0,3.78808,98.71483
Maritim Belawan,0.2,3.78808,98.71483
Maritim Belawan,27.9,3.78808,98.71483
Maritim Belawan,3.4,3.78808,98.71483
Maritim Belawan,0,3.78808,98.71483
Maritim Belawan,0,3.78808,98.71483
Maritim Belawan,0,3.78808,98.71483
Maritim Belawan,20.6,3.78808,98.71483
Maritim Belawan,6.9,3.78808,98.71483
Maritim Belawan,2.8,3.78808,98.71483
Maritim Belawan,0,3.78808,98.71483
Maritim Belawan,8.7,3.78808,98.71483
Maritim Belawan,0,3.78808,98.71483
Maritim Belawan,0.1,3.78808,98.71483
Maritim Belawan,0,3.78808,98.71483
Maritim Belawan,0,3.78808,98.71483
Maritim Belawan,11.6,3.78808,98.71483
Maritim Belawan,0.3,3.78808,98.71483
Maritim Belawan,0.2,3.78808,98.71483
Maritim Belawan,0.4,3.78808,98.71483
Maritim Belawan,0.1,3.78808,98.71483
Maritim Belawan,2,3.78808,98.71483
Maritim Belawan,0.5,3.78808,98.71483
Maritim Belawan,0,3.78808,98.71483
Maritim Belawan,0,3.78808,98.71483
Maritim Belawan,22.1,3.78808,98.71483
Maritim Belawan,0,3.78808,98.71483
Maritim Belawan,0,3.78808,98.71483
Maritim Belawan,0,3.78808,98.71483
Maritim Belawan,7.1,3.78808,98.71483
Maritim Belawan,7.9,3.78808,98.71483
Maritim Belawan,0,3.78808,98.71483
Maritim Belawan,0,3.78808,98.71483
Maritim Belawan,5.2,3.78808,98.71483
Maritim Belawan,0.4,3.78808,98.71483
Maritim Belawan,0,3.78808,98.71483
Maritim Belawan,0,3.78808,98.71483
Maritim Belawan,14,3.78808,98.71483
Maritim Belawan,0.8,3.78808,98.71483
Maritim Belawan,0,3.78808,98.71483
Maritim Belawan,5.1,3.78808,98.71483
Maritim Belawan,1.4,3.78808,98.71483
Maritim Belawan,2.8,3.78808,98.71483
Maritim Belawan,5,3.78808,98.71483
Maritim Belawan,0.1,3.78808,98.71483
Maritim Belawan,6.2,3.78808,98.71483
Maritim Belawan,0.7,3.78808,98.71483
Maritim Belawan,4.3,3.78808,98.71483
Maritim Belawan,0,3.78808,98.71483
Maritim Belawan,0,3.78808,98.71483
Maritim Belawan,4.4,3.78808,98.71483
Maritim Belawan,0,3.78808,98.71483
Maritim Belawan,3,3.78808,98.71483
Maritim Belawan,0,3.78808,98.71483
Maritim Belawan,0.8,3.78808,98.71483
Maritim Belawan,0,3.78808,98.71483
Maritim Belawan,15.2,3.78808,98.71483
Maritim Belawan,1.4,3.78808,98.71483
Maritim Belawan,16.1,3.78808,98.71483
Maritim Belawan,3.5,3.78808,98.71483
Maritim Belawan,0,3.78808,98.71483
Maritim Belawan,0,3.78808,98.71483
Maritim Belawan,2.1,3.78808,98.71483
Maritim Belawan,0,3.78808,98.71483
Maritim Belawan,0,3.78808,98.71483
Maritim Belawan,0,3.78808,98.71483
Maritim Belawan,0.6,3.78808,98.71483
Maritim Belawan,0,3.78808,98.71483
Maritim Belawan,0,3.78808,98.71483
Maritim Belawan,5.2,3.78808,98.71483
Maritim Belawan,0.3,3.78808,98.71483
Maritim Belawan,0,3.78808,98.71483
Maritim Belawan,0,3.78808,98.71483
Maritim Belawan,0.5,3.78808,98.71483
Maritim Belawan,0.1,3.78808,98.71483
Maritim Belawan,0,3.78808,98.71483
Maritim Belawan,0,3.78808,98.71483
Maritim Belawan,2.1,3.78808,98.71483
Maritim Belawan,8.3,3.78808,98.71483
Maritim Belawan,0,3.78808,98.71483
Maritim Belawan,7.7,3.78808,98.71483
Maritim Belawan,9.2,3.78808,98.71483
Maritim Belawan,1.4,3.78808,98.71483
Maritim Belawan,3,3.78808,98.71483
Maritim Belawan,0.5,3.78808,98.71483
Maritim Belawan,0,3.78808,98.71483
Maritim Belawan,4.6,3.78808,98.71483
Maritim Belawan,0,3.78808,98.71483
Maritim Belawan,0,3.78808,98.71483
Maritim Belawan,0.6,3.78808,98.71483
Maritim Belawan,1.4,3.78808,98.71483
Maritim Belawan,0,3.78808,98.71483
Maritim Belawan,0,3.78808,98.71483
Maritim Belawan,8,3.78808,98.71483
Maritim Belawan,0,3.78808,98.71483
Maritim Belawan,7,3.78808,98.71483
Maritim Belawan,0,3.78808,98.71483
Maritim Belawan,1.8,3.78808,98.71483
Maritim Belawan,19.4,3.78808,98.71483
Maritim Belawan,0,3.78808,98.71483
Maritim Belawan,0,3.78808,98.71483
Maritim Belawan,0.3,3.78808,98.71483
Maritim Belawan,26,3.78808,98.71483
Maritim Belawan,57.7,3.78808,98.71483
Maritim Belawan,27.6,3.78808,98.71483
Maritim Belawan,4.3,3.78808,98.71483
Maritim Belawan,0,3.78808,98.71483
Maritim Belawan,0,3.78808,98.71483
Maritim Belawan,4.9,3.78808,98.71483
Maritim Belawan,0,3.78808,98.71483
Maritim Belawan,0.8,3.78808,98.71483
Maritim Belawan,0,3.78808,98.71483
Maritim Belawan,0,3.78808,98.71483
Maritim Belawan,0,3.78808,98.71483
Maritim Belawan,0,3.78808,98.71483
Maritim Belawan,0,3.78808,98.71483
Maritim Belawan,1.5,3.78808,98.71483
Maritim Belawan,0,3.78808,98.71483
Maritim Belawan,0,3.78808,98.71483
Maritim Belawan,4.5,3.78808,98.71483
Maritim Belawan,18.2,3.78808,98.71483
Maritim Belawan,0,3.78808,98.71483
Maritim Belawan,0,3.78808,98.71483
Maritim Belawan,30.2,3.78808,98.71483
Maritim Belawan,1.8,3.78808,98.71483
Maritim Belawan,0,3.78808,98.71483
Maritim Belawan,0,3.78808,98.71483
Maritim Belawan,2.4,3.78808,98.71483
Maritim Belawan,0,3.78808,98.71483
Maritim Belawan,0.6,3.78808,98.71483
Maritim Belawan,0,3.78808,98.71483
Maritim Belawan,5.3,3.78808,98.71483
Maritim Belawan,0,3.78808,98.71483
Maritim Belawan,0.4,3.78808,98.71483
Maritim Belawan,5.8,3.78808,98.71483
Maritim Belawan,0,3.78808,98.71483
Maritim Belawan,0,3.78808,98.71483
Maritim Belawan,0.1,3.78808,98.71483
Maritim Belawan,4,3.78808,98.71483
Maritim Belawan,0,3.78808,98.71483
Maritim Belawan,4.6,3.78808,98.71483
Maritim Belawan,0,3.78808,98.71483
Maritim Belawan,0,3.78808,98.71483
Maritim Belawan,0,3.78808,98.71483
Maritim Belawan,0,3.78808,98.71483
Maritim Belawan,2.6,3.78808,98.71483
Maritim Belawan,0,3.78808,98.71483
Maritim Belawan,0,3.78808,98.71483
Maritim Belawan,0,3.78808,98.71483
Maritim Belawan,0,3.78808,98.71483
Maritim Belawan,8.3,3.78808,98.71483
Maritim Belawan,0,3.78808,98.71483
Maritim Belawan,3.2,3.78808,98.71483
Maritim Belawan,0,3.78808,98.71483
Maritim Belawan,0,3.78808,98.71483
Maritim Belawan,0,3.78808,98.71483
Maritim Belawan,0,3.78808,98.71483
Maritim Belawan,0,3.78808,98.71483
Maritim Belawan,0,3.78808,98.71483
Maritim Belawan,0.9,3.78808,98.71483
Maritim Belawan,0,3.78808,98.71483
Maritim Belawan,8.2,3.78808,98.71483
Maritim Belawan,0,3.78808,98.71483
Maritim Belawan,0,3.78808,98.71483
Maritim Belawan,0,3.78808,98.71483
Maritim Belawan,0,3.78808,98.71483
Maritim Belawan,0,3.78808,98.71483
Maritim Belawan,0,3.78808,98.71483
Maritim Belawan,1,3.78808,98.71483
Maritim Belawan,0,3.78808,98.71483
Maritim Belawan,0,3.78808,98.71483
Maritim Belawan,6,3.78808,98.71483
Maritim Belawan,0,3.78808,98.71483
Maritim Belawan,0,3.78808,98.71483
Maritim Belawan,0,3.78808,98.71483
Maritim Belawan,0,3.78808,98.71483
Maritim Belawan,0,3.78808,98.71483
Maritim Belawan,24,3.78808,98.71483
Maritim Belawan,0,3.78808,98.71483
Maritim Belawan,0,3.78808,98.71483
Maritim Belawan,0,3.78808,98.71483
Maritim Belawan,0.5,3.78808,98.71483
Maritim Belawan,6.5,3.78808,98.71483
Maritim Belawan,0,3.78808,98.71483
Maritim Belawan,0,3.78808,98.71483
Maritim Belawan,6,3.78808,98.71483
Maritim Belawan,2.2,3.78808,98.71483
Maritim Belawan,3.6,3.78808,98.71483
Maritim Belawan,0,3.78808,98.71483
Maritim Belawan,0.4,3.78808,98.71483
Maritim Belawan,0,3.78808,98.71483
Maritim Belawan,1,3.78808,98.71483
Maritim Belawan,0,3.78808,98.71483
Maritim Belawan,3.3,3.78808,98.71483
Maritim Belawan,0.2,3.78808,98.71483
Maritim Belawan,0,3.78808,98.71483
Maritim Belawan,0,3.78808,98.71483
Maritim Belawan,1,3.78808,98.71483
Maritim Belawan,0,3.78808,98.71483
Maritim Belawan,0.6,3.78808,98.71483
Maritim Belawan,0,3.78808,98.71483
Maritim Belawan,0,3.78808,98.71483
Maritim Belawan,0,3.78808,98.71483
Maritim Belawan,12.8,3.78808,98.71483
Maritim Belawan,2.1,3.78808,98.71483
Maritim Belawan,11.8,3.78808,98.71483
Maritim Belawan,0,3.78808,98.71483
Maritim Belawan,0,3.78808,98.71483
Maritim Belawan,50.8,3.78808,98.71483
Maritim Belawan,2,3.78808,98.71483
Maritim Belawan,0,3.78808,98.71483
Maritim Belawan,0,3.78808,98.71483
Maritim Belawan,0,3.78808,98.71483
Maritim Belawan,0,3.78808,98.71483
Maritim Belawan,0,3.78808,98.71483
Maritim Belawan,12,3.78808,98.71483
Maritim Belawan,0,3.78808,98.71483
Maritim Belawan,0,3.78808,98.71483
Maritim Belawan,10,3.78808,98.71483
Maritim Belawan,4.7,3.78808,98.71483
Maritim Belawan,0,3.78808,98.71483
Maritim Belawan,0,3.78808,98.71483
Maritim Belawan,2.1,3.78808,98.71483
Maritim Belawan,1.8,3.78808,98.71483
Maritim Belawan,0,3.78808,98.71483
Maritim Belawan,0,3.78808,98.71483
Maritim Belawan,5.2,3.78808,98.71483
Maritim Belawan,0,3.78808,98.71483
Maritim Belawan,6.5,3.78808,98.71483
Maritim Belawan,0,3.78808,98.71483
Maritim Belawan,0,3.78808,98.71483
Maritim Belawan,0,3.78808,98.71483
Maritim Belawan,0,3.78808,98.71483
Maritim Belawan,0,3.78808,98.71483
Maritim Belawan,0,3.78808,98.71483
Maritim Belawan,12.7,3.78808,98.71483
Maritim Belawan,0,3.78808,98.71483
Maritim Belawan,0.6,3.78808,98.71483
Maritim Belawan,0,3.78808,98.71483
Maritim Belawan,2.2,3.78808,98.71483
Maritim Belawan,0,3.78808,98.71483
Maritim Belawan,32.6,3.78808,98.71483
Maritim Belawan,17.4,3.78808,98.71483
Maritim Belawan,0.7,3.78808,98.71483
Maritim Belawan,0,3.78808,98.71483
Maritim Belawan,0.3,3.78808,98.71483
Maritim Belawan,2.6,3.78808,98.71483
Maritim Belawan,0,3.78808,98.71483
Maritim Belawan,0,3.78808,98.71483
Maritim Belawan,7.4,3.78808,98.71483
Maritim Belawan,0,3.78808,98.71483
Maritim Belawan,28.1,3.78808,98.71483
Maritim Belawan,0,3.78808,98.71483
Maritim Belawan,0,3.78808,98.71483
Maritim Belawan,19,3.78808,98.71483
Maritim Belawan,0,3.78808,98.71483
Maritim Belawan,0,3.78808,98.71483
Maritim Belawan,0,3.78808,98.71483
Maritim Belawan,14.9,3.78808,98.71483
Maritim Belawan,0,3.78808,98.71483
Maritim Belawan,9.6,3.78808,98.71483
Maritim Belawan,0.8,3.78808,98.71483
Maritim Belawan,0,3.78808,98.71483
Maritim Belawan,0,3.78808,98.71483
Maritim Belawan,5.2,3.78808,98.71483
Maritim Belawan,0,3.78808,98.71483
Maritim Belawan,0,3.78808,98.71483
Maritim Belawan,0,3.78808,98.71483
Maritim Belawan,0,3.78808,98.71483
Maritim Belawan,4.2,3.78808,98.71483
Maritim Belawan,0.1,3.78808,98.71483
Maritim Belawan,9.8,3.78808,98.71483
Maritim Belawan,0,3.78808,98.71483
Maritim Belawan,0,3.78808,98.71483
Maritim Belawan,0,3.78808,98.71483
Maritim Belawan,34.4,3.78808,98.71483
Maritim Belawan,0,3.78808,98.71483
Maritim Belawan,0,3.78808,98.71483
Maritim Belawan,59,3.78808,98.71483
Maritim Belawan,0,3.78808,98.71483
Maritim Belawan,0,3.78808,98.71483
Maritim Belawan,0,3.78808,98.71483
Maritim Belawan,0,3.78808,98.71483
Maritim Belawan,0,3.78808,98.71483
Maritim Belawan,0,3.78808,98.71483
Maritim Belawan,0,3.78808,98.71483
Maritim Belawan,0,3.78808,98.71483
Maritim Belawan,0,3.78808,98.71483
Maritim Belawan,19.6,3.78808,98.71483
Maritim Belawan,12.5,3.78808,98.71483
Maritim Belawan,0,3.78808,98.71483
Maritim Belawan,1.9,3.78808,98.71483
Maritim Belawan,17.4,3.78808,98.71483
Maritim Belawan,2.7,3.78808,98.71483
Maritim Belawan,0.8,3.78808,98.71483
Maritim Belawan,0,3.78808,98.71483
Maritim Belawan,0,3.78808,98.71483
Maritim Belawan,1.8,3.78808,98.71483
Maritim Belawan,23.5,3.78808,98.71483
Maritim Belawan,0,3.78808,98.71483
Maritim Belawan,0.3,3.78808,98.71483
Maritim Belawan,4.2,3.78808,98.71483
Maritim Belawan,0,3.78808,98.71483
Maritim Belawan,47,3.78808,98.71483
Maritim Belawan,0,3.78808,98.71483
Maritim Belawan,48.8,3.78808,98.71483
Maritim Belawan,1.5,3.78808,98.71483
Maritim Belawan,38.5,3.78808,98.71483
Maritim Belawan,0,3.78808,98.71483
Maritim Belawan,15,3.78808,98.71483
Maritim Belawan,0,3.78808,98.71483
Maritim Belawan,9.7,3.78808,98.71483
Maritim Belawan,0.7,3.78808,98.71483
Maritim Belawan,5.5,3.78808,98.71483
Maritim Belawan,0,3.78808,98.71483
Maritim Belawan,3.3,3.78808,98.71483
Maritim Belawan,2,3.78808,98.71483
Maritim Belawan,5.2,3.78808,98.71483
Maritim Belawan,0,3.78808,98.71483
Maritim Belawan,48.3,3.78808,98.71483
Maritim Belawan,0,3.78808,98.71483
Maritim Belawan,16.5,3.78808,98.71483
Maritim Belawan,22.1,3.78808,98.71483
Maritim Belawan,0,3.78808,98.71483
Maritim Belawan,0,3.78808,98.71483
Maritim Belawan,13,3.78808,98.71483
Maritim Belawan,0,3.78808,98.71483
Maritim Belawan,0.3,3.78808,98.71483
Maritim Belawan,0.4,3.78808,98.71483
Maritim Belawan,37,3.78808,98.71483
Maritim Belawan,70,3.78808,98.71483
Maritim Belawan,9.6,3.78808,98.71483
Maritim Belawan,6,3.78808,98.71483
Maritim Belawan,0,3.78808,98.71483
Maritim Belawan,1.5,3.78808,98.71483
Maritim Belawan,10.8,3.78808,98.71483
Maritim Belawan,3.1,3.78808,98.71483
Maritim Belawan,6.5,3.78808,98.71483
Maritim Belawan,10,3.78808,98.71483
Maritim Belawan,0,3.78808,98.71483
Maritim Belawan,18.4,3.78808,98.71483
Maritim Belawan,0,3.78808,98.71483
Maritim Belawan,17.3,3.78808,98.71483
Maritim Belawan,0,3.78808,98.71483
Maritim Belawan,0,3.78808,98.71483
Maritim Belawan,0,3.78808,98.71483
Maritim Belawan,2,3.78808,98.71483
Maritim Belawan,1.9,3.78808,98.71483
Maritim Belawan,0,3.78808,98.71483
Maritim Belawan,11.6,3.78808,98.71483
Maritim Belawan,0,3.78808,98.71483
Maritim Belawan,0,3.78808,98.71483
Maritim Belawan,110,3.78808,98.71483
Maritim Belawan,0,3.78808,98.71483
Maritim Belawan,0.4,3.78808,98.71483
Maritim Belawan,0,3.78808,98.71483
Maritim Belawan,0.6,3.78808,98.71483
Maritim Belawan,0,3.78808,98.71483
Maritim Belawan,0,3.78808,98.71483
Maritim Belawan,17,3.78808,98.71483
Maritim Belawan,0.2,3.78808,98.71483
Maritim Belawan,0,3.78808,98.71483
Maritim Belawan,0,3.78808,98.71483
Maritim Belawan,0,3.78808,98.71483
Maritim Belawan,29.7,3.78808,98.71483
Maritim Belawan,4.9,3.78808,98.71483
Maritim Belawan,0,3.78808,98.71483
Maritim Belawan,67.4,3.78808,98.71483
Maritim Belawan,0,3.78808,98.71483
Maritim Belawan,60,3.78808,98.71483
Maritim Belawan,0.3,3.78808,98.71483
Maritim Belawan,0.2,3.78808,98.71483
Maritim Belawan,0.8,3.78808,98.71483
Maritim Belawan,9,3.78808,98.71483
Maritim Belawan,0,3.78808,98.71483
Maritim Belawan,0,3.78808,98.71483
Maritim Belawan,31.4,3.78808,98.71483
Maritim Belawan,7,3.78808,98.71483
Maritim Belawan,9.6,3.78808,98.71483
Maritim Belawan,0.5,3.78808,98.71483
Maritim Belawan,0,3.78808,98.71483
Maritim Belawan,1.3,3.78808,98.71483
Maritim Belawan,4,3.78808,98.71483
Maritim Belawan,0.2,3.78808,98.71483
Maritim Belawan,0.5,3.78808,98.71483
Maritim Belawan,0,3.78808,98.71483
Maritim Belawan,6,3.78808,98.71483
Maritim Belawan,0.3,3.78808,98.71483
Maritim Belawan,4.6,3.78808,98.71483
Maritim Belawan,0,3.78808,98.71483
Maritim Belawan,9,3.78808,98.71483
Maritim Belawan,0,3.78808,98.71483
Maritim Belawan,0.2,3.78808,98.71483
Maritim Belawan,1.9,3.78808,98.71483
Maritim Belawan,0,3.78808,98.71483
Maritim Belawan,0,3.78808,98.71483
Maritim Belawan,2.3,3.78808,98.71483
Maritim Belawan,0,3.78808,98.71483
Maritim Belawan,26.9,3.78808,98.71483
Maritim Belawan,12.3,3.78808,98.71483
Maritim Belawan,0,3.78808,98.71483
Maritim Belawan,0,3.78808,98.71483
Maritim Belawan,1.3,3.78808,98.71483
Maritim Belawan,0,3.78808,98.71483
Maritim Belawan,0,3.78808,98.71483
Maritim Belawan,4.9,3.78808,98.71483
Maritim Belawan,4.2,3.78808,98.71483
Maritim Belawan,23.9,3.78808,98.71483
Maritim Belawan,0,3.78808,98.71483
Maritim Belawan,0,3.78808,98.71483
Maritim Belawan,34.2,3.78808,98.71483
Maritim Belawan,0,3.78808,98.71483
Maritim Belawan,20.8,3.78808,98.71483
Maritim Belawan,0.2,3.78808,98.71483
Maritim Belawan,0.2,3.78808,98.71483
Maritim Belawan,0,3.78808,98.71483
Maritim Belawan,0,3.78808,98.71483
Maritim Belawan,31.4,3.78808,98.71483
Maritim Belawan,0.6,3.78808,98.71483
Maritim Belawan,0,3.78808,98.71483
Maritim Belawan,0,3.78808,98.71483
Maritim Belawan,25.5,3.78808,98.71483
Maritim Belawan,94,3.78808,98.71483
Maritim Belawan,0,3.78808,98.71483
Maritim Belawan,13,3.78808,98.71483
Maritim Belawan,0,3.78808,98.71483
Maritim Belawan,23.7,3.78808,98.71483
Maritim Belawan,37.4,3.78808,98.71483
Maritim Belawan,0.4,3.78808,98.71483
Maritim Belawan,0.2,3.78808,98.71483
Maritim Belawan,0,3.78808,98.71483
Maritim Belawan,0.6,3.78808,98.71483
Maritim Belawan,6.6,3.78808,98.71483
Maritim Belawan,100.4,3.78808,98.71483
Maritim Belawan,0,3.78808,98.71483
Maritim Belawan,1.9,3.78808,98.71483
Maritim Belawan,4.4,3.78808,98.71483
Maritim Belawan,4.8,3.78808,98.71483
Maritim Belawan,0,3.78808,98.71483
Maritim Belawan,0,3.78808,98.71483
Maritim Belawan,0.1,3.78808,98.71483
Maritim Belawan,0,3.78808,98.71483
Maritim Belawan,0,3.78808,98.71483
Maritim Belawan,15,3.78808,98.71483
Maritim Belawan,0,3.78808,98.71483
Maritim Belawan,47.1,3.78808,98.71483
Maritim Belawan,0.9,3.78808,98.71483
Maritim Belawan,0.3,3.78808,98.71483
Maritim Belawan,13,3.78808,98.71483
Maritim Belawan,0,3.78808,98.71483
Maritim Belawan,0.5,3.78808,98.71483
Maritim Belawan,3.3,3.78808,98.71483
Maritim Belawan,23.1,3.78808,98.71483
Maritim Belawan,0,3.78808,98.71483
Maritim Belawan,4.2,3.78808,98.71483
Maritim Belawan,0,3.78808,98.71483
Maritim Belawan,0.1,3.78808,98.71483
Maritim Belawan,0,3.78808,98.71483
Maritim Belawan,2.1,3.78808,98.71483
Maritim Belawan,4,3.78808,98.71483
Maritim Belawan,2.8,3.78808,98.71483
Maritim Belawan,11,3.78808,98.71483
Maritim Belawan,1.1,3.78808,98.71483
Maritim Belawan,30.4,3.78808,98.71483
Maritim Belawan,0,3.78808,98.71483
Maritim Belawan,1.9,3.78808,98.71483
Maritim Belawan,0,3.78808,98.71483
Maritim Belawan,0,3.78808,98.71483
Maritim Belawan,0,3.78808,98.71483
Maritim Belawan,0,3.78808,98.71483
Maritim Belawan,30,3.78808,98.71483
Maritim Belawan,4.4,3.78808,98.71483
Maritim Belawan,0,3.78808,98.71483
Maritim Belawan,0,3.78808,98.71483
Maritim Belawan,0,3.78808,98.71483
Maritim Belawan,0,3.78808,98.71483
Maritim Belawan,0,3.78808,98.71483
Maritim Belawan,0,3.78808,98.71483
Maritim Belawan,0.6,3.78808,98.71483
Maritim Belawan,0,3.78808,98.71483
Maritim Belawan,0,3.78808,98.71483
Maritim Belawan,0,3.78808,98.71483
Maritim Belawan,0,3.78808,98.71483
Maritim Belawan,0,3.78808,98.71483
Maritim Belawan,0,3.78808,98.71483
Maritim Belawan,0,3.78808,98.71483
Maritim Belawan,5,3.78808,98.71483
Maritim Belawan,0,3.78808,98.71483
Maritim Belawan,0,3.78808,98.71483
Maritim Belawan,0,3.78808,98.71483
Maritim Belawan,0.3,3.78808,98.71483
Maritim Belawan,0,3.78808,98.71483
Maritim Belawan,0,3.78808,98.71483
Maritim Belawan,0,3.78808,98.71483
Maritim Belawan,0,3.78808,98.71483
Maritim Belawan,0,3.78808,98.71483
Maritim Belawan,0,3.78808,98.71483
Maritim Belawan,0,3.78808,98.71483
Maritim Belawan,4,3.78808,98.71483
Maritim Belawan,0,3.78808,98.71483
Maritim Belawan,0,3.78808,98.71483
Maritim Belawan,0,3.78808,98.71483
Maritim Belawan,0,3.78808,98.71483
Maritim Belawan,0,3.78808,98.71483
Maritim Belawan,0,3.78808,98.71483
Maritim Belawan,0,3.78808,98.71483
Maritim Belawan,27.3,3.78808,98.71483
Maritim Belawan,0,3.78808,98.71483
Maritim Belawan,0,3.78808,98.71483
Maritim Belawan,0,3.78808,98.71483
Maritim Belawan,0,3.78808,98.71483
Maritim Belawan,0.3,3.78808,98.71483
Maritim Belawan,0,3.78808,98.71483
Maritim Belawan,0,3.78808,98.71483
Maritim Belawan,0,3.78808,98.71483
Maritim Belawan,1.6,3.78808,98.71483
Maritim Belawan,0,3.78808,98.71483
Maritim Belawan,0,3.78808,98.71483
Maritim Belawan,1.7,3.78808,98.71483
Maritim Belawan,0,3.78808,98.71483
Maritim Belawan,1.7,3.78808,98.71483
Maritim Belawan,0,3.78808,98.71483
Maritim Belawan,11.2,3.78808,98.71483
Maritim Belawan,3.6,3.78808,98.71483
Maritim Belawan,0,3.78808,98.71483
Maritim Belawan,0.5,3.78808,98.71483
Maritim Belawan,0,3.78808,98.71483
Maritim Belawan,0,3.78808,98.71483
Maritim Belawan,0,3.78808,98.71483
Maritim Belawan,0,3.78808,98.71483
Maritim Belawan,0,3.78808,98.71483
Maritim Belawan,70.2,3.78808,98.71483
Maritim Belawan,5.8,3.78808,98.71483
Maritim Belawan,0,3.78808,98.71483
Maritim Belawan,0,3.78808,98.71483
Maritim Belawan,5,3.78808,98.71483
Maritim Belawan,0,3.78808,98.71483
Maritim Belawan,6.4,3.78808,98.71483
Maritim Belawan,0,3.78808,98.71483
Maritim Belawan,0,3.78808,98.71483
Maritim Belawan,0,3.78808,98.71483
Maritim Belawan,0,3.78808,98.71483
Maritim Belawan,0,3.78808,98.71483
Maritim Belawan,0.9,3.78808,98.71483
Maritim Belawan,7.5,3.78808,98.71483
Maritim Belawan,0,3.78808,98.71483
Maritim Belawan,0,3.78808,98.71483
Maritim Belawan,0,3.78808,98.71483
Maritim Belawan,0,3.78808,98.71483
Maritim Belawan,0,3.78808,98.71483
Maritim Belawan,0.8,3.78808,98.71483
Maritim Belawan,7,3.78808,98.71483
Maritim Belawan,0,3.78808,98.71483
Maritim Belawan,0,3.78808,98.71483
Maritim Belawan,0.3,3.78808,98.71483
Maritim Belawan,7.6,3.78808,98.71483
Maritim Belawan,0,3.78808,98.71483
Maritim Belawan,0,3.78808,98.71483
Maritim Belawan,0,3.78808,98.71483
Maritim Belawan,0,3.78808,98.71483
Maritim Belawan,0,3.78808,98.71483
Maritim Belawan,4.5,3.78808,98.71483
Maritim Belawan,0.1,3.78808,98.71483
Maritim Belawan,0,3.78808,98.71483
Maritim Belawan,4.4,3.78808,98.71483
Maritim Belawan,0,3.78808,98.71483
Maritim Belawan,0,3.78808,98.71483
Maritim Belawan,10,3.78808,98.71483
Maritim Belawan,6.3,3.78808,98.71483
Maritim Belawan,0.3,3.78808,98.71483
Maritim Belawan,0,3.78808,98.71483
Maritim Belawan,0,3.78808,98.71483
Maritim Belawan,9.1,3.78808,98.71483
Maritim Belawan,0,3.78808,98.71483
Maritim Belawan,0,3.78808,98.71483
Maritim Belawan,0,3.78808,98.71483
Maritim Belawan,0,3.78808,98.71483
Maritim Belawan,2,3.78808,98.71483
Maritim Belawan,0,3.78808,98.71483
Maritim Belawan,9.4,3.78808,98.71483
Maritim Belawan,0,3.78808,98.71483
Maritim Belawan,0,3.78808,98.71483
Maritim Belawan,1.7,3.78808,98.71483
Maritim Belawan,0,3.78808,98.71483
Maritim Belawan,0,3.78808,98.71483
Maritim Belawan,0.9,3.78808,98.71483
Maritim Belawan,0.4,3.78808,98.71483
Maritim Belawan,0.3,3.78808,98.71483
Maritim Belawan,0,3.78808,98.71483
Maritim Belawan,0,3.78808,98.71483
Maritim Belawan,0,3.78808,98.71483
Maritim Belawan,7.9,3.78808,98.71483
Maritim Belawan,29,3.78808,98.71483
Maritim Belawan,0,3.78808,98.71483
Maritim Belawan,0,3.78808,98.71483
Maritim Belawan,4,3.78808,98.71483
Maritim Belawan,0,3.78808,98.71483
Maritim Belawan,0,3.78808,98.71483
Maritim Belawan,0,3.78808,98.71483
Maritim Belawan,0,3.78808,98.71483
Maritim Belawan,0,3.78808,98.71483
Maritim Belawan,0,3.78808,98.71483
Maritim Belawan,8.3,3.78808,98.71483
Maritim Belawan,0,3.78808,98.71483
Maritim Belawan,0,3.78808,98.71483
Maritim Belawan,0,3.78808,98.71483
Maritim Belawan,0.6,3.78808,98.71483
Maritim Belawan,0,3.78808,98.71483
Maritim Belawan,0.3,3.78808,98.71483
Maritim Belawan,13.3,3.78808,98.71483
Maritim Belawan,3.4,3.78808,98.71483
Maritim Belawan,0,3.78808,98.71483
Maritim Belawan,0,3.78808,98.71483
Maritim Belawan,0,3.78808,98.71483
Maritim Belawan,0,3.78808,98.71483
Maritim Belawan,0,3.78808,98.71483
Maritim Belawan,24.1,3.78808,98.71483
Maritim Belawan,0,3.78808,98.71483
Maritim Belawan,0,3.78808,98.71483
Maritim Belawan,0,3.78808,98.71483
Maritim Belawan,0,3.78808,98.71483
Maritim Belawan,0,3.78808,98.71483
Maritim Belawan,0,3.78808,98.71483
Maritim Belawan,3.2,3.78808,98.71483
Maritim Belawan,0,3.78808,98.71483
Maritim Belawan,63.9,3.78808,98.71483
Maritim Belawan,9.3,3.78808,98.71483
Maritim Belawan,0,3.78808,98.71483
Maritim Belawan,0,3.78808,98.71483
Maritim Belawan,0,3.78808,98.71483
Maritim Belawan,0,3.78808,98.71483
Maritim Belawan,0,3.78808,98.71483
Maritim Belawan,59.6,3.78808,98.71483
Maritim Belawan,23.4,3.78808,98.71483
Maritim Belawan,0,3.78808,98.71483
Maritim Belawan,10.2,3.78808,98.71483
Maritim Belawan,0,3.78808,98.71483
Maritim Belawan,0,3.78808,98.71483
Maritim Belawan,0,3.78808,98.71483
Maritim Belawan,0,3.78808,98.71483
Maritim Belawan,18.4,3.78808,98.71483
Maritim Belawan,29.8,3.78808,98.71483
Maritim Belawan,0,3.78808,98.71483
Maritim Belawan,0,3.78808,98.71483
Maritim Belawan,0.1,3.78808,98.71483
Maritim Belawan,0,3.78808,98.71483
Maritim Belawan,0,3.78808,98.71483
Maritim Belawan,5.3,3.78808,98.71483
Maritim Belawan,0,3.78808,98.71483
Maritim Belawan,0,3.78808,98.71483
Maritim Belawan,0,3.78808,98.71483
Maritim Belawan,0,3.78808,98.71483
Maritim Belawan,0,3.78808,98.71483
Maritim Belawan,0,3.78808,98.71483
Maritim Belawan,10.5,3.78808,98.71483
Maritim Belawan,0,3.78808,98.71483
Maritim Belawan,0,3.78808,98.71483
Maritim Belawan,0,3.78808,98.71483
Maritim Belawan,0.2,3.78808,98.71483
Maritim Belawan,0,3.78808,98.71483
Maritim Belawan,0,3.78808,98.71483
Maritim Belawan,28,3.78808,98.71483
Maritim Belawan,0,3.78808,98.71483
Maritim Belawan,0,3.78808,98.71483
Maritim Belawan,0,3.78808,98.71483
Maritim Belawan,14.8,3.78808,98.71483
Maritim Belawan,0,3.78808,98.71483
Maritim Belawan,0,3.78808,98.71483
Maritim Belawan,0,3.78808,98.71483
Maritim Belawan,0,3.78808,98.71483
Maritim Belawan,20.1,3.78808,98.71483
Maritim Belawan,30,3.78808,98.71483
Maritim Belawan,0,3.78808,98.71483
Maritim Belawan,0,3.78808,98.71483
Maritim Belawan,0,3.78808,98.71483
Maritim Belawan,5.5,3.78808,98.71483
Maritim Belawan,0,3.78808,98.71483
Maritim Belawan,3.5,3.78808,98.71483
Maritim Belawan,0,3.78808,98.71483
Maritim Belawan,0,3.78808,98.71483
Maritim Belawan,2.1,3.78808,98.71483
Maritim Belawan,21,3.78808,98.71483
Maritim Belawan,0.3,3.78808,98.71483
Maritim Belawan,0,3.78808,98.71483
Maritim Belawan,0.6,3.78808,98.71483
Maritim Belawan,0,3.78808,98.71483
Maritim Belawan,15.9,3.78808,98.71483
Maritim Belawan,0,3.78808,98.71483
Maritim Belawan,0.5,3.78808,98.71483
Maritim Belawan,21.5,3.78808,98.71483
Maritim Belawan,0,3.78808,98.71483
Maritim Belawan,6.5,3.78808,98.71483
Maritim Belawan,0,3.78808,98.71483
Maritim Belawan,0.4,3.78808,98.71483
Maritim Belawan,3.1,3.78808,98.71483
Maritim Belawan,1.2,3.78808,98.71483
Maritim Belawan,18.2,3.78808,98.71483
Maritim Belawan,0.9,3.78808,98.71483
Maritim Belawan,1.6,3.78808,98.71483
Maritim Belawan,0,3.78808,98.71483
Maritim Belawan,2.6,3.78808,98.71483
Maritim Belawan,0,3.78808,98.71483
Maritim Belawan,0,3.78808,98.71483
Maritim Belawan,0.2,3.78808,98.71483
Maritim Belawan,0,3.78808,98.71483
Maritim Belawan,4.6,3.78808,98.71483
Maritim Belawan,45,3.78808,98.71483
Maritim Belawan,13.7,3.78808,98.71483
Maritim Belawan,0,3.78808,98.71483
Maritim Belawan,0.1,3.78808,98.71483
Maritim Belawan,0.3,3.78808,98.71483
Maritim Belawan,93,3.78808,98.71483
Maritim Belawan,0.2,3.78808,98.71483
Maritim Belawan,13.6,3.78808,98.71483
Maritim Belawan,0,3.78808,98.71483
Maritim Belawan,6.7,3.78808,98.71483
Maritim Belawan,8.4,3.78808,98.71483
Maritim Belawan,3.9,3.78808,98.71483
Maritim Belawan,0,3.78808,98.71483
Maritim Belawan,0,3.78808,98.71483
Maritim Belawan,0,3.78808,98.71483
Maritim Belawan,1.4,3.78808,98.71483
Maritim Belawan,19.2,3.78808,98.71483
Maritim Belawan,15.8,3.78808,98.71483
Maritim Belawan,0.5,3.78808,98.71483
Maritim Belawan,3.3,3.78808,98.71483
Maritim Belawan,0,3.78808,98.71483
Maritim Belawan,3.3,3.78808,98.71483
Maritim Belawan,40.8,3.78808,98.71483
Maritim Belawan,34.7,3.78808,98.71483
Maritim Belawan,20.2,3.78808,98.71483
Maritim Belawan,22.6,3.78808,98.71483
Maritim Belawan,0,3.78808,98.71483
Maritim Belawan,0,3.78808,98.71483
Maritim Belawan,0,3.78808,98.71483
Maritim Belawan,9.2,3.78808,98.71483
Maritim Belawan,0,3.78808,98.71483
Maritim Belawan,21.9,3.78808,98.71483
Maritim Belawan,0,3.78808,98.71483
Maritim Belawan,0,3.78808,98.71483
Maritim Belawan,0.9,3.78808,98.71483
Maritim Belawan,14.7,3.78808,98.71483
Maritim Belawan,57.7,3.78808,98.71483
Maritim Belawan,1.9,3.78808,98.71483
Maritim Belawan,0,3.78808,98.71483
Maritim Belawan,4,3.78808,98.71483
Maritim Belawan,0,3.78808,98.71483
Maritim Belawan,0,3.78808,98.71483
Maritim Belawan,0,3.78808,98.71483
Maritim Belawan,2,3.78808,98.71483
Maritim Belawan,0,3.78808,98.71483
Maritim Belawan,0,3.78808,98.71483
Maritim Belawan,0,3.78808,98.71483
Maritim Belawan,0,3.78808,98.71483
Maritim Belawan,0.1,3.78808,98.71483
Maritim Belawan,7.5,3.78808,98.71483
Maritim Belawan,14.9,3.78808,98.71483
Maritim Belawan,5.3,3.78808,98.71483
Maritim Belawan,4.8,3.78808,98.71483
Maritim Belawan,0,3.78808,98.71483
Maritim Belawan,0,3.78808,98.71483
Maritim Belawan,14.3,3.78808,98.71483
Maritim Belawan,0.4,3.78808,98.71483
Maritim Belawan,0,3.78808,98.71483
Maritim Belawan,0.2,3.78808,98.71483
Maritim Belawan,5.6,3.78808,98.71483
Maritim Belawan,17.4,3.78808,98.71483
Maritim Belawan,12.5,3.78808,98.71483
Maritim Belawan,15.2,3.78808,98.71483
Maritim Belawan,1,3.78808,98.71483
Maritim Belawan,0,3.78808,98.71483
Maritim Belawan,0,3.78808,98.71483
Maritim Belawan,20.6,3.78808,98.71483
Maritim Belawan,0,3.78808,98.71483
Maritim Belawan,1.9,3.78808,98.71483
Maritim Belawan,13.8,3.78808,98.71483
Maritim Belawan,0,3.78808,98.71483
Maritim Belawan,0,3.78808,98.71483
Maritim Belawan,2.1,3.78808,98.71483
Maritim Belawan,0,3.78808,98.71483
Maritim Belawan,0,3.78808,98.71483
Maritim Belawan,0,3.78808,98.71483
Maritim Belawan,0,3.78808,98.71483
Maritim Belawan,0,3.78808,98.71483
Maritim Belawan,0,3.78808,98.71483
Maritim Belawan,2.7,3.78808,98.71483
Maritim Belawan,0,3.78808,98.71483
Maritim Belawan,0,3.78808,98.71483
Maritim Belawan,0.7,3.78808,98.71483
Maritim Belawan,2.8,3.78808,98.71483
Maritim Belawan,0,3.78808,98.71483
Maritim Belawan,42.9,3.78808,98.71483
Maritim Belawan,0,3.78808,98.71483
Maritim Belawan,0.6,3.78808,98.71483
Maritim Belawan,0.3,3.78808,98.71483
Maritim Belawan,0.2,3.78808,98.71483
Maritim Belawan,27,3.78808,98.71483
Maritim Belawan,17.3,3.78808,98.71483
Maritim Belawan,0.2,3.78808,98.71483
Maritim Belawan,0,3.78808,98.71483
Maritim Belawan,0,3.78808,98.71483
Maritim Belawan,0,3.78808,98.71483
Maritim Belawan,0,3.78808,98.71483
Maritim Belawan,2,3.78808,98.71483
Maritim Belawan,0,3.78808,98.71483
Maritim Belawan,0,3.78808,98.71483
Maritim Belawan,1,3.78808,98.71483
Maritim Belawan,35.9,3.78808,98.71483
Maritim Belawan,0,3.78808,98.71483
Maritim Belawan,11,3.78808,98.71483
Maritim Belawan,0,3.78808,98.71483
Maritim Belawan,0,3.78808,98.71483
Maritim Belawan,0,3.78808,98.71483
Maritim Belawan,0,3.78808,98.71483
Maritim Belawan,0,3.78808,98.71483
Maritim Belawan,0.1,3.78808,98.71483
Maritim Belawan,1.3,3.78808,98.71483
Maritim Belawan,0,3.78808,98.71483
Maritim Belawan,0,3.78808,98.71483
Maritim Belawan,0,3.78808,98.71483
Maritim Belawan,0,3.78808,98.71483
Maritim Belawan,0,3.78808,98.71483
Maritim Belawan,0,3.78808,98.71483
Maritim Belawan,16.1,3.78808,98.71483
Maritim Belawan,0,3.78808,98.71483
Maritim Belawan,0,3.78808,98.71483
Maritim Belawan,52.8,3.78808,98.71483
Maritim Belawan,0.7,3.78808,98.71483
Maritim Belawan,0,3.78808,98.71483
Maritim Belawan,0,3.78808,98.71483
Maritim Belawan,0,3.78808,98.71483
Maritim Belawan,0,3.78808,98.71483
Maritim Belawan,0.1,3.78808,98.71483
Maritim Belawan,0,3.78808,98.71483
Maritim Belawan,0,3.78808,98.71483
Maritim Belawan,0,3.78808,98.71483
Maritim Belawan,0,3.78808,98.71483
Maritim Belawan,0,3.78808,98.71483
Maritim Belawan,0,3.78808,98.71483
Maritim Belawan,0.1,3.78808,98.71483
Maritim Belawan,0,3.78808,98.71483
Maritim Belawan,0,3.78808,98.71483
Maritim Belawan,0,3.78808,98.71483
Maritim Belawan,0,3.78808,98.71483
Maritim Belawan,0,3.78808,98.71483
Maritim Belawan,0,3.78808,98.71483
Maritim Belawan,78.4,3.78808,98.71483
Maritim Belawan,0,3.78808,98.71483
Maritim Belawan,0,3.78808,98.71483
Maritim Belawan,0,3.78808,98.71483
Maritim Belawan,10,3.78808,98.71483
Maritim Belawan,0,3.78808,98.71483
Maritim Belawan,0,3.78808,98.71483
Maritim Belawan,0,3.78808,98.71483
Maritim Belawan,0,3.78808,98.71483
Maritim Belawan,0,3.78808,98.71483
Maritim Belawan,0,3.78808,98.71483
Maritim Belawan,0,3.78808,98.71483
Maritim Belawan,0,3.78808,98.71483
Maritim Belawan,0,3.78808,98.71483
Maritim Belawan,0.5,3.78808,98.71483
Maritim Belawan,0,3.78808,98.71483
Maritim Belawan,0,3.78808,98.71483
Maritim Belawan,0.6,3.78808,98.71483
Maritim Belawan,2.6,3.78808,98.71483
Maritim Belawan,0,3.78808,98.71483
Maritim Belawan,0,3.78808,98.71483
Maritim Belawan,0,3.78808,98.71483
Maritim Belawan,0,3.78808,98.71483
Maritim Belawan,0,3.78808,98.71483
Maritim Belawan,0,3.78808,98.71483
Maritim Belawan,0,3.78808,98.71483
Maritim Belawan,3.4,3.78808,98.71483
Maritim Belawan,0,3.78808,98.71483
Maritim Belawan,0,3.78808,98.71483
Maritim Belawan,6.5,3.78808,98.71483
Maritim Belawan,0,3.78808,98.71483
Maritim Belawan,0,3.78808,98.71483
Maritim Belawan,0,3.78808,98.71483
Maritim Belawan,0,3.78808,98.71483
Maritim Belawan,0,3.78808,98.71483
Maritim Belawan,0,3.78808,98.71483
Maritim Belawan,0,3.78808,98.71483
Maritim Belawan,0,3.78808,98.71483
Maritim Belawan,0,3.78808,98.71483
Maritim Belawan,0,3.78808,98.71483
Maritim Belawan,0.7,3.78808,98.71483
Maritim Belawan,22,3.78808,98.71483
Maritim Belawan,0,3.78808,98.71483
Maritim Belawan,0,3.78808,98.71483
Maritim Belawan,0,3.78808,98.71483
Maritim Belawan,0,3.78808,98.71483
Maritim Belawan,0,3.78808,98.71483
Maritim Belawan,0,3.78808,98.71483
Maritim Belawan,0,3.78808,98.71483
Maritim Belawan,0,3.78808,98.71483
Maritim Belawan,0.4,3.78808,98.71483
Maritim Belawan,0,3.78808,98.71483
Maritim Belawan,0,3.78808,98.71483
Maritim Belawan,0,3.78808,98.71483
Maritim Belawan,0,3.78808,98.71483
Maritim Belawan,0,3.78808,98.71483
Maritim Belawan,0,3.78808,98.71483
Maritim Belawan,3.4,3.78808,98.71483
Maritim Belawan,0,3.78808,98.71483
Maritim Belawan,0,3.78808,98.71483
Maritim Belawan,0,3.78808,98.71483
Maritim Belawan,0,3.78808,98.71483
Maritim Belawan,0,3.78808,98.71483
Maritim Belawan,0,3.78808,98.71483
Maritim Belawan,0,3.78808,98.71483
Maritim Belawan,3.6,3.78808,98.71483
Maritim Belawan,0,3.78808,98.71483
Maritim Belawan,0,3.78808,98.71483
Maritim Belawan,2,3.78808,98.71483
Maritim Belawan,0,3.78808,98.71483
Maritim Belawan,0,3.78808,98.71483
Maritim Belawan,0,3.78808,98.71483
Maritim Belawan,6.1,3.78808,98.71483
Maritim Belawan,0.2,3.78808,98.71483
Maritim Belawan,0,3.78808,98.71483
Maritim Belawan,26,3.78808,98.71483
Maritim Belawan,0,3.78808,98.71483
Maritim Belawan,0,3.78808,98.71483
Maritim Belawan,0.4,3.78808,98.71483
Maritim Belawan,20,3.78808,98.71483
Maritim Belawan,0,3.78808,98.71483
Maritim Belawan,28.9,3.78808,98.71483
Maritim Belawan,0,3.78808,98.71483
Maritim Belawan,45.6,3.78808,98.71483
Maritim Belawan,1.1,3.78808,98.71483
Maritim Belawan,0,3.78808,98.71483
Maritim Belawan,6.8,3.78808,98.71483
Maritim Belawan,0,3.78808,98.71483
Maritim Belawan,12.5,3.78808,98.71483
Maritim Belawan,13.3,3.78808,98.71483
Maritim Belawan,11.2,3.78808,98.71483
Maritim Belawan,0,3.78808,98.71483
Maritim Belawan,6.5,3.78808,98.71483
Maritim Belawan,16,3.78808,98.71483
Maritim Belawan,0,3.78808,98.71483
Maritim Belawan,0,3.78808,98.71483
Maritim Belawan,0,3.78808,98.71483
Maritim Belawan,0.6,3.78808,98.71483
Maritim Belawan,0,3.78808,98.71483
Maritim Belawan,42,3.78808,98.71483
Maritim Belawan,0,3.78808,98.71483
Maritim Belawan,6,3.78808,98.71483
Maritim Belawan,0,3.78808,98.71483
Maritim Belawan,3.9,3.78808,98.71483
Maritim Belawan,0,3.78808,98.71483
Maritim Belawan,0,3.78808,98.71483
Maritim Belawan,0,3.78808,98.71483
Maritim Belawan,0,3.78808,98.71483
Maritim Belawan,2.7,3.78808,98.71483
Maritim Belawan,0,3.78808,98.71483
Maritim Belawan,0,3.78808,98.71483
Maritim Belawan,6.4,3.78808,98.71483
Maritim Belawan,0,3.78808,98.71483
Maritim Belawan,30.1,3.78808,98.71483
Maritim Belawan,0,3.78808,98.71483
Maritim Belawan,0,3.78808,98.71483
Maritim Belawan,0,3.78808,98.71483
Maritim Belawan,0,3.78808,98.71483
Maritim Belawan,4.2,3.78808,98.71483
Maritim Belawan,0,3.78808,98.71483
Maritim Belawan,0,3.78808,98.71483
Maritim Belawan,0,3.78808,98.71483
Maritim Belawan,0,3.78808,98.71483
Maritim Belawan,0,3.78808,98.71483
Maritim Belawan,0,3.78808,98.71483
Maritim Belawan,0,3.78808,98.71483
Maritim Belawan,0,3.78808,98.71483
Maritim Belawan,0,3.78808,98.71483
Maritim Belawan,1.3,3.78808,98.71483
Maritim Belawan,0,3.78808,98.71483
Maritim Belawan,0,3.78808,98.71483
Maritim Belawan,0,3.78808,98.71483
Maritim Belawan,0,3.78808,98.71483
Maritim Belawan,0,3.78808,98.71483
Maritim Belawan,16.1,3.78808,98.71483
Maritim Belawan,0,3.78808,98.71483
Maritim Belawan,0,3.78808,98.71483
Maritim Belawan,3.3,3.78808,98.71483
Maritim Belawan,47,3.78808,98.71483
Maritim Belawan,0,3.78808,98.71483
Maritim Belawan,2,3.78808,98.71483
Maritim Belawan,0,3.78808,98.71483
Maritim Belawan,0,3.78808,98.71483
Maritim Belawan,0,3.78808,98.71483
Maritim Belawan,31.7,3.78808,98.71483
Maritim Belawan,0,3.78808,98.71483
Maritim Belawan,0,3.78808,98.71483
Maritim Belawan,0,3.78808,98.71483
Maritim Belawan,1.7,3.78808,98.71483
Maritim Belawan,0,3.78808,98.71483
Maritim Belawan,0,3.78808,98.71483
Maritim Belawan,40.1,3.78808,98.71483
Maritim Belawan,0,3.78808,98.71483
Maritim Belawan,23.3,3.78808,98.71483
Maritim Belawan,0,3.78808,98.71483
Maritim Belawan,0,3.78808,98.71483
Maritim Belawan,0,3.78808,98.71483
Maritim Belawan,21.9,3.78808,98.71483
Maritim Belawan,0,3.78808,98.71483
Maritim Belawan,0,3.78808,98.71483
Maritim Belawan,0.8,3.78808,98.71483
Maritim Belawan,0.4,3.78808,98.71483
Maritim Belawan,0.3,3.78808,98.71483
Maritim Belawan,18,3.78808,98.71483
Maritim Belawan,0,3.78808,98.71483
Maritim Belawan,0,3.78808,98.71483
Maritim Belawan,0,3.78808,98.71483
Maritim Belawan,15.7,3.78808,98.71483
Maritim Belawan,0,3.78808,98.71483
Maritim Belawan,0,3.78808,98.71483
Maritim Belawan,0,3.78808,98.71483
Maritim Belawan,0,3.78808,98.71483
Maritim Belawan,0,3.78808,98.71483
Maritim Belawan,19.2,3.78808,98.71483
Maritim Belawan,0.1,3.78808,98.71483
Maritim Belawan,0,3.78808,98.71483
Maritim Belawan,0,3.78808,98.71483
Maritim Belawan,0,3.78808,98.71483
Maritim Belawan,0,3.78808,98.71483
Maritim Belawan,2,3.78808,98.71483
Maritim Belawan,0,3.78808,98.71483
Maritim Belawan,0,3.78808,98.71483
Maritim Belawan,0,3.78808,98.71483
Maritim Belawan,0,3.78808,98.71483
Maritim Belawan,0,3.78808,98.71483
Maritim Belawan,0,3.78808,98.71483
Maritim Belawan,0.4,3.78808,98.71483
Maritim Belawan,0,3.78808,98.71483
Maritim Belawan,0,3.78808,98.71483
Maritim Belawan,6.3,3.78808,98.71483
Maritim Belawan,0,3.78808,98.71483
Maritim Belawan,0,3.78808,98.71483
Maritim Belawan,1.8,3.78808,98.71483
Maritim Belawan,0,3.78808,98.71483
Maritim Belawan,0,3.78808,98.71483
Maritim Belawan,0,3.78808,98.71483
Maritim Belawan,1.6,3.78808,98.71483
Maritim Belawan,0,3.78808,98.71483
Maritim Belawan,0,3.78808,98.71483
Maritim Belawan,0,3.78808,98.71483
Maritim Belawan,4.2,3.78808,98.71483
Maritim Belawan,8,3.78808,98.71483
Maritim Belawan,0,3.78808,98.71483
Maritim Belawan,0,3.78808,98.71483
Maritim Belawan,20,3.78808,98.71483
Maritim Belawan,14.9,3.78808,98.71483
Maritim Belawan,3.2,3.78808,98.71483
Maritim Belawan,18.5,3.78808,98.71483
Maritim Belawan,10.5,3.78808,98.71483
Maritim Belawan,3.2,3.78808,98.71483
Maritim Belawan,0,3.78808,98.71483
Maritim Belawan,0.4,3.78808,98.71483
Maritim Belawan,0,3.78808,98.71483
Maritim Belawan,12.4,3.78808,98.71483
Maritim Belawan,0,3.78808,98.71483
Maritim Belawan,0,3.78808,98.71483
Maritim Belawan,0,3.78808,98.71483
Maritim Belawan,4.5,3.78808,98.71483
Maritim Belawan,3.9,3.78808,98.71483
Maritim Belawan,2.8,3.78808,98.71483
Maritim Belawan,0,3.78808,98.71483
Maritim Belawan,23.3,3.78808,98.71483
Maritim Belawan,20.3,3.78808,98.71483
Maritim Belawan,0,3.78808,98.71483
Maritim Belawan,0.5,3.78808,98.71483
Maritim Belawan,5.9,3.78808,98.71483
Maritim Belawan,0,3.78808,98.71483
Maritim Belawan,4.8,3.78808,98.71483
Maritim Belawan,0,3.78808,98.71483
Maritim Belawan,5,3.78808,98.71483
Maritim Belawan,0,3.78808,98.71483
Maritim Belawan,22.5,3.78808,98.71483
Maritim Belawan,29.7,3.78808,98.71483
Maritim Belawan,0,3.78808,98.71483
Maritim Belawan,8.5,3.78808,98.71483
Maritim Belawan,0.3,3.78808,98.71483
Maritim Belawan,0,3.78808,98.71483
Maritim Belawan,0,3.78808,98.71483
Maritim Belawan,0,3.78808,98.71483
Maritim Belawan,0.5,3.78808,98.71483
Maritim Belawan,0,3.78808,98.71483
Maritim Belawan,23.3,3.78808,98.71483
Maritim Belawan,9.7,3.78808,98.71483
Maritim Belawan,1,3.78808,98.71483
Maritim Belawan,17,3.78808,98.71483
Maritim Belawan,88.6,3.78808,98.71483
Maritim Belawan,0,3.78808,98.71483
Maritim Belawan,4.5,3.78808,98.71483
Maritim Belawan,0,3.78808,98.71483
Maritim Belawan,0,3.78808,98.71483
Maritim Belawan,0.5,3.78808,98.71483
Maritim Belawan,0.9,3.78808,98.71483
Maritim Belawan,9.6,3.78808,98.71483
Maritim Belawan,1,3.78808,98.71483
Maritim Belawan,24.7,3.78808,98.71483
Maritim Belawan,3.1,3.78808,98.71483
Maritim Belawan,15.8,3.78808,98.71483
Maritim Belawan,0,3.78808,98.71483
Maritim Belawan,6.6,3.78808,98.71483
Maritim Belawan,2.2,3.78808,98.71483
Maritim Belawan,15.1,3.78808,98.71483
Maritim Belawan,0.6,3.78808,98.71483
Maritim Belawan,0,3.78808,98.71483
Maritim Belawan,0,3.78808,98.71483
Maritim Belawan,19.8,3.78808,98.71483
Maritim Belawan,0.6,3.78808,98.71483
Maritim Belawan,0.1,3.78808,98.71483
Maritim Belawan,2.7,3.78808,98.71483
Maritim Belawan,1.1,3.78808,98.71483
Maritim Belawan,0,3.78808,98.71483
Maritim Belawan,0.8,3.78808,98.71483
Maritim Belawan,0,3.78808,98.71483
Maritim Belawan,0,3.78808,98.71483
Maritim Belawan,10,3.78808,98.71483
Maritim Belawan,0,3.78808,98.71483
Maritim Belawan,0.9,3.78808,98.71483
Maritim Belawan,6.4,3.78808,98.71483
Maritim Belawan,0.3,3.78808,98.71483
Maritim Belawan,64.7,3.78808,98.71483
Maritim Belawan,0,3.78808,98.71483
Maritim Belawan,1.1,3.78808,98.71483
Maritim Belawan,0,3.78808,98.71483
Maritim Belawan,0.1,3.78808,98.71483
Maritim Belawan,0,3.78808,98.71483
Maritim Belawan,0,3.78808,98.71483
Maritim Belawan,0,3.78808,98.71483
Maritim Belawan,13,3.78808,98.71483
Maritim Belawan,2.9,3.78808,98.71483
Maritim Belawan,80.5,3.78808,98.71483
Maritim Belawan,0.3,3.78808,98.71483
Maritim Belawan,16.7,3.78808,98.71483
Maritim Belawan,0,3.78808,98.71483
Maritim Belawan,0,3.78808,98.71483
Maritim Belawan,0,3.78808,98.71483
Maritim Belawan,0,3.78808,98.71483
Maritim Belawan,28.1,3.78808,98.71483
Maritim Belawan,34.8,3.78808,98.71483
Maritim Belawan,35.3,3.78808,98.71483
Maritim Belawan,0,3.78808,98.71483
Maritim Belawan,0,3.78808,98.71483
Maritim Belawan,68.9,3.78808,98.71483
Maritim Belawan,0,3.78808,98.71483
Maritim Belawan,0,3.78808,98.71483
Maritim Belawan,2,3.78808,98.71483
Maritim Belawan,0,3.78808,98.71483
Maritim Belawan,0,3.78808,98.71483
Maritim Belawan,0.4,3.78808,98.71483
Maritim Belawan,0,3.78808,98.71483
Maritim Belawan,11,3.78808,98.71483
Maritim Belawan,18.1,3.78808,98.71483
Maritim Belawan,0,3.78808,98.71483
Maritim Belawan,9.5,3.78808,98.71483
Maritim Belawan,0,3.78808,98.71483
Maritim Belawan,0,3.78808,98.71483
Maritim Belawan,0.2,3.78808,98.71483
Maritim Belawan,0,3.78808,98.71483
Maritim Belawan,0,3.78808,98.71483
Maritim Belawan,0,3.78808,98.71483
Maritim Belawan,0,3.78808,98.71483
Maritim Belawan,63.3,3.78808,98.71483
Maritim Belawan,9.3,3.78808,98.71483
Maritim Belawan,11.5,3.78808,98.71483
Maritim Belawan,0,3.78808,98.71483
Maritim Belawan,6.6,3.78808,98.71483
Maritim Belawan,0,3.78808,98.71483
Maritim Belawan,0,3.78808,98.71483
Maritim Belawan,159,3.78808,98.71483
Maritim Belawan,0,3.78808,98.71483
Maritim Belawan,0,3.78808,98.71483
Maritim Belawan,0,3.78808,98.71483
Maritim Belawan,0,3.78808,98.71483
Maritim Belawan,0,3.78808,98.71483
Maritim Belawan,0,3.78808,98.71483
Maritim Belawan,2,3.78808,98.71483
Maritim Belawan,0,3.78808,98.71483
Maritim Belawan,0,3.78808,98.71483
Maritim Belawan,0,3.78808,98.71483
Maritim Belawan,0,3.78808,98.71483
Maritim Belawan,0,3.78808,98.71483
Maritim Belawan,0,3.78808,98.71483
Maritim Belawan,11.5,3.78808,98.71483
Maritim Belawan,0,3.78808,98.71483
Maritim Belawan,0,3.78808,98.71483
Maritim Belawan,0,3.78808,98.71483
Maritim Belawan,0,3.78808,98.71483
Maritim Belawan,0,3.78808,98.71483
Maritim Belawan,0,3.78808,98.71483
Maritim Belawan,5.8,3.78808,98.71483
Maritim Belawan,0,3.78808,98.71483
Maritim Belawan,0,3.78808,98.71483
Maritim Belawan,1.6,3.78808,98.71483
Maritim Belawan,0,3.78808,98.71483
Maritim Belawan,0,3.78808,98.71483
Maritim Belawan,0,3.78808,98.71483
Maritim Belawan,0,3.78808,98.71483
Maritim Belawan,0,3.78808,98.71483
Maritim Belawan,0,3.78808,98.71483
Maritim Belawan,0,3.78808,98.71483
Maritim Belawan,0,3.78808,98.71483
Maritim Belawan,0,3.78808,98.71483
Maritim Belawan,0,3.78808,98.71483
Maritim Belawan,0,3.78808,98.71483
Maritim Belawan,19.7,3.78808,98.71483
Maritim Belawan,0,3.78808,98.71483
Maritim Belawan,0,3.78808,98.71483
Maritim Belawan,0,3.78808,98.71483
Maritim Belawan,0,3.78808,98.71483
Maritim Belawan,2,3.78808,98.71483
Maritim Belawan,0,3.78808,98.71483
Maritim Belawan,1.6,3.78808,98.71483
Maritim Belawan,1.7,3.78808,98.71483
Maritim Belawan,3.1,3.78808,98.71483
Maritim Belawan,0,3.78808,98.71483
Maritim Belawan,0,3.78808,98.71483
Maritim Belawan,0,3.78808,98.71483
Maritim Belawan,15,3.78808,98.71483
Maritim Belawan,0,3.78808,98.71483
Maritim Belawan,0,3.78808,98.71483
Maritim Belawan,0,3.78808,98.71483
Maritim Belawan,0,3.78808,98.71483
Maritim Belawan,7.7,3.78808,98.71483
Maritim Belawan,0,3.78808,98.71483
Maritim Belawan,0,3.78808,98.71483
Maritim Belawan,0,3.78808,98.71483
Maritim Belawan,0,3.78808,98.71483
Maritim Belawan,0,3.78808,98.71483
Maritim Belawan,0,3.78808,98.71483
Maritim Belawan,0,3.78808,98.71483
Maritim Belawan,5.3,3.78808,98.71483
Maritim Belawan,0.8,3.78808,98.71483
Maritim Belawan,0.9,3.78808,98.71483
Maritim Belawan,0,3.78808,98.71483
Maritim Belawan,0,3.78808,98.71483
Maritim Belawan,0,3.78808,98.71483
Maritim Belawan,0,3.78808,98.71483
Maritim Belawan,0,3.78808,98.71483
Maritim Belawan,0,3.78808,98.71483
Maritim Belawan,0,3.78808,98.71483
Maritim Belawan,0,3.78808,98.71483
Maritim Belawan,1.4,3.78808,98.71483
Maritim Belawan,0,3.78808,98.71483
Maritim Belawan,0,3.78808,98.71483
Maritim Belawan,0,3.78808,98.71483
Maritim Belawan,0,3.78808,98.71483
Maritim Belawan,0,3.78808,98.71483
Maritim Belawan,0,3.78808,98.71483
Maritim Belawan,0.2,3.78808,98.71483
Maritim Belawan,0,3.78808,98.71483
Maritim Belawan,0,3.78808,98.71483
Maritim Belawan,2.5,3.78808,98.71483
Maritim Belawan,0,3.78808,98.71483
Maritim Belawan,4.5,3.78808,98.71483
Maritim Belawan,11.2,3.78808,98.71483
Maritim Belawan,20,3.78808,98.71483
Maritim Belawan,0.1,3.78808,98.71483
Maritim Belawan,0,3.78808,98.71483
Maritim Belawan,4.8,3.78808,98.71483
Maritim Belawan,0,3.78808,98.71483
Maritim Belawan,32.2,3.78808,98.71483
Maritim Belawan,0,3.78808,98.71483
Maritim Belawan,9.7,3.78808,98.71483
Maritim Belawan,0,3.78808,98.71483
Maritim Belawan,35,3.78808,98.71483
Maritim Belawan,0,3.78808,98.71483
Maritim Belawan,0,3.78808,98.71483
Maritim Belawan,0,3.78808,98.71483
Maritim Belawan,0,3.78808,98.71483
Maritim Belawan,0,3.78808,98.71483
Maritim Belawan,40,3.78808,98.71483
Maritim Belawan,0,3.78808,98.71483
Maritim Belawan,0,3.78808,98.71483
Maritim Belawan,0,3.78808,98.71483
Maritim Belawan,0,3.78808,98.71483
Maritim Belawan,0.1,3.78808,98.71483
Maritim Belawan,0,3.78808,98.71483
Maritim Belawan,0,3.78808,98.71483
Maritim Belawan,0,3.78808,98.71483
Maritim Belawan,22.4,3.78808,98.71483
Maritim Belawan,0,3.78808,98.71483
Maritim Belawan,0.4,3.78808,98.71483
Maritim Belawan,0,3.78808,98.71483
Maritim Belawan,0,3.78808,98.71483
Maritim Belawan,0,3.78808,98.71483
Maritim Belawan,0,3.78808,98.71483
Maritim Belawan,1.8,3.78808,98.71483
Maritim Belawan,0,3.78808,98.71483
Maritim Belawan,1,3.78808,98.71483
Maritim Belawan,7.3,3.78808,98.71483
Maritim Belawan,0,3.78808,98.71483
Maritim Belawan,1.2,3.78808,98.71483
Maritim Belawan,1.1,3.78808,98.71483
Maritim Belawan,12.8,3.78808,98.71483
Maritim Belawan,47.6,3.78808,98.71483
Maritim Belawan,0,3.78808,98.71483
Maritim Belawan,0,3.78808,98.71483
Maritim Belawan,4.7,3.78808,98.71483
Maritim Belawan,0.8,3.78808,98.71483
Maritim Belawan,6.3,3.78808,98.71483
Maritim Belawan,8.3,3.78808,98.71483
Maritim Belawan,1.1,3.78808,98.71483
Maritim Belawan,0.1,3.78808,98.71483
Maritim Belawan,31.3,3.78808,98.71483
Maritim Belawan,0,3.78808,98.71483
Maritim Belawan,0,3.78808,98.71483
Maritim Belawan,7.9,3.78808,98.71483
Maritim Belawan,0,3.78808,98.71483
Maritim Belawan,0,3.78808,98.71483
Maritim Belawan,0,3.78808,98.71483
Maritim Belawan,1.2,3.78808,98.71483
Maritim Belawan,0,3.78808,98.71483
Maritim Belawan,0.5,3.78808,98.71483
Maritim Belawan,0,3.78808,98.71483
Maritim Belawan,0.5,3.78808,98.71483
Maritim Belawan,0,3.78808,98.71483
Maritim Belawan,4.9,3.78808,98.71483
Maritim Belawan,0,3.78808,98.71483
Maritim Belawan,2.8,3.78808,98.71483
Maritim Belawan,0,3.78808,98.71483
Maritim Belawan,0,3.78808,98.71483
Maritim Belawan,25.3,3.78808,98.71483
Maritim Belawan,30,3.78808,98.71483
Maritim Belawan,0.3,3.78808,98.71483
Maritim Belawan,0,3.78808,98.71483
Maritim Belawan,0,3.78808,98.71483
Maritim Belawan,2.5,3.78808,98.71483
Maritim Belawan,0,3.78808,98.71483
Maritim Belawan,0,3.78808,98.71483
Maritim Belawan,19.3,3.78808,98.71483
Maritim Belawan,13,3.78808,98.71483
Maritim Belawan,0,3.78808,98.71483
Maritim Belawan,2.6,3.78808,98.71483
Maritim Belawan,0,3.78808,98.71483
Maritim Belawan,0,3.78808,98.71483
Maritim Belawan,10,3.78808,98.71483
Maritim Belawan,4.3,3.78808,98.71483
Maritim Belawan,0,3.78808,98.71483
Maritim Belawan,0.1,3.78808,98.71483
Maritim Belawan,7.1,3.78808,98.71483
Maritim Belawan,8.2,3.78808,98.71483
Maritim Belawan,4.2,3.78808,98.71483
Maritim Belawan,12.6,3.78808,98.71483
Maritim Belawan,80.5,3.78808,98.71483
Maritim Belawan,10.2,3.78808,98.71483
Maritim Belawan,0,3.78808,98.71483
Maritim Belawan,9.8,3.78808,98.71483
Maritim Belawan,0,3.78808,98.71483
Maritim Belawan,0,3.78808,98.71483
Maritim Belawan,0,3.78808,98.71483
Maritim Belawan,0.1,3.78808,98.71483
Maritim Belawan,0.8,3.78808,98.71483
Maritim Belawan,0,3.78808,98.71483
Maritim Belawan,0,3.78808,98.71483
Maritim Belawan,4.3,3.78808,98.71483
Maritim Belawan,0.3,3.78808,98.71483
Maritim Belawan,9.7,3.78808,98.71483
Maritim Belawan,0,3.78808,98.71483
Maritim Belawan,0,3.78808,98.71483
Maritim Belawan,0.7,3.78808,98.71483
Maritim Belawan,0,3.78808,98.71483
Maritim Belawan,0,3.78808,98.71483
Maritim Belawan,2.4,3.78808,98.71483
Maritim Belawan,0.8,3.78808,98.71483
Maritim Belawan,1.5,3.78808,98.71483
Maritim Belawan,11.3,3.78808,98.71483
Maritim Belawan,3.9,3.78808,98.71483
Maritim Belawan,0,3.78808,98.71483
Maritim Belawan,10.7,3.78808,98.71483
Maritim Belawan,0,3.78808,98.71483
Maritim Belawan,0,3.78808,98.71483
Maritim Belawan,0,3.78808,98.71483
Maritim Belawan,0,3.78808,98.71483
Maritim Belawan,19.6,3.78808,98.71483
Maritim Belawan,0.4,3.78808,98.71483
Maritim Belawan,0,3.78808,98.71483
Maritim Belawan,0.2,3.78808,98.71483
Maritim Belawan,5,3.78808,98.71483
Maritim Belawan,9,3.78808,98.71483
Maritim Belawan,0,3.78808,98.71483
Maritim Belawan,28.2,3.78808,98.71483
Maritim Belawan,14.4,3.78808,98.71483
Maritim Belawan,0.1,3.78808,98.71483
Maritim Belawan,0,3.78808,98.71483
Maritim Belawan,0,3.78808,98.71483
Maritim Belawan,57.5,3.78808,98.71483
Maritim Belawan,0,3.78808,98.71483
Maritim Belawan,0.3,3.78808,98.71483
Maritim Belawan,0,3.78808,98.71483
Maritim Belawan,0.8,3.78808,98.71483
Maritim Belawan,0,3.78808,98.71483
Maritim Belawan,0,3.78808,98.71483
Maritim Belawan,2.5,3.78808,98.71483
Maritim Belawan,0.6,3.78808,98.71483
Maritim Belawan,0,3.78808,98.71483
Maritim Belawan,0,3.78808,98.71483
Maritim Belawan,0,3.78808,98.71483
Maritim Belawan,0,3.78808,98.71483
Maritim Belawan,0,3.78808,98.71483
Maritim Belawan,0,3.78808,98.71483
Maritim Belawan,0,3.78808,98.71483
Maritim Belawan,0,3.78808,98.71483
Maritim Belawan,0,3.78808,98.71483
Maritim Belawan,1.4,3.78808,98.71483
Maritim Belawan,0,3.78808,98.71483
Maritim Belawan,0,3.78808,98.71483
Maritim Belawan,12.2,3.78808,98.71483
Maritim Belawan,0,3.78808,98.71483
Maritim Belawan,6.8,3.78808,98.71483
Maritim Belawan,26,3.78808,98.71483
Maritim Belawan,0,3.78808,98.71483
Maritim Belawan,107.8,3.78808,98.71483
Maritim Belawan,0.5,3.78808,98.71483
Maritim Belawan,0,3.78808,98.71483
Maritim Belawan,0,3.78808,98.71483
Maritim Belawan,0,3.78808,98.71483
Maritim Belawan,4.2,3.78808,98.71483
Maritim Belawan,33.1,3.78808,98.71483
Maritim Belawan,0,3.78808,98.71483
Maritim Belawan,1.3,3.78808,98.71483
Maritim Belawan,2.1,3.78808,98.71483
Maritim Belawan,4.4,3.78808,98.71483
Maritim Belawan,0,3.78808,98.71483
Maritim Belawan,0,3.78808,98.71483
Maritim Belawan,56.1,3.78808,98.71483
Maritim Belawan,0,3.78808,98.71483
Maritim Belawan,26.4,3.78808,98.71483
Maritim Belawan,4,3.78808,98.71483
Maritim Belawan,22,3.78808,98.71483
Maritim Belawan,4.4,3.78808,98.71483
Maritim Belawan,0,3.78808,98.71483
Maritim Belawan,5.9,3.78808,98.71483
Maritim Belawan,1.4,3.78808,98.71483
Maritim Belawan,31.3,3.78808,98.71483
Maritim Belawan,24.4,3.78808,98.71483
Maritim Belawan,0,3.78808,98.71483
Maritim Belawan,0.8,3.78808,98.71483
Maritim Belawan,3.9,3.78808,98.71483
Maritim Belawan,0.5,3.78808,98.71483
Maritim Belawan,0.2,3.78808,98.71483
Maritim Belawan,0,3.78808,98.71483
Maritim Belawan,27.8,3.78808,98.71483
Maritim Belawan,0,3.78808,98.71483
Maritim Belawan,10.3,3.78808,98.71483
Maritim Belawan,0,3.78808,98.71483
Maritim Belawan,5.3,3.78808,98.71483
Maritim Belawan,6.5,3.78808,98.71483
Maritim Belawan,18.6,3.78808,98.71483
Maritim Belawan,0,3.78808,98.71483
Maritim Belawan,6.5,3.78808,98.71483
Maritim Belawan,6.4,3.78808,98.71483
Maritim Belawan,2.1,3.78808,98.71483
Maritim Belawan,0,3.78808,98.71483
Maritim Belawan,0,3.78808,98.71483
Maritim Belawan,0,3.78808,98.71483
Maritim Belawan,0.6,3.78808,98.71483
Maritim Belawan,0,3.78808,98.71483
Maritim Belawan,0.3,3.78808,98.71483
Maritim Belawan,10.4,3.78808,98.71483
Maritim Belawan,2,3.78808,98.71483
Maritim Belawan,21.7,3.78808,98.71483
Maritim Belawan,0,3.78808,98.71483
Maritim Belawan,15,3.78808,98.71483
Maritim Belawan,0,3.78808,98.71483
Maritim Belawan,19.2,3.78808,98.71483
Maritim Belawan,17.7,3.78808,98.71483
Maritim Belawan,5.7,3.78808,98.71483
Maritim Belawan,16.6,3.78808,98.71483
Maritim Belawan,0.2,3.78808,98.71483
Maritim Belawan,4.3,3.78808,98.71483
Maritim Belawan,0,3.78808,98.71483
Maritim Belawan,26.8,3.78808,98.71483
Maritim Belawan,15.7,3.78808,98.71483
Maritim Belawan,4.3,3.78808,98.71483
Maritim Belawan,17,3.78808,98.71483
Maritim Belawan,2.5,3.78808,98.71483
Maritim Belawan,9.2,3.78808,98.71483
Maritim Belawan,1,3.78808,98.71483
Maritim Belawan,0.2,3.78808,98.71483
Maritim Belawan,0,3.78808,98.71483
Maritim Belawan,0,3.78808,98.71483
Maritim Belawan,25.7,3.78808,98.71483
Maritim Belawan,1.1,3.78808,98.71483
Maritim Belawan,5.6,3.78808,98.71483
Maritim Belawan,0.9,3.78808,98.71483
Maritim Belawan,10.5,3.78808,98.71483
Maritim Belawan,0,3.78808,98.71483
Maritim Belawan,19.9,3.78808,98.71483
Maritim Belawan,0,3.78808,98.71483
Maritim Belawan,0,3.78808,98.71483
Maritim Belawan,0,3.78808,98.71483
Maritim Belawan,13.1,3.78808,98.71483
Maritim Belawan,0.4,3.78808,98.71483
Maritim Belawan,0.3,3.78808,98.71483
Maritim Belawan,0.3,3.78808,98.71483
Maritim Belawan,27.6,3.78808,98.71483
Maritim Belawan,1.1,3.78808,98.71483
Maritim Belawan,27.4,3.78808,98.71483
Maritim Belawan,0,3.78808,98.71483
Maritim Belawan,2.5,3.78808,98.71483
Maritim Belawan,12.8,3.78808,98.71483
Maritim Belawan,0,3.78808,98.71483
Maritim Belawan,88.4,3.78808,98.71483
Maritim Belawan,0,3.78808,98.71483
Maritim Belawan,11.4,3.78808,98.71483
Maritim Belawan,2.2,3.78808,98.71483
Maritim Belawan,0,3.78808,98.71483
Maritim Belawan,76.3,3.78808,98.71483
Maritim Belawan,0,3.78808,98.71483
Maritim Belawan,71.1,3.78808,98.71483
Maritim Belawan,0,3.78808,98.71483
Maritim Belawan,18,3.78808,98.71483
Maritim Belawan,0,3.78808,98.71483
Maritim Belawan,0,3.78808,98.71483
Maritim Belawan,0.8,3.78808,98.71483
Maritim Belawan,0,3.78808,98.71483
Maritim Belawan,0.5,3.78808,98.71483
Maritim Belawan,32,3.78808,98.71483
Maritim Belawan,0,3.78808,98.71483
Maritim Belawan,0,3.78808,98.71483
Maritim Belawan,0,3.78808,98.71483
Maritim Belawan,1.3,3.78808,98.71483
Maritim Belawan,3.1,3.78808,98.71483
Maritim Belawan,25.3,3.78808,98.71483
Maritim Belawan,7.8,3.78808,98.71483
Maritim Belawan,13.5,3.78808,98.71483
Maritim Belawan,0.7,3.78808,98.71483
Maritim Belawan,3.9,3.78808,98.71483
Maritim Belawan,1,3.78808,98.71483
Maritim Belawan,14.5,3.78808,98.71483
Maritim Belawan,0,3.78808,98.71483
Maritim Belawan,24.5,3.78808,98.71483
Maritim Belawan,4,3.78808,98.71483
Maritim Belawan,0.2,3.78808,98.71483
Maritim Belawan,15.5,3.78808,98.71483
Maritim Belawan,3.2,3.78808,98.71483
Maritim Belawan,3.5,3.78808,98.71483
Maritim Belawan,69.1,3.78808,98.71483
Maritim Belawan,6.9,3.78808,98.71483
Maritim Belawan,32.3,3.78808,98.71483
Maritim Belawan,0.3,3.78808,98.71483
Maritim Belawan,0,3.78808,98.71483
Maritim Belawan,0.3,3.78808,98.71483
Maritim Belawan,2.2,3.78808,98.71483
Maritim Belawan,8,3.78808,98.71483
Maritim Belawan,0,3.78808,98.71483
Maritim Belawan,0,3.78808,98.71483
Maritim Belawan,7.2,3.78808,98.71483
Maritim Belawan,14.5,3.78808,98.71483
Maritim Belawan,0,3.78808,98.71483
Maritim Belawan,0,3.78808,98.71483
Maritim Belawan,10.2,3.78808,98.71483
Maritim Belawan,1.9,3.78808,98.71483
Maritim Belawan,6.4,3.78808,98.71483
Maritim Belawan,14.5,3.78808,98.71483
Maritim Belawan,0,3.78808,98.71483
Maritim Belawan,1.7,3.78808,98.71483
Maritim Belawan,0,3.78808,98.71483
Maritim Belawan,0.7,3.78808,98.71483
Maritim Belawan,1.7,3.78808,98.71483
Maritim Belawan,0,3.78808,98.71483
Maritim Belawan,0,3.78808,98.71483
Maritim Belawan,0,3.78808,98.71483
Maritim Belawan,0,3.78808,98.71483
Maritim Belawan,0,3.78808,98.71483
Maritim Belawan,0,3.78808,98.71483
Maritim Belawan,0,3.78808,98.71483
Maritim Belawan,0,3.78808,98.71483
Maritim Belawan,0,3.78808,98.71483
Maritim Belawan,0,3.78808,98.71483
Maritim Belawan,0,3.78808,98.71483
Maritim Belawan,0,3.78808,98.71483
Maritim Belawan,0,3.78808,98.71483
Maritim Belawan,0,3.78808,98.71483
Maritim Belawan,0,3.78808,98.71483
Maritim Belawan,0.6,3.78808,98.71483
Maritim Belawan,0,3.78808,98.71483
Maritim Belawan,0,3.78808,98.71483
Maritim Belawan,0,3.78808,98.71483
Maritim Belawan,0,3.78808,98.71483
Maritim Belawan,24.5,3.78808,98.71483
Maritim Belawan,0,3.78808,98.71483
Maritim Belawan,0,3.78808,98.71483
Maritim Belawan,0,3.78808,98.71483
Maritim Belawan,3.5,3.78808,98.71483
Maritim Belawan,0,3.78808,98.71483
Maritim Belawan,0,3.78808,98.71483
Maritim Belawan,0,3.78808,98.71483
Maritim Belawan,0,3.78808,98.71483
Maritim Belawan,2,3.78808,98.71483
Maritim Belawan,0,3.78808,98.71483
Maritim Belawan,0,3.78808,98.71483
Maritim Belawan,1.4,3.78808,98.71483
Maritim Belawan,3.4,3.78808,98.71483
Maritim Belawan,8.2,3.78808,98.71483
Maritim Belawan,1.8,3.78808,98.71483
Maritim Belawan,3.4,3.78808,98.71483
Maritim Belawan,0,3.78808,98.71483
Maritim Belawan,0,3.78808,98.71483
Maritim Belawan,0,3.78808,98.71483
Maritim Belawan,10,3.78808,98.71483
Maritim Belawan,0,3.78808,98.71483
Maritim Belawan,0,3.78808,98.71483
Maritim Belawan,0,3.78808,98.71483
Maritim Belawan,46.8,3.78808,98.71483
Maritim Belawan,0,3.78808,98.71483
Maritim Belawan,0,3.78808,98.71483
Maritim Belawan,0.1,3.78808,98.71483
Maritim Belawan,0.2,3.78808,98.71483
Maritim Belawan,10.2,3.78808,98.71483
Maritim Belawan,13.5,3.78808,98.71483
Maritim Belawan,0,3.78808,98.71483
Maritim Belawan,15.1,3.78808,98.71483
Maritim Belawan,0,3.78808,98.71483
Maritim Belawan,13.7,3.78808,98.71483
Maritim Belawan,0,3.78808,98.71483
Maritim Belawan,0,3.78808,98.71483
Maritim Belawan,0.2,3.78808,98.71483
Maritim Belawan,0,3.78808,98.71483
Maritim Belawan,0,3.78808,98.71483
Maritim Belawan,0,3.78808,98.71483
Maritim Belawan,0,3.78808,98.71483
Maritim Belawan,3.8,3.78808,98.71483
Maritim Belawan,0.1,3.78808,98.71483
Maritim Belawan,0,3.78808,98.71483
Maritim Belawan,3,3.78808,98.71483
Maritim Belawan,40.4,3.78808,98.71483
Maritim Belawan,0,3.78808,98.71483
Maritim Belawan,0.6,3.78808,98.71483
Maritim Belawan,0,3.78808,98.71483
Maritim Belawan,0,3.78808,98.71483
Maritim Belawan,0,3.78808,98.71483
Maritim Belawan,0,3.78808,98.71483
Maritim Belawan,0,3.78808,98.71483
Maritim Belawan,11.9,3.78808,98.71483
Maritim Belawan,0,3.78808,98.71483
Maritim Belawan,0,3.78808,98.71483
Maritim Belawan,0,3.78808,98.71483
Maritim Belawan,0,3.78808,98.71483
Maritim Belawan,0,3.78808,98.71483
Maritim Belawan,0,3.78808,98.71483
Maritim Belawan,0,3.78808,98.71483
Maritim Belawan,0.1,3.78808,98.71483
Maritim Belawan,0,3.78808,98.71483
Maritim Belawan,0.5,3.78808,98.71483
Maritim Belawan,0,3.78808,98.71483
Maritim Belawan,0,3.78808,98.71483
Maritim Belawan,0,3.78808,98.71483
Maritim Belawan,0,3.78808,98.71483
Maritim Belawan,0,3.78808,98.71483
Maritim Belawan,1.6,3.78808,98.71483
Maritim Belawan,74.8,3.78808,98.71483
Maritim Belawan,57.5,3.78808,98.71483
Maritim Belawan,4.5,3.78808,98.71483
Maritim Belawan,0,3.78808,98.71483
Maritim Belawan,0,3.78808,98.71483
Maritim Belawan,8.2,3.78808,98.71483
Maritim Belawan,0.8,3.78808,98.71483
Maritim Belawan,0.2,3.78808,98.71483
Maritim Belawan,0,3.78808,98.71483
Maritim Belawan,0,3.78808,98.71483
Maritim Belawan,0,3.78808,98.71483
Maritim Belawan,0,3.78808,98.71483
Maritim Belawan,0,3.78808,98.71483
Maritim Belawan,81.8,3.78808,98.71483
Maritim Belawan,0,3.78808,98.71483
Maritim Belawan,0,3.78808,98.71483
Maritim Belawan,3.6,3.78808,98.71483
Maritim Belawan,0,3.78808,98.71483
Maritim Belawan,44.7,3.78808,98.71483
Maritim Belawan,0,3.78808,98.71483
Maritim Belawan,112.7,3.78808,98.71483
Maritim Belawan,2.8,3.78808,98.71483
Maritim Belawan,0,3.78808,98.71483
Maritim Belawan,0,3.78808,98.71483
Maritim Belawan,0,3.78808,98.71483
Maritim Belawan,1.4,3.78808,98.71483
Maritim Belawan,1.5,3.78808,98.71483
Maritim Belawan,31.2,3.78808,98.71483
Maritim Belawan,2.9,3.78808,98.71483
Maritim Belawan,0,3.78808,98.71483
Maritim Belawan,23.7,3.78808,98.71483
Maritim Belawan,0,3.78808,98.71483
Maritim Belawan,0,3.78808,98.71483
Maritim Belawan,0.1,3.78808,98.71483
Maritim Belawan,0,3.78808,98.71483
Maritim Belawan,0,3.78808,98.71483
Maritim Belawan,0,3.78808,98.71483
Maritim Belawan,49.5,3.78808,98.71483
Maritim Belawan,0.1,3.78808,98.71483
Maritim Belawan,0,3.78808,98.71483
Maritim Belawan,0,3.78808,98.71483
Maritim Belawan,30.1,3.78808,98.71483
Maritim Belawan,0.2,3.78808,98.71483
Maritim Belawan,0,3.78808,98.71483
Maritim Belawan,0.7,3.78808,98.71483
Maritim Belawan,0,3.78808,98.71483
Maritim Belawan,2.7,3.78808,98.71483
Maritim Belawan,0,3.78808,98.71483
Maritim Belawan,0,3.78808,98.71483
Maritim Belawan,0,3.78808,98.71483
Maritim Belawan,4.8,3.78808,98.71483
Maritim Belawan,0.1,3.78808,98.71483
Maritim Belawan,0,3.78808,98.71483
Maritim Belawan,1.2,3.78808,98.71483
Maritim Belawan,30.9,3.78808,98.71483
Maritim Belawan,4.6,3.78808,98.71483
Maritim Belawan,10.3,3.78808,98.71483
Maritim Belawan,2.3,3.78808,98.71483
Maritim Belawan,0,3.78808,98.71483
Maritim Belawan,0.1,3.78808,98.71483
Maritim Belawan,3,3.78808,98.71483
Maritim Belawan,0,3.78808,98.71483
Maritim Belawan,0,3.78808,98.71483
Maritim Belawan,0,3.78808,98.71483
Maritim Belawan,0.6,3.78808,98.71483
Maritim Belawan,0,3.78808,98.71483
Maritim Belawan,49,3.78808,98.71483
Maritim Belawan,23.2,3.78808,98.71483
Maritim Belawan,0,3.78808,98.71483
Maritim Belawan,0,3.78808,98.71483
Maritim Belawan,0.1,3.78808,98.71483
Maritim Belawan,53.8,3.78808,98.71483
Maritim Belawan,0,3.78808,98.71483
Maritim Belawan,0,3.78808,98.71483
Maritim Belawan,0,3.78808,98.71483
Maritim Belawan,0,3.78808,98.71483
Maritim Belawan,0.1,3.78808,98.71483
Maritim Belawan,0,3.78808,98.71483
Maritim Belawan,0.4,3.78808,98.71483
Maritim Belawan,0,3.78808,98.71483
Maritim Belawan,0,3.78808,98.71483
Maritim Belawan,0,3.78808,98.71483
Maritim Belawan,0,3.78808,98.71483
Maritim Belawan,4.6,3.78808,98.71483
Maritim Belawan,0,3.78808,98.71483
Maritim Belawan,12,3.78808,98.71483
Maritim Belawan,0,3.78808,98.71483
Maritim Belawan,0,3.78808,98.71483
Maritim Belawan,5.6,3.78808,98.71483
Maritim Belawan,0,3.78808,98.71483
Maritim Belawan,0,3.78808,98.71483
Maritim Belawan,0,3.78808,98.71483
Maritim Belawan,1.2,3.78808,98.71483
Maritim Belawan,54.2,3.78808,98.71483
Maritim Belawan,0.8,3.78808,98.71483
Maritim Belawan,0.1,3.78808,98.71483
Maritim Belawan,119.5,3.78808,98.71483
Maritim Belawan,25.1,3.78808,98.71483
Maritim Belawan,0,3.78808,98.71483
Maritim Belawan,0,3.78808,98.71483
Maritim Belawan,35.1,3.78808,98.71483
Maritim Belawan,2.7,3.78808,98.71483
Maritim Belawan,46,3.78808,98.71483
Maritim Belawan,0,3.78808,98.71483
Maritim Belawan,0,3.78808,98.71483
Maritim Belawan,0,3.78808,98.71483
Maritim Belawan,51.7,3.78808,98.71483
Maritim Belawan,0.1,3.78808,98.71483
Maritim Belawan,0.1,3.78808,98.71483
Maritim Belawan,0,3.78808,98.71483
Maritim Belawan,0,3.78808,98.71483
Maritim Belawan,5.6,3.78808,98.71483
Maritim Belawan,2.6,3.78808,98.71483
Maritim Belawan,1.4,3.78808,98.71483
Maritim Belawan,0,3.78808,98.71483
Maritim Belawan,0.4,3.78808,98.71483
Maritim Belawan,15.1,3.78808,98.71483
Maritim Belawan,0,3.78808,98.71483
Maritim Belawan,23.5,3.78808,98.71483
Maritim Belawan,0,3.78808,98.71483
Maritim Belawan,0,3.78808,98.71483
Maritim Belawan,3.6,3.78808,98.71483
Maritim Belawan,0.2,3.78808,98.71483
Maritim Belawan,0.3,3.78808,98.71483
Maritim Belawan,0,3.78808,98.71483
Maritim Belawan,5.3,3.78808,98.71483
Maritim Belawan,0,3.78808,98.71483
Maritim Belawan,1.9,3.78808,98.71483
Maritim Belawan,28.7,3.78808,98.71483
Maritim Belawan,0,3.78808,98.71483
Maritim Belawan,0,3.78808,98.71483
Maritim Belawan,9.8,3.78808,98.71483
Maritim Belawan,34.4,3.78808,98.71483
Maritim Belawan,0,3.78808,98.71483
Maritim Belawan,1.4,3.78808,98.71483
Maritim Belawan,0.2,3.78808,98.71483
Maritim Belawan,5.4,3.78808,98.71483
Maritim Belawan,0,3.78808,98.71483
Maritim Belawan,0,3.78808,98.71483
Maritim Belawan,34.9,3.78808,98.71483
Maritim Belawan,1.6,3.78808,98.71483
Maritim Belawan,0,3.78808,98.71483
Maritim Belawan,0,3.78808,98.71483
Maritim Belawan,33.3,3.78808,98.71483
Maritim Belawan,3.6,3.78808,98.71483
Maritim Belawan,0,3.78808,98.71483
Maritim Belawan,0,3.78808,98.71483
Maritim Belawan,21.1,3.78808,98.71483
Maritim Belawan,25.6,3.78808,98.71483
Maritim Belawan,0.4,3.78808,98.71483
Maritim Belawan,0,3.78808,98.71483
Maritim Belawan,0,3.78808,98.71483
Maritim Belawan,6.3,3.78808,98.71483
Maritim Belawan,0,3.78808,98.71483
Maritim Belawan,0,3.78808,98.71483
Maritim Belawan,48.2,3.78808,98.71483
Maritim Belawan,0,3.78808,98.71483
Maritim Belawan,0,3.78808,98.71483
Maritim Belawan,0.6,3.78808,98.71483
Maritim Belawan,0,3.78808,98.71483
Maritim Belawan,0,3.78808,98.71483
Maritim Belawan,31,3.78808,98.71483
Maritim Belawan,83.6,3.78808,98.71483
Maritim Belawan,0,3.78808,98.71483
Maritim Belawan,0,3.78808,98.71483
Maritim Belawan,35.2,3.78808,98.71483
Maritim Belawan,0,3.78808,98.71483
Maritim Belawan,0.5,3.78808,98.71483
Maritim Belawan,0,3.78808,98.71483
Maritim Belawan,0,3.78808,98.71483
Maritim Belawan,0,3.78808,98.71483
Maritim Belawan,0.1,3.78808,98.71483
Maritim Belawan,0,3.78808,98.71483
Maritim Belawan,14.6,3.78808,98.71483
Maritim Belawan,0.5,3.78808,98.71483
Maritim Belawan,0,3.78808,98.71483
Maritim Belawan,0,3.78808,98.71483
Maritim Belawan,24.4,3.78808,98.71483
Maritim Belawan,7,3.78808,98.71483
Maritim Belawan,0,3.78808,98.71483
Maritim Belawan,14,3.78808,98.71483
Maritim Belawan,72,3.78808,98.71483
Maritim Belawan,99,3.78808,98.71483
Maritim Belawan,15.6,3.78808,98.71483
Maritim Belawan,0.1,3.78808,98.71483
Maritim Belawan,1,3.78808,98.71483
Maritim Belawan,1.6,3.78808,98.71483
Maritim Belawan,0.6,3.78808,98.71483
Maritim Belawan,0.3,3.78808,98.71483
Maritim Belawan,8,3.78808,98.71483
Maritim Belawan,7.5,3.78808,98.71483
Maritim Belawan,2,3.78808,98.71483
Maritim Belawan,1.1,3.78808,98.71483
Maritim Belawan,3.4,3.78808,98.71483
Maritim Belawan,0,3.78808,98.71483
Maritim Belawan,0,3.78808,98.71483
Maritim Belawan,7.5,3.78808,98.71483
Maritim Belawan,10.8,3.78808,98.71483
Maritim Belawan,7.6,3.78808,98.71483
Maritim Belawan,1.7,3.78808,98.71483
Maritim Belawan,0.5,3.78808,98.71483
Maritim Belawan,3.5,3.78808,98.71483
Maritim Belawan,2.2,3.78808,98.71483
Maritim Belawan,3.5,3.78808,98.71483
Maritim Belawan,68.8,3.78808,98.71483
Maritim Belawan,55.2,3.78808,98.71483
Maritim Belawan,18.5,3.78808,98.71483
Maritim Belawan,25.7,3.78808,98.71483
Maritim Belawan,0.2,3.78808,98.71483
Maritim Belawan,0.3,3.78808,98.71483
Maritim Belawan,0,3.78808,98.71483
Maritim Belawan,14.6,3.78808,98.71483
Maritim Belawan,25.9,3.78808,98.71483
Maritim Belawan,10.1,3.78808,98.71483
Maritim Belawan,60.4,3.78808,98.71483
Maritim Belawan,3.8,3.78808,98.71483
Maritim Belawan,0,3.78808,98.71483
Maritim Belawan,0,3.78808,98.71483
Maritim Belawan,87.5,3.78808,98.71483
Maritim Belawan,28,3.78808,98.71483
Maritim Belawan,0,3.78808,98.71483
Maritim Belawan,15.7,3.78808,98.71483
Maritim Belawan,1.5,3.78808,98.71483
Maritim Belawan,0,3.78808,98.71483
Maritim Belawan,0,3.78808,98.71483
Maritim Belawan,29.2,3.78808,98.71483
Maritim Belawan,8.6,3.78808,98.71483
Maritim Belawan,0,3.78808,98.71483
Maritim Belawan,5,3.78808,98.71483
Maritim Belawan,0,3.78808,98.71483
Maritim Belawan,42,3.78808,98.71483
Maritim Belawan,26.1,3.78808,98.71483
Maritim Belawan,0,3.78808,98.71483
Maritim Belawan,0,3.78808,98.71483
Maritim Belawan,0,3.78808,98.71483
Maritim Belawan,0.2,3.78808,98.71483
Maritim Belawan,3.6,3.78808,98.71483
Maritim Belawan,0,3.78808,98.71483
Maritim Belawan,3.1,3.78808,98.71483
Maritim Belawan,7.2,3.78808,98.71483
Maritim Belawan,25.5,3.78808,98.71483
Maritim Belawan,0,3.78808,98.71483
Maritim Belawan,1.2,3.78808,98.71483
Maritim Belawan,0,3.78808,98.71483
Maritim Belawan,3.8,3.78808,98.71483
Maritim Belawan,0,3.78808,98.71483
Maritim Belawan,0,3.78808,98.71483
Maritim Belawan,0,3.78808,98.71483
Maritim Belawan,17.1,3.78808,98.71483
Maritim Belawan,0,3.78808,98.71483
Maritim Belawan,0,3.78808,98.71483
Maritim Belawan,2.2,3.78808,98.71483
Maritim Belawan,0.3,3.78808,98.71483
Maritim Belawan,0,3.78808,98.71483
Maritim Belawan,0,3.78808,98.71483
Maritim Belawan,0,3.78808,98.71483
Maritim Belawan,24.1,3.78808,98.71483
Maritim Belawan,0,3.78808,98.71483
Maritim Belawan,0,3.78808,98.71483
Maritim Belawan,0,3.78808,98.71483
Maritim Belawan,3.5,3.78808,98.71483
Maritim Belawan,0,3.78808,98.71483
Maritim Belawan,0,3.78808,98.71483
Maritim Belawan,0.9,3.78808,98.71483
Maritim Belawan,28.8,3.78808,98.71483
Maritim Belawan,0.3,3.78808,98.71483
Maritim Belawan,0,3.78808,98.71483
Maritim Belawan,0,3.78808,98.71483
Maritim Belawan,0,3.78808,98.71483
Maritim Belawan,0,3.78808,98.71483
Maritim Belawan,0,3.78808,98.71483
Maritim Belawan,0,3.78808,98.71483
Maritim Belawan,2.4,3.78808,98.71483
Maritim Belawan,11.6,3.78808,98.71483
Maritim Belawan,8,3.78808,98.71483
Maritim Belawan,0,3.78808,98.71483
Maritim Belawan,23.9,3.78808,98.71483
Maritim Belawan,0,3.78808,98.71483
Maritim Belawan,0,3.78808,98.71483
Maritim Belawan,0,3.78808,98.71483
Maritim Belawan,14.9,3.78808,98.71483
Maritim Belawan,5.1,3.78808,98.71483
Maritim Belawan,0,3.78808,98.71483
Maritim Belawan,25.3,3.78808,98.71483
Maritim Belawan,44.2,3.78808,98.71483
Maritim Belawan,0,3.78808,98.71483
Maritim Belawan,2.6,3.78808,98.71483
Maritim Belawan,0,3.78808,98.71483
Maritim Belawan,0,3.78808,98.71483
Maritim Belawan,5.1,3.78808,98.71483
Maritim Belawan,4.3,3.78808,98.71483
Maritim Belawan,27.1,3.78808,98.71483
Maritim Belawan,0,3.78808,98.71483
Maritim Belawan,0,3.78808,98.71483
Maritim Belawan,0,3.78808,98.71483
Maritim Belawan,4.2,3.78808,98.71483
Maritim Belawan,0.1,3.78808,98.71483
Maritim Belawan,24.8,3.78808,98.71483
Maritim Belawan,0,3.78808,98.71483
Maritim Belawan,20.7,3.78808,98.71483
Maritim Belawan,0,3.78808,98.71483
Maritim Belawan,0,3.78808,98.71483
Maritim Belawan,22.2,3.78808,98.71483
Maritim Belawan,2.4,3.78808,98.71483
Maritim Belawan,4.8,3.78808,98.71483
Maritim Belawan,0.3,3.78808,98.71483
Maritim Belawan,0,3.78808,98.71483
Maritim Belawan,0,3.78808,98.71483
Maritim Belawan,0,3.78808,98.71483
Maritim Belawan,0,3.78808,98.71483
Maritim Belawan,1.3,3.78808,98.71483
Maritim Belawan,3.4,3.78808,98.71483
Maritim Belawan,0,3.78808,98.71483
Maritim Belawan,1.3,3.78808,98.71483
Maritim Belawan,0,3.78808,98.71483
Maritim Belawan,0,3.78808,98.71483
Maritim Belawan,0,3.78808,98.71483
Maritim Belawan,0,3.78808,98.71483
Maritim Belawan,0,3.78808,98.71483
Maritim Belawan,38.2,3.78808,98.71483
Maritim Belawan,1.1,3.78808,98.71483
Maritim Belawan,26.5,3.78808,98.71483
Maritim Belawan,0.1,3.78808,98.71483
Maritim Belawan,0.1,3.78808,98.71483
Maritim Belawan,11.9,3.78808,98.71483
Maritim Belawan,0,3.78808,98.71483
Maritim Belawan,1.5,3.78808,98.71483
Maritim Belawan,0.2,3.78808,98.71483
Maritim Belawan,0,3.78808,98.71483
Maritim Belawan,33.3,3.78808,98.71483
Maritim Belawan,10.4,3.78808,98.71483
Maritim Belawan,0,3.78808,98.71483
Maritim Belawan,0,3.78808,98.71483
Maritim Belawan,12.6,3.78808,98.71483
Maritim Belawan,2,3.78808,98.71483
Maritim Belawan,0,3.78808,98.71483
Maritim Belawan,0.5,3.78808,98.71483
Maritim Belawan,0,3.78808,98.71483
Maritim Belawan,0,3.78808,98.71483
Maritim Belawan,0.5,3.78808,98.71483
Maritim Belawan,0,3.78808,98.71483
Maritim Belawan,0,3.78808,98.71483
Maritim Belawan,0,3.78808,98.71483
Maritim Belawan,0,3.78808,98.71483
Maritim Belawan,0.6,3.78808,98.71483
Maritim Belawan,0,3.78808,98.71483
Maritim Belawan,1.1,3.78808,98.71483
Maritim Belawan,0,3.78808,98.71483
Maritim Belawan,0,3.78808,98.71483
Maritim Belawan,22.4,3.78808,98.71483
Maritim Belawan,0,3.78808,98.71483
Maritim Belawan,9.1,3.78808,98.71483
Maritim Belawan,0.4,3.78808,98.71483
Maritim Belawan,0,3.78808,98.71483
Maritim Belawan,0,3.78808,98.71483
Maritim Belawan,0,3.78808,98.71483
Maritim Belawan,2.3,3.78808,98.71483
Maritim Belawan,0,3.78808,98.71483
Maritim Belawan,0,3.78808,98.71483
Maritim Belawan,0.1,3.78808,98.71483
Maritim Belawan,0,3.78808,98.71483
Maritim Belawan,2.5,3.78808,98.71483
Maritim Belawan,0,3.78808,98.71483
Maritim Belawan,0,3.78808,98.71483
Maritim Belawan,1.3,3.78808,98.71483
Maritim Belawan,0,3.78808,98.71483
Maritim Belawan,0,3.78808,98.71483
Maritim Belawan,27.4,3.78808,98.71483
Maritim Belawan,2.6,3.78808,98.71483
Maritim Belawan,0,3.78808,98.71483
Maritim Belawan,0,3.78808,98.71483
Maritim Belawan,0,3.78808,98.71483
Maritim Belawan,0,3.78808,98.71483
Maritim Belawan,6.5,3.78808,98.71483
Maritim Belawan,0,3.78808,98.71483
Maritim Belawan,27.4,3.78808,98.71483
Maritim Belawan,0.1,3.78808,98.71483
Maritim Belawan,19.2,3.78808,98.71483
Maritim Belawan,5.5,3.78808,98.71483
Maritim Belawan,0,3.78808,98.71483
Maritim Belawan,0,3.78808,98.71483
Maritim Belawan,0,3.78808,98.71483
Maritim Belawan,12.3,3.78808,98.71483
Maritim Belawan,0.6,3.78808,98.71483
Maritim Belawan,0,3.78808,98.71483
Maritim Belawan,0,3.78808,98.71483
Maritim Belawan,0.1,3.78808,98.71483
Maritim Belawan,0,3.78808,98.71483
Maritim Belawan,1.3,3.78808,98.71483
Maritim Belawan,0.1,3.78808,98.71483
Maritim Belawan,4.1,3.78808,98.71483
Maritim Belawan,5.4,3.78808,98.71483
Maritim Belawan,0,3.78808,98.71483
Maritim Belawan,0,3.78808,98.71483
Maritim Belawan,0.3,3.78808,98.71483
Maritim Belawan,0,3.78808,98.71483
Maritim Belawan,0.1,3.78808,98.71483
Maritim Belawan,2.7,3.78808,98.71483
Maritim Belawan,39.7,3.78808,98.71483
Maritim Belawan,0,3.78808,98.71483
Maritim Belawan,0.8,3.78808,98.71483
Maritim Belawan,0,3.78808,98.71483
Maritim Belawan,0,3.78808,98.71483
Maritim Belawan,1.7,3.78808,98.71483
Maritim Belawan,0,3.78808,98.71483
Maritim Belawan,48.7,3.78808,98.71483
Maritim Belawan,33.9,3.78808,98.71483
Maritim Belawan,17.9,3.78808,98.71483
Maritim Belawan,14.1,3.78808,98.71483
Maritim Belawan,0,3.78808,98.71483
Maritim Belawan,0,3.78808,98.71483
Maritim Belawan,5.8,3.78808,98.71483
Maritim Belawan,0.2,3.78808,98.71483
Maritim Belawan,0,3.78808,98.71483
Maritim Belawan,0.5,3.78808,98.71483
Maritim Belawan,4.6,3.78808,98.71483
Maritim Belawan,0.2,3.78808,98.71483
Maritim Belawan,40.7,3.78808,98.71483
Maritim Belawan,1.1,3.78808,98.71483
Maritim Belawan,0,3.78808,98.71483
Maritim Belawan,0,3.78808,98.71483
Maritim Belawan,0,3.78808,98.71483
Maritim Belawan,0,3.78808,98.71483
Maritim Belawan,0.1,3.78808,98.71483
Maritim Belawan,1.5,3.78808,98.71483
Maritim Belawan,0.2,3.78808,98.71483
Maritim Belawan,0.2,3.78808,98.71483
Maritim Belawan,0.3,3.78808,98.71483
Maritim Belawan,0,3.78808,98.71483
Maritim Belawan,3.6,3.78808,98.71483
Maritim Belawan,0.2,3.78808,98.71483
Maritim Belawan,0,3.78808,98.71483
Maritim Belawan,0,3.78808,98.71483
Maritim Belawan,8.8,3.78808,98.71483
Maritim Belawan,0,3.78808,98.71483
Maritim Belawan,0,3.78808,98.71483
Maritim Belawan,7,3.78808,98.71483
Maritim Belawan,47.3,3.78808,98.71483
Maritim Belawan,0,3.78808,98.71483
Maritim Belawan,0.6,3.78808,98.71483
Maritim Belawan,1.3,3.78808,98.71483
Maritim Belawan,0,3.78808,98.71483
Maritim Belawan,0.8,3.78808,98.71483
Maritim Belawan,70.7,3.78808,98.71483
Maritim Belawan,0.6,3.78808,98.71483
Maritim Belawan,0,3.78808,98.71483
Maritim Belawan,0,3.78808,98.71483
Maritim Belawan,1.4,3.78808,98.71483
Maritim Belawan,1.8,3.78808,98.71483
Maritim Belawan,0,3.78808,98.71483
Maritim Belawan,0,3.78808,98.71483
Maritim Belawan,0,3.78808,98.71483
Maritim Belawan,0,3.78808,98.71483
Maritim Belawan,0,3.78808,98.71483
Maritim Belawan,2,3.78808,98.71483
Maritim Belawan,0,3.78808,98.71483
Maritim Belawan,0,3.78808,98.71483
Maritim Belawan,1.3,3.78808,98.71483
Maritim Belawan,0,3.78808,98.71483
Maritim Belawan,0,3.78808,98.71483
Maritim Belawan,11.7,3.78808,98.71483
Maritim Belawan,0,3.78808,98.71483
Maritim Belawan,3.4,3.78808,98.71483
Maritim Belawan,0.8,3.78808,98.71483
Maritim Belawan,0,3.78808,98.71483
Maritim Belawan,0,3.78808,98.71483
Maritim Belawan,0,3.78808,98.71483
Maritim Belawan,0,3.78808,98.71483
Maritim Belawan,0.8,3.78808,98.71483
Maritim Belawan,27.9,3.78808,98.71483
Maritim Belawan,0.3,3.78808,98.71483
Maritim Belawan,50.7,3.78808,98.71483
Maritim Belawan,0,3.78808,98.71483
Maritim Belawan,1.3,3.78808,98.71483
Maritim Belawan,0.2,3.78808,98.71483
Maritim Belawan,0,3.78808,98.71483
Maritim Belawan,7.6,3.78808,98.71483
Maritim Belawan,0,3.78808,98.71483
Maritim Belawan,19.9,3.78808,98.71483
Maritim Belawan,0,3.78808,98.71483
Maritim Belawan,2.1,3.78808,98.71483
Maritim Belawan,0,3.78808,98.71483
Maritim Belawan,1.5,3.78808,98.71483
Maritim Belawan,2.2,3.78808,98.71483
Maritim Belawan,35.5,3.78808,98.71483
Maritim Belawan,0.6,3.78808,98.71483
Maritim Belawan,16,3.78808,98.71483
Maritim Belawan,4.3,3.78808,98.71483
Maritim Belawan,61.4,3.78808,98.71483
Maritim Belawan,3.1,3.78808,98.71483
Maritim Belawan,9,3.78808,98.71483
Maritim Belawan,2,3.78808,98.71483
Maritim Belawan,34.4,3.78808,98.71483
Maritim Belawan,0,3.78808,98.71483
Maritim Belawan,0,3.78808,98.71483
Maritim Belawan,8.8,3.78808,98.71483
Maritim Belawan,63,3.78808,98.71483
Maritim Belawan,0,3.78808,98.71483
Maritim Belawan,0,3.78808,98.71483
Maritim Belawan,30.7,3.78808,98.71483
Maritim Belawan,0.2,3.78808,98.71483
Maritim Belawan,0,3.78808,98.71483
Maritim Belawan,0,3.78808,98.71483
Maritim Belawan,0,3.78808,98.71483
Maritim Belawan,0,3.78808,98.71483
Maritim Belawan,1.9,3.78808,98.71483
Maritim Belawan,0.1,3.78808,98.71483
Maritim Belawan,0,3.78808,98.71483
Maritim Belawan,11.7,3.78808,98.71483
Maritim Belawan,2.3,3.78808,98.71483
Maritim Belawan,1.8,3.78808,98.71483
Maritim Belawan,0,3.78808,98.71483
Maritim Belawan,0,3.78808,98.71483
Maritim Belawan,0.4,3.78808,98.71483
Maritim Belawan,0.1,3.78808,98.71483
Maritim Belawan,0,3.78808,98.71483
Maritim Belawan,16.3,3.78808,98.71483
Maritim Belawan,0,3.78808,98.71483
Maritim Belawan,0.6,3.78808,98.71483
Maritim Belawan,0.4,3.78808,98.71483
Maritim Belawan,0,3.78808,98.71483
Maritim Belawan,58.7,3.78808,98.71483
Maritim Belawan,0,3.78808,98.71483
Maritim Belawan,36.5,3.78808,98.71483
Maritim Belawan,0.4,3.78808,98.71483
Maritim Belawan,0.6,3.78808,98.71483
Maritim Belawan,0.5,3.78808,98.71483
Maritim Belawan,4.7,3.78808,98.71483
Maritim Belawan,13.2,3.78808,98.71483
Maritim Belawan,14.8,3.78808,98.71483
Maritim Belawan,1.2,3.78808,98.71483
Maritim Belawan,53.5,3.78808,98.71483
Maritim Belawan,9,3.78808,98.71483
Maritim Belawan,0.6,3.78808,98.71483
Maritim Belawan,0.9,3.78808,98.71483
Maritim Belawan,0.1,3.78808,98.71483
Maritim Belawan,1,3.78808,98.71483
Maritim Belawan,0.3,3.78808,98.71483
Maritim Belawan,0.3,3.78808,98.71483
Maritim Belawan,2.7,3.78808,98.71483
Maritim Belawan,8.3,3.78808,98.71483
Maritim Belawan,10.6,3.78808,98.71483
Maritim Belawan,0,3.78808,98.71483
Maritim Belawan,0,3.78808,98.71483
Maritim Belawan,8.8,3.78808,98.71483
Maritim Belawan,0,3.78808,98.71483
Maritim Belawan,10.3,3.78808,98.71483
Maritim Belawan,7.2,3.78808,98.71483
Maritim Belawan,0,3.78808,98.71483
Maritim Belawan,0,3.78808,98.71483
Maritim Belawan,24.3,3.78808,98.71483
Maritim Belawan,1.6,3.78808,98.71483
Maritim Belawan,11.4,3.78808,98.71483
Maritim Belawan,3.2,3.78808,98.71483
Maritim Belawan,2.9,3.78808,98.71483
Maritim Belawan,0,3.78808,98.71483
Maritim Belawan,25,3.78808,98.71483
Maritim Belawan,0,3.78808,98.71483
Maritim Belawan,37.6,3.78808,98.71483
Maritim Belawan,1,3.78808,98.71483
Maritim Belawan,0.1,3.78808,98.71483
Maritim Belawan,0.3,3.78808,98.71483
Maritim Belawan,17.2,3.78808,98.71483
Maritim Belawan,0,3.78808,98.71483
Maritim Belawan,13.9,3.78808,98.71483
Maritim Belawan,1.4,3.78808,98.71483
Maritim Belawan,0.2,3.78808,98.71483
Maritim Belawan,51.5,3.78808,98.71483
Maritim Belawan,9.7,3.78808,98.71483
Maritim Belawan,8.8,3.78808,98.71483
Maritim Belawan,0.2,3.78808,98.71483
Maritim Belawan,2.3,3.78808,98.71483
Maritim Belawan,2.9,3.78808,98.71483
Maritim Belawan,0,3.78808,98.71483
Maritim Belawan,0,3.78808,98.71483
Maritim Belawan,34.5,3.78808,98.71483
Maritim Belawan,0.2,3.78808,98.71483
Maritim Belawan,0.1,3.78808,98.71483
Maritim Belawan,18.1,3.78808,98.71483
Maritim Belawan,19.4,3.78808,98.71483
Maritim Belawan,0,3.78808,98.71483
Maritim Belawan,29.2,3.78808,98.71483
Maritim Belawan,2.3,3.78808,98.71483
Maritim Belawan,26.7,3.78808,98.71483
Maritim Belawan,1.8,3.78808,98.71483
Maritim Belawan,2,3.78808,98.71483
Maritim Belawan,3.1,3.78808,98.71483
Maritim Belawan,0,3.78808,98.71483
Maritim Belawan,4.3,3.78808,98.71483
Maritim Belawan,0,3.78808,98.71483
Maritim Belawan,45.2,3.78808,98.71483
Maritim Belawan,0,3.78808,98.71483
Maritim Belawan,0,3.78808,98.71483
Maritim Belawan,0,3.78808,98.71483
Maritim Belawan,25.8,3.78808,98.71483
Maritim Belawan,37.3,3.78808,98.71483
Maritim Belawan,29.1,3.78808,98.71483
Maritim Belawan,0,3.78808,98.71483
Maritim Belawan,1.3,3.78808,98.71483
Maritim Belawan,0.5,3.78808,98.71483
Maritim Belawan,0.5,3.78808,98.71483
Maritim Belawan,6.7,3.78808,98.71483
Maritim Belawan,29.2,3.78808,98.71483
Maritim Belawan,36.4,3.78808,98.71483
Maritim Belawan,0,3.78808,98.71483
Maritim Belawan,1.1,3.78808,98.71483
Maritim Belawan,2.8,3.78808,98.71483
Maritim Belawan,2,3.78808,98.71483
Maritim Belawan,2.7,3.78808,98.71483
Maritim Belawan,0,3.78808,98.71483
Maritim Belawan,8.2,3.78808,98.71483
Maritim Belawan,0,3.78808,98.71483
Maritim Belawan,0,3.78808,98.71483
Maritim Belawan,0,3.78808,98.71483
Maritim Belawan,3.5,3.78808,98.71483
Maritim Belawan,0,3.78808,98.71483
Maritim Belawan,18.8,3.78808,98.71483
Maritim Belawan,0,3.78808,98.71483
Maritim Belawan,0,3.78808,98.71483
Maritim Belawan,0.1,3.78808,98.71483
Maritim Belawan,2.8,3.78808,98.71483
Maritim Belawan,0,3.78808,98.71483
Maritim Belawan,0.1,3.78808,98.71483
Maritim Belawan,0,3.78808,98.71483
Maritim Belawan,0,3.78808,98.71483
Maritim Belawan,3.8,3.78808,98.71483
Maritim Belawan,19.3,3.78808,98.71483
Maritim Belawan,31.8,3.78808,98.71483
Maritim Belawan,59.7,3.78808,98.71483
Maritim Belawan,3.7,3.78808,98.71483
Maritim Belawan,0,3.78808,98.71483
Maritim Belawan,0,3.78808,98.71483
Maritim Belawan,0,3.78808,98.71483
Maritim Belawan,0,3.78808,98.71483
Maritim Belawan,0.9,3.78808,98.71483
Maritim Belawan,0,3.78808,98.71483
Maritim Belawan,0,3.78808,98.71483
Maritim Belawan,0,3.78808,98.71483
Maritim Belawan,0,3.78808,98.71483
Maritim Belawan,0,3.78808,98.71483
Maritim Belawan,2.4,3.78808,98.71483
Maritim Belawan,0,3.78808,98.71483
Maritim Belawan,2.6,3.78808,98.71483
Maritim Belawan,0,3.78808,98.71483
Maritim Belawan,0,3.78808,98.71483
Maritim Belawan,7,3.78808,98.71483
Maritim Belawan,0,3.78808,98.71483
Maritim Belawan,0,3.78808,98.71483
Maritim Belawan,0,3.78808,98.71483
Maritim Belawan,0,3.78808,98.71483
Maritim Belawan,0,3.78808,98.71483
Maritim Belawan,0,3.78808,98.71483
Maritim Belawan,32.1,3.78808,98.71483
Maritim Belawan,0,3.78808,98.71483
Maritim Belawan,0,3.78808,98.71483
Maritim Belawan,0,3.78808,98.71483
Maritim Belawan,0,3.78808,98.71483
Maritim Belawan,0,3.78808,98.71483
Maritim Belawan,0,3.78808,98.71483
Maritim Belawan,1.3,3.78808,98.71483
Maritim Belawan,0,3.78808,98.71483
Maritim Belawan,9,3.78808,98.71483
Maritim Belawan,0,3.78808,98.71483
Maritim Belawan,0,3.78808,98.71483
Maritim Belawan,0,3.78808,98.71483
Maritim Belawan,0,3.78808,98.71483
Maritim Belawan,0,3.78808,98.71483
Maritim Belawan,0,3.78808,98.71483
Maritim Belawan,3.8,3.78808,98.71483
Maritim Belawan,0,3.78808,98.71483
Maritim Belawan,0.2,3.78808,98.71483
Maritim Belawan,25.8,3.78808,98.71483
Maritim Belawan,38.4,3.78808,98.71483
Maritim Belawan,0,3.78808,98.71483
Maritim Belawan,0,3.78808,98.71483
Maritim Belawan,0,3.78808,98.71483
Maritim Belawan,0,3.78808,98.71483
Maritim Belawan,0,3.78808,98.71483
Maritim Belawan,9.7,3.78808,98.71483
Maritim Belawan,20.6,3.78808,98.71483
Maritim Belawan,0,3.78808,98.71483
Maritim Belawan,0,3.78808,98.71483
Maritim Belawan,26.4,3.78808,98.71483
Maritim Belawan,0,3.78808,98.71483
Maritim Belawan,19.3,3.78808,98.71483
Maritim Belawan,0,3.78808,98.71483
Maritim Belawan,0,3.78808,98.71483
Maritim Belawan,27.1,3.78808,98.71483
Maritim Belawan,0,3.78808,98.71483
Maritim Belawan,47.5,3.78808,98.71483
Maritim Belawan,0.4,3.78808,98.71483
Maritim Belawan,32.5,3.78808,98.71483
Maritim Belawan,0,3.78808,98.71483
Maritim Belawan,0,3.78808,98.71483
Maritim Belawan,0,3.78808,98.71483
Maritim Belawan,0,3.78808,98.71483
Maritim Belawan,1.7,3.78808,98.71483
Maritim Belawan,0,3.78808,98.71483
Maritim Belawan,0,3.78808,98.71483
Maritim Belawan,0,3.78808,98.71483
Maritim Belawan,0,3.78808,98.71483
Maritim Belawan,0.6,3.78808,98.71483
Maritim Belawan,15,3.78808,98.71483
Maritim Belawan,0,3.78808,98.71483
Maritim Belawan,0.1,3.78808,98.71483
Maritim Belawan,0,3.78808,98.71483
Maritim Belawan,0,3.78808,98.71483
Maritim Belawan,0,3.78808,98.71483
Maritim Belawan,0.2,3.78808,98.71483
Maritim Belawan,0,3.78808,98.71483
Maritim Belawan,0,3.78808,98.71483
Maritim Belawan,0.1,3.78808,98.71483
Maritim Belawan,0,3.78808,98.71483
Maritim Belawan,1,3.78808,98.71483
Maritim Belawan,0,3.78808,98.71483
Maritim Belawan,0,3.78808,98.71483
Maritim Belawan,0,3.78808,98.71483
Maritim Belawan,0,3.78808,98.71483
Maritim Belawan,0.5,3.78808,98.71483
Maritim Belawan,0,3.78808,98.71483
Maritim Belawan,0,3.78808,98.71483
Maritim Belawan,0,3.78808,98.71483
Maritim Belawan,0,3.78808,98.71483
Maritim Belawan,0,3.78808,98.71483
Maritim Belawan,17.4,3.78808,98.71483
Maritim Belawan,0,3.78808,98.71483
Maritim Belawan,0.3,3.78808,98.71483
Maritim Belawan,0,3.78808,98.71483
Maritim Belawan,0,3.78808,98.71483
Maritim Belawan,0,3.78808,98.71483
Maritim Belawan,0,3.78808,98.71483
Maritim Belawan,19.1,3.78808,98.71483
Maritim Belawan,0,3.78808,98.71483
Maritim Belawan,5.8,3.78808,98.71483
Maritim Belawan,13.1,3.78808,98.71483
Maritim Belawan,0,3.78808,98.71483
Maritim Belawan,0,3.78808,98.71483
Maritim Belawan,0,3.78808,98.71483
Maritim Belawan,0,3.78808,98.71483
Maritim Belawan,0,3.78808,98.71483
Maritim Belawan,1.5,3.78808,98.71483
Maritim Belawan,2.7,3.78808,98.71483
Maritim Belawan,0.2,3.78808,98.71483
Maritim Belawan,0.1,3.78808,98.71483
Maritim Belawan,0,3.78808,98.71483
Maritim Belawan,10.4,3.78808,98.71483
Maritim Belawan,19.8,3.78808,98.71483
Maritim Belawan,0,3.78808,98.71483
Maritim Belawan,3.5,3.78808,98.71483
Maritim Belawan,42.7,3.78808,98.71483
Maritim Belawan,0.1,3.78808,98.71483
Maritim Belawan,0,3.78808,98.71483
Maritim Belawan,0,3.78808,98.71483
Maritim Belawan,0,3.78808,98.71483
Maritim Belawan,4.1,3.78808,98.71483
Maritim Belawan,0,3.78808,98.71483
Maritim Belawan,0.7,3.78808,98.71483
Maritim Belawan,0,3.78808,98.71483
Maritim Belawan,0,3.78808,98.71483
Maritim Belawan,0,3.78808,98.71483
Maritim Belawan,0,3.78808,98.71483
Maritim Belawan,6.6,3.78808,98.71483
Maritim Belawan,0,3.78808,98.71483
Maritim Belawan,0.1,3.78808,98.71483
Maritim Belawan,0,3.78808,98.71483
Maritim Belawan,0,3.78808,98.71483
Maritim Belawan,0,3.78808,98.71483
Maritim Belawan,0,3.78808,98.71483
Maritim Belawan,0,3.78808,98.71483
Maritim Belawan,0.2,3.78808,98.71483
Maritim Belawan,19.8,3.78808,98.71483
Maritim Belawan,0,3.78808,98.71483
Maritim Belawan,1.2,3.78808,98.71483
Maritim Belawan,0,3.78808,98.71483
Maritim Belawan,0,3.78808,98.71483
Maritim Belawan,0.1,3.78808,98.71483
Maritim Belawan,21,3.78808,98.71483
Maritim Belawan,0,3.78808,98.71483
Maritim Belawan,0,3.78808,98.71483
Maritim Belawan,0,3.78808,98.71483
Maritim Belawan,18.6,3.78808,98.71483
Maritim Belawan,0,3.78808,98.71483
Maritim Belawan,0,3.78808,98.71483
Maritim Belawan,0,3.78808,98.71483
Maritim Belawan,23.4,3.78808,98.71483
Maritim Belawan,0,3.78808,98.71483
Maritim Belawan,2.2,3.78808,98.71483
Maritim Belawan,17.6,3.78808,98.71483
Maritim Belawan,0,3.78808,98.71483
Maritim Belawan,32.9,3.78808,98.71483
Maritim Belawan,0,3.78808,98.71483
Maritim Belawan,3.2,3.78808,98.71483
Maritim Belawan,0,3.78808,98.71483
Maritim Belawan,0,3.78808,98.71483
Maritim Belawan,0,3.78808,98.71483
Maritim Belawan,0,3.78808,98.71483
Maritim Belawan,0,3.78808,98.71483
Maritim Belawan,1.5,3.78808,98.71483
Maritim Belawan,0,3.78808,98.71483
Maritim Belawan,0,3.78808,98.71483
Maritim Belawan,0,3.78808,98.71483
Maritim Belawan,65,3.78808,98.71483
Maritim Belawan,11.4,3.78808,98.71483
Maritim Belawan,0,3.78808,98.71483
Maritim Belawan,0,3.78808,98.71483
Maritim Belawan,0,3.78808,98.71483
Maritim Belawan,0.7,3.78808,98.71483
Maritim Belawan,0.5,3.78808,98.71483
Maritim Belawan,0.6,3.78808,98.71483
Maritim Belawan,0,3.78808,98.71483
Maritim Belawan,4.3,3.78808,98.71483
Maritim Belawan,0,3.78808,98.71483
Maritim Belawan,21.7,3.78808,98.71483
Maritim Belawan,0,3.78808,98.71483
Maritim Belawan,0,3.78808,98.71483
Maritim Belawan,0,3.78808,98.71483
Maritim Belawan,0.1,3.78808,98.71483
Maritim Belawan,0,3.78808,98.71483
Maritim Belawan,0.2,3.78808,98.71483
Maritim Belawan,6.8,3.78808,98.71483
Maritim Belawan,0,3.78808,98.71483
Maritim Belawan,0,3.78808,98.71483
Maritim Belawan,0.1,3.78808,98.71483
Maritim Belawan,0,3.78808,98.71483
Maritim Belawan,0,3.78808,98.71483
Maritim Belawan,0,3.78808,98.71483
Maritim Belawan,11.5,3.78808,98.71483
Maritim Belawan,0,3.78808,98.71483
Maritim Belawan,2.7,3.78808,98.71483
Maritim Belawan,0,3.78808,98.71483
Maritim Belawan,0.3,3.78808,98.71483
Maritim Belawan,0,3.78808,98.71483
Maritim Belawan,0.9,3.78808,98.71483
Maritim Belawan,0.4,3.78808,98.71483
Maritim Belawan,16.6,3.78808,98.71483
Maritim Belawan,1.8,3.78808,98.71483
Maritim Belawan,0,3.78808,98.71483
Maritim Belawan,0,3.78808,98.71483
Maritim Belawan,12.6,3.78808,98.71483
Maritim Belawan,18.4,3.78808,98.71483
Maritim Belawan,39.6,3.78808,98.71483
Maritim Belawan,0.4,3.78808,98.71483
Maritim Belawan,61.4,3.78808,98.71483
Maritim Belawan,0,3.78808,98.71483
Maritim Belawan,33.7,3.78808,98.71483
Maritim Belawan,0.1,3.78808,98.71483
Maritim Belawan,9.4,3.78808,98.71483
Maritim Belawan,0.9,3.78808,98.71483
Maritim Belawan,0,3.78808,98.71483
Maritim Belawan,4,3.78808,98.71483
Maritim Belawan,0.5,3.78808,98.71483
Maritim Belawan,21.9,3.78808,98.71483
Maritim Belawan,0,3.78808,98.71483
Maritim Belawan,0,3.78808,98.71483
Maritim Belawan,0.8,3.78808,98.71483
Maritim Belawan,0,3.78808,98.71483
Maritim Belawan,0,3.78808,98.71483
Maritim Belawan,8.4,3.78808,98.71483
Maritim Belawan,0.6,3.78808,98.71483
Maritim Belawan,0,3.78808,98.71483
Maritim Belawan,0,3.78808,98.71483
Maritim Belawan,8.3,3.78808,98.71483
Maritim Belawan,0.7,3.78808,98.71483
Maritim Belawan,0.2,3.78808,98.71483
Maritim Belawan,0.7,3.78808,98.71483
Maritim Belawan,15.4,3.78808,98.71483
Maritim Belawan,0,3.78808,98.71483
Maritim Belawan,0.1,3.78808,98.71483
Maritim Belawan,4.8,3.78808,98.71483
Maritim Belawan,37.2,3.78808,98.71483
Maritim Belawan,0,3.78808,98.71483
Maritim Belawan,25.4,3.78808,98.71483
Maritim Belawan,0,3.78808,98.71483
Maritim Belawan,0,3.78808,98.71483
Maritim Belawan,0,3.78808,98.71483
Maritim Belawan,0.6,3.78808,98.71483
Maritim Belawan,0.1,3.78808,98.71483
Maritim Belawan,3.2,3.78808,98.71483
Maritim Belawan,0,3.78808,98.71483
Maritim Belawan,3.1,3.78808,98.71483
Maritim Belawan,0,3.78808,98.71483
Maritim Belawan,0.1,3.78808,98.71483
Maritim Belawan,24.9,3.78808,98.71483
Maritim Belawan,0,3.78808,98.71483
Maritim Belawan,2.1,3.78808,98.71483
Maritim Belawan,0.1,3.78808,98.71483
Maritim Belawan,0.5,3.78808,98.71483
Maritim Belawan,4.5,3.78808,98.71483
Maritim Belawan,0.1,3.78808,98.71483
Maritim Belawan,0.3,3.78808,98.71483
Maritim Belawan,0.8,3.78808,98.71483
Maritim Belawan,6.9,3.78808,98.71483
Maritim Belawan,7,3.78808,98.71483
Maritim Belawan,11.1,3.78808,98.71483
Maritim Belawan,0.3,3.78808,98.71483
Maritim Belawan,0,3.78808,98.71483
Maritim Belawan,0,3.78808,98.71483
Maritim Belawan,41.2,3.78808,98.71483
Maritim Belawan,0.2,3.78808,98.71483
Maritim Belawan,0.1,3.78808,98.71483
Maritim Belawan,2.1,3.78808,98.71483
Maritim Belawan,1.6,3.78808,98.71483
Maritim Belawan,13.1,3.78808,98.71483
Maritim Belawan,0,3.78808,98.71483
Maritim Belawan,0,3.78808,98.71483
Maritim Belawan,0.3,3.78808,98.71483
Maritim Belawan,2.6,3.78808,98.71483
Maritim Belawan,0.6,3.78808,98.71483
Maritim Belawan,26.9,3.78808,98.71483
Maritim Belawan,0.1,3.78808,98.71483
Maritim Belawan,0,3.78808,98.71483
Maritim Belawan,27.3,3.78808,98.71483
Maritim Belawan,1.4,3.78808,98.71483
Maritim Belawan,8.5,3.78808,98.71483
Maritim Belawan,41.1,3.78808,98.71483
Maritim Belawan,0.3,3.78808,98.71483
Maritim Belawan,1.1,3.78808,98.71483
Maritim Belawan,0.1,3.78808,98.71483
Maritim Belawan,21.2,3.78808,98.71483
Maritim Belawan,10,3.78808,98.71483
Maritim Belawan,0.8,3.78808,98.71483
Maritim Belawan,5.1,3.78808,98.71483
Maritim Belawan,3.1,3.78808,98.71483
Maritim Belawan,0,3.78808,98.71483
Maritim Belawan,0.8,3.78808,98.71483
Maritim Belawan,3.6,3.78808,98.71483
Maritim Belawan,22.1,3.78808,98.71483
Maritim Belawan,1,3.78808,98.71483
Maritim Belawan,0,3.78808,98.71483
Maritim Belawan,28.7,3.78808,98.71483
Maritim Belawan,27.9,3.78808,98.71483
Maritim Belawan,14.3,3.78808,98.71483
Maritim Belawan,0.1,3.78808,98.71483
Maritim Belawan,7.9,3.78808,98.71483
Maritim Belawan,0,3.78808,98.71483
Maritim Belawan,4.5,3.78808,98.71483
Maritim Belawan,9.9,3.78808,98.71483
Maritim Belawan,0.9,3.78808,98.71483
Maritim Belawan,58.2,3.78808,98.71483
Maritim Belawan,0.3,3.78808,98.71483
Maritim Belawan,0,3.78808,98.71483
Maritim Belawan,0,3.78808,98.71483
Maritim Belawan,2.4,3.78808,98.71483
Maritim Belawan,0.5,3.78808,98.71483
Maritim Belawan,7.5,3.78808,98.71483
Maritim Belawan,0,3.78808,98.71483
Maritim Belawan,0,3.78808,98.71483
Maritim Belawan,4.4,3.78808,98.71483
Maritim Belawan,45.1,3.78808,98.71483
Maritim Belawan,0,3.78808,98.71483
Maritim Belawan,0.6,3.78808,98.71483
Maritim Belawan,91.2,3.78808,98.71483
Maritim Belawan,1.8,3.78808,98.71483
Maritim Belawan,6.3,3.78808,98.71483
Maritim Belawan,10.2,3.78808,98.71483
Maritim Belawan,0,3.78808,98.71483
Maritim Belawan,0,3.78808,98.71483
Maritim Belawan,0.3,3.78808,98.71483
Maritim Belawan,0,3.78808,98.71483
Maritim Belawan,0.2,3.78808,98.71483
Maritim Belawan,1.4,3.78808,98.71483
Maritim Belawan,0,3.78808,98.71483
Maritim Belawan,9.9,3.78808,98.71483
Maritim Belawan,42.5,3.78808,98.71483
Maritim Belawan,0,3.78808,98.71483
Maritim Belawan,1,3.78808,98.71483
Maritim Belawan,21.6,3.78808,98.71483
Maritim Belawan,66.4,3.78808,98.71483
Maritim Belawan,0.1,3.78808,98.71483
Maritim Belawan,38.9,3.78808,98.71483
Maritim Belawan,0,3.78808,98.71483
Maritim Belawan,16.7,3.78808,98.71483
Maritim Belawan,0,3.78808,98.71483
Maritim Belawan,0.3,3.78808,98.71483
Maritim Belawan,2.2,3.78808,98.71483
Maritim Belawan,9.5,3.78808,98.71483
Maritim Belawan,0,3.78808,98.71483
Maritim Belawan,0,3.78808,98.71483
Maritim Belawan,40,3.78808,98.71483
Maritim Belawan,0,3.78808,98.71483
Maritim Belawan,30.6,3.78808,98.71483
Maritim Belawan,29.2,3.78808,98.71483
Maritim Belawan,0,3.78808,98.71483
Maritim Belawan,0,3.78808,98.71483
Maritim Belawan,0,3.78808,98.71483
Maritim Belawan,0,3.78808,98.71483
Maritim Belawan,27,3.78808,98.71483
Maritim Belawan,0.2,3.78808,98.71483
Maritim Belawan,0,3.78808,98.71483
Maritim Belawan,0,3.78808,98.71483
Maritim Belawan,0,3.78808,98.71483
Maritim Belawan,0,3.78808,98.71483
Maritim Belawan,5.7,3.78808,98.71483
Maritim Belawan,0,3.78808,98.71483
Maritim Belawan,0,3.78808,98.71483
Maritim Belawan,0,3.78808,98.71483
Maritim Belawan,15.5,3.78808,98.71483
Maritim Belawan,0,3.78808,98.71483
Maritim Belawan,0,3.78808,98.71483
Maritim Belawan,16,3.78808,98.71483
Maritim Belawan,0,3.78808,98.71483
Maritim Belawan,0,3.78808,98.71483
Maritim Belawan,17.3,3.78808,98.71483
Maritim Belawan,0,3.78808,98.71483
Maritim Belawan,0,3.78808,98.71483
Maritim Belawan,0.7,3.78808,98.71483
Maritim Belawan,0,3.78808,98.71483
Maritim Belawan,0,3.78808,98.71483
Maritim Belawan,0,3.78808,98.71483
Maritim Belawan,1.3,3.78808,98.71483
Maritim Belawan,0,3.78808,98.71483
Maritim Belawan,1.7,3.78808,98.71483
Maritim Belawan,0,3.78808,98.71483
Maritim Belawan,0,3.78808,98.71483
Maritim Belawan,0,3.78808,98.71483
Maritim Belawan,0,3.78808,98.71483
Maritim Belawan,0,3.78808,98.71483
Maritim Belawan,0,3.78808,98.71483
Maritim Belawan,0.2,3.78808,98.71483
Maritim Belawan,0,3.78808,98.71483
Maritim Belawan,0,3.78808,98.71483
Maritim Belawan,0,3.78808,98.71483
Maritim Belawan,33.9,3.78808,98.71483
Maritim Belawan,0,3.78808,98.71483
Maritim Belawan,0,3.78808,98.71483
Maritim Belawan,0,3.78808,98.71483
Maritim Belawan,0,3.78808,98.71483
Maritim Belawan,21.8,3.78808,98.71483
Maritim Belawan,0,3.78808,98.71483
Maritim Belawan,0,3.78808,98.71483
Maritim Belawan,0,3.78808,98.71483
Maritim Belawan,0,3.78808,98.71483
Maritim Belawan,3.2,3.78808,98.71483
Maritim Belawan,0,3.78808,98.71483
Maritim Belawan,0,3.78808,98.71483
Maritim Belawan,0,3.78808,98.71483
Maritim Belawan,0,3.78808,98.71483
Maritim Belawan,0,3.78808,98.71483
Maritim Belawan,0,3.78808,98.71483
Maritim Belawan,0,3.78808,98.71483
Maritim Belawan,10.7,3.78808,98.71483
Maritim Belawan,0,3.78808,98.71483
Maritim Belawan,0,3.78808,98.71483
Maritim Belawan,0,3.78808,98.71483
Maritim Belawan,0,3.78808,98.71483
Maritim Belawan,0,3.78808,98.71483
Maritim Belawan,0,3.78808,98.71483
Maritim Belawan,0,3.78808,98.71483
Maritim Belawan,1.2,3.78808,98.71483
Maritim Belawan,0,3.78808,98.71483
Maritim Belawan,0,3.78808,98.71483
Maritim Belawan,0.4,3.78808,98.71483
Maritim Belawan,0,3.78808,98.71483
Maritim Belawan,0,3.78808,98.71483
Maritim Belawan,0,3.78808,98.71483
Maritim Belawan,0,3.78808,98.71483
Maritim Belawan,0,3.78808,98.71483
Maritim Belawan,0,3.78808,98.71483
Maritim Belawan,0,3.78808,98.71483
Maritim Belawan,0,3.78808,98.71483
Maritim Belawan,0.6,3.78808,98.71483
Maritim Belawan,0,3.78808,98.71483
Maritim Belawan,0,3.78808,98.71483
Maritim Belawan,0,3.78808,98.71483
Maritim Belawan,0,3.78808,98.71483
Maritim Belawan,0.5,3.78808,98.71483
Maritim Belawan,8.4,3.78808,98.71483
Maritim Belawan,0,3.78808,98.71483
Maritim Belawan,0,3.78808,98.71483
Maritim Belawan,0,3.78808,98.71483
Maritim Belawan,0,3.78808,98.71483
Maritim Belawan,0,3.78808,98.71483
Maritim Belawan,1.3,3.78808,98.71483
Maritim Belawan,4,3.78808,98.71483
Maritim Belawan,34.7,3.78808,98.71483
Maritim Belawan,0.1,3.78808,98.71483
Maritim Belawan,0.8,3.78808,98.71483
Maritim Belawan,0,3.78808,98.71483
Maritim Belawan,0.9,3.78808,98.71483
Maritim Belawan,0,3.78808,98.71483
Maritim Belawan,0,3.78808,98.71483
Maritim Belawan,0,3.78808,98.71483
Maritim Belawan,0,3.78808,98.71483
Maritim Belawan,0,3.78808,98.71483
Maritim Belawan,0,3.78808,98.71483
Maritim Belawan,0,3.78808,98.71483
Maritim Belawan,3.2,3.78808,98.71483
Maritim Belawan,0,3.78808,98.71483
Maritim Belawan,0,3.78808,98.71483
Maritim Belawan,0,3.78808,98.71483
Maritim Belawan,31,3.78808,98.71483
Maritim Belawan,0,3.78808,98.71483
Maritim Belawan,0,3.78808,98.71483
Maritim Belawan,0,3.78808,98.71483
Maritim Belawan,0,3.78808,98.71483
Maritim Belawan,4.2,3.78808,98.71483
Maritim Belawan,0,3.78808,98.71483
Maritim Belawan,0,3.78808,98.71483
Maritim Belawan,0,3.78808,98.71483
Maritim Belawan,0,3.78808,98.71483
Maritim Belawan,0.4,3.78808,98.71483
Maritim Belawan,0,3.78808,98.71483
Maritim Belawan,0,3.78808,98.71483
Maritim Belawan,0,3.78808,98.71483
Maritim Belawan,0,3.78808,98.71483
Maritim Belawan,0,3.78808,98.71483
Maritim Belawan,0,3.78808,98.71483
Maritim Belawan,0,3.78808,98.71483
Maritim Belawan,0,3.78808,98.71483
Maritim Belawan,9,3.78808,98.71483
Maritim Belawan,25.2,3.78808,98.71483
Maritim Belawan,0,3.78808,98.71483
Maritim Belawan,0,3.78808,98.71483
Maritim Belawan,0,3.78808,98.71483
Maritim Belawan,46.4,3.78808,98.71483
Maritim Belawan,0,3.78808,98.71483
Maritim Belawan,51,3.78808,98.71483
Maritim Belawan,0,3.78808,98.71483
Maritim Belawan,0,3.78808,98.71483
Maritim Belawan,0,3.78808,98.71483
Maritim Belawan,0,3.78808,98.71483
Maritim Belawan,0,3.78808,98.71483
Maritim Belawan,8.4,3.78808,98.71483
Maritim Belawan,0,3.78808,98.71483
Maritim Belawan,0.6,3.78808,98.71483
Maritim Belawan,0,3.78808,98.71483
Maritim Belawan,0.8,3.78808,98.71483
Maritim Belawan,2,3.78808,98.71483
Maritim Belawan,0,3.78808,98.71483
Maritim Belawan,13.3,3.78808,98.71483
Maritim Belawan,0.3,3.78808,98.71483
Maritim Belawan,0,3.78808,98.71483
Maritim Belawan,0,3.78808,98.71483
Maritim Belawan,0,3.78808,98.71483
Maritim Belawan,0,3.78808,98.71483
Maritim Belawan,0,3.78808,98.71483
Maritim Belawan,0,3.78808,98.71483
Maritim Belawan,0,3.78808,98.71483
Maritim Belawan,47.6,3.78808,98.71483
Maritim Belawan,0,3.78808,98.71483
Maritim Belawan,0,3.78808,98.71483
Maritim Belawan,23.6,3.78808,98.71483
Maritim Belawan,2.4,3.78808,98.71483
Maritim Belawan,19.6,3.78808,98.71483
Maritim Belawan,126.1,3.78808,98.71483
Maritim Belawan,6.2,3.78808,98.71483
Maritim Belawan,3,3.78808,98.71483
Maritim Belawan,0,3.78808,98.71483
Maritim Belawan,13,3.78808,98.71483
Maritim Belawan,0,3.78808,98.71483
Maritim Belawan,0,3.78808,98.71483
Maritim Belawan,18.2,3.78808,98.71483
Maritim Belawan,1.7,3.78808,98.71483
Maritim Belawan,2.8,3.78808,98.71483
Maritim Belawan,53,3.78808,98.71483
Maritim Belawan,0,3.78808,98.71483
Maritim Belawan,2.6,3.78808,98.71483
Maritim Belawan,0,3.78808,98.71483
Maritim Belawan,0,3.78808,98.71483
Maritim Belawan,0,3.78808,98.71483
Maritim Belawan,0,3.78808,98.71483
Maritim Belawan,0,3.78808,98.71483
Maritim Belawan,0,3.78808,98.71483
Maritim Belawan,0,3.78808,98.71483
Maritim Belawan,0,3.78808,98.71483
Maritim Belawan,0.2,3.78808,98.71483
Maritim Belawan,0,3.78808,98.71483
Maritim Belawan,0,3.78808,98.71483
Maritim Belawan,0,3.78808,98.71483
Maritim Belawan,0,3.78808,98.71483
Maritim Belawan,0,3.78808,98.71483
Maritim Belawan,0,3.78808,98.71483
Maritim Belawan,40.8,3.78808,98.71483
Maritim Belawan,0,3.78808,98.71483
Maritim Belawan,0,3.78808,98.71483
Maritim Belawan,0,3.78808,98.71483
Maritim Belawan,0,3.78808,98.71483
Maritim Belawan,0,3.78808,98.71483
Maritim Belawan,14.4,3.78808,98.71483
Maritim Belawan,0,3.78808,98.71483
Maritim Belawan,4.2,3.78808,98.71483
Maritim Belawan,0.8,3.78808,98.71483
Maritim Belawan,1,3.78808,98.71483
Maritim Belawan,1.2,3.78808,98.71483
Maritim Belawan,0.3,3.78808,98.71483
Maritim Belawan,0,3.78808,98.71483
Maritim Belawan,0,3.78808,98.71483
Maritim Belawan,0,3.78808,98.71483
Maritim Belawan,0,3.78808,98.71483
Maritim Belawan,62,3.78808,98.71483
Maritim Belawan,0,3.78808,98.71483
Maritim Belawan,34.3,3.78808,98.71483
Maritim Belawan,30.9,3.78808,98.71483
Maritim Belawan,0,3.78808,98.71483
Maritim Belawan,0,3.78808,98.71483
Maritim Belawan,0,3.78808,98.71483
Maritim Belawan,0.4,3.78808,98.71483
Maritim Belawan,0,3.78808,98.71483
Maritim Belawan,10.8,3.78808,98.71483
Maritim Belawan,14.2,3.78808,98.71483
Maritim Belawan,0,3.78808,98.71483
Maritim Belawan,0,3.78808,98.71483
Maritim Belawan,52.7,3.78808,98.71483
Maritim Belawan,2.4,3.78808,98.71483
Maritim Belawan,0,3.78808,98.71483
Maritim Belawan,0,3.78808,98.71483
Maritim Belawan,0,3.78808,98.71483
Maritim Belawan,0,3.78808,98.71483
Maritim Belawan,0.2,3.78808,98.71483
Maritim Belawan,0,3.78808,98.71483
Maritim Belawan,0.8,3.78808,98.71483
Maritim Belawan,73.8,3.78808,98.71483
Maritim Belawan,0,3.78808,98.71483
Maritim Belawan,10,3.78808,98.71483
Maritim Belawan,0,3.78808,98.71483
Maritim Belawan,0,3.78808,98.71483
Maritim Belawan,46.6,3.78808,98.71483
Maritim Belawan,0,3.78808,98.71483
Maritim Belawan,0,3.78808,98.71483
Maritim Belawan,2.4,3.78808,98.71483
Maritim Belawan,0,3.78808,98.71483
Maritim Belawan,0,3.78808,98.71483
Maritim Belawan,2.6,3.78808,98.71483
Maritim Belawan,27.6,3.78808,98.71483
Maritim Belawan,20.6,3.78808,98.71483
Maritim Belawan,9.8,3.78808,98.71483
Maritim Belawan,0,3.78808,98.71483
Maritim Belawan,2,3.78808,98.71483
Maritim Belawan,0,3.78808,98.71483
Maritim Belawan,0,3.78808,98.71483
Maritim Belawan,0,3.78808,98.71483
Maritim Belawan,0,3.78808,98.71483
Maritim Belawan,16,3.78808,98.71483
Maritim Belawan,0,3.78808,98.71483
Maritim Belawan,7.2,3.78808,98.71483
Maritim Belawan,0,3.78808,98.71483
Maritim Belawan,40.6,3.78808,98.71483
Maritim Belawan,0,3.78808,98.71483
Maritim Belawan,15.2,3.78808,98.71483
Maritim Belawan,74.4,3.78808,98.71483
Maritim Belawan,0.4,3.78808,98.71483
Maritim Belawan,0,3.78808,98.71483
Maritim Belawan,15.6,3.78808,98.71483
Maritim Belawan,0,3.78808,98.71483
Maritim Belawan,0,3.78808,98.71483
Maritim Belawan,0.4,3.78808,98.71483
Maritim Belawan,0.2,3.78808,98.71483
Maritim Belawan,7.2,3.78808,98.71483
Maritim Belawan,3.4,3.78808,98.71483
Maritim Belawan,2.8,3.78808,98.71483
Maritim Belawan,0,3.78808,98.71483
Maritim Belawan,8.2,3.78808,98.71483
Maritim Belawan,6.8,3.78808,98.71483
Maritim Belawan,0,3.78808,98.71483
Maritim Belawan,0,3.78808,98.71483
Maritim Belawan,0,3.78808,98.71483
Maritim Belawan,9.2,3.78808,98.71483
Maritim Belawan,0,3.78808,98.71483
Maritim Belawan,0,3.78808,98.71483
Maritim Belawan,0,3.78808,98.71483
Maritim Belawan,84,3.78808,98.71483
Maritim Belawan,0,3.78808,98.71483
Maritim Belawan,3.2,3.78808,98.71483
Maritim Belawan,6,3.78808,98.71483
Maritim Belawan,0,3.78808,98.71483
Maritim Belawan,0,3.78808,98.71483
Maritim Belawan,0.4,3.78808,98.71483
Maritim Belawan,14.8,3.78808,98.71483
Maritim Belawan,0,3.78808,98.71483
Maritim Belawan,2.8,3.78808,98.71483
Maritim Belawan,0,3.78808,98.71483
Maritim Belawan,80.2,3.78808,98.71483
Maritim Belawan,2.2,3.78808,98.71483
Maritim Belawan,0,3.78808,98.71483
Maritim Belawan,0,3.78808,98.71483
Maritim Belawan,1,3.78808,98.71483
Maritim Belawan,23.6,3.78808,98.71483
Maritim Belawan,0.4,3.78808,98.71483
Maritim Belawan,7.2,3.78808,98.71483
Maritim Belawan,2.8,3.78808,98.71483
Maritim Belawan,11.2,3.78808,98.71483
Maritim Belawan,0.4,3.78808,98.71483
Maritim Belawan,26.8,3.78808,98.71483
Maritim Belawan,3.8,3.78808,98.71483
Maritim Belawan,77.6,3.78808,98.71483
Maritim Belawan,0,3.78808,98.71483
Maritim Belawan,0,3.78808,98.71483
Maritim Belawan,0,3.78808,98.71483
Maritim Belawan,0.6,3.78808,98.71483
Maritim Belawan,24.2,3.78808,98.71483
Maritim Belawan,0,3.78808,98.71483
Maritim Belawan,2.4,3.78808,98.71483
Maritim Belawan,0,3.78808,98.71483
Maritim Belawan,14.2,3.78808,98.71483
Maritim Belawan,0.2,3.78808,98.71483
Maritim Belawan,0,3.78808,98.71483
Maritim Belawan,8.4,3.78808,98.71483
Maritim Belawan,11.2,3.78808,98.71483
Maritim Belawan,1.8,3.78808,98.71483
Maritim Belawan,2.2,3.78808,98.71483
Maritim Belawan,0,3.78808,98.71483
Maritim Belawan,17.2,3.78808,98.71483
Maritim Belawan,0,3.78808,98.71483
Maritim Belawan,1.4,3.78808,98.71483
Maritim Belawan,1,3.78808,98.71483
Maritim Belawan,0,3.78808,98.71483
Maritim Belawan,0,3.78808,98.71483
Maritim Belawan,26.2,3.78808,98.71483
Maritim Belawan,92.4,3.78808,98.71483
Maritim Belawan,0,3.78808,98.71483
Maritim Belawan,0.8,3.78808,98.71483
Maritim Belawan,11.4,3.78808,98.71483
Maritim Belawan,0,3.78808,98.71483
Maritim Belawan,0,3.78808,98.71483
Maritim Belawan,17.5,3.78808,98.71483
Maritim Belawan,0,3.78808,98.71483
Maritim Belawan,0,3.78808,98.71483
Maritim Belawan,0,3.78808,98.71483
Maritim Belawan,0,3.78808,98.71483
Maritim Belawan,0,3.78808,98.71483
Maritim Belawan,0.6,3.78808,98.71483
Maritim Belawan,7.6,3.78808,98.71483
Maritim Belawan,3.4,3.78808,98.71483
Maritim Belawan,0,3.78808,98.71483
Maritim Belawan,0,3.78808,98.71483
Maritim Belawan,24.2,3.78808,98.71483
Maritim Belawan,8.8,3.78808,98.71483
Maritim Belawan,0,3.78808,98.71483
Maritim Belawan,0,3.78808,98.71483
Maritim Belawan,5.2,3.78808,98.71483
Maritim Belawan,7.6,3.78808,98.71483
Maritim Belawan,0.6,3.78808,98.71483
Maritim Belawan,0,3.78808,98.71483
Maritim Belawan,0.8,3.78808,98.71483
Maritim Belawan,27,3.78808,98.71483
Maritim Belawan,0,3.78808,98.71483
Maritim Belawan,57.2,3.78808,98.71483
Maritim Belawan,3.6,3.78808,98.71483
Maritim Belawan,0.6,3.78808,98.71483
Maritim Belawan,0,3.78808,98.71483
Maritim Belawan,0,3.78808,98.71483
Binaka,0,1.16486,97.70386
Binaka,0,1.16486,97.70386
Binaka,0,1.16486,97.70386
Binaka,0,1.16486,97.70386
Binaka,0,1.16486,97.70386
Binaka,0,1.16486,97.70386
Binaka,0,1.16486,97.70386
Binaka,0,1.16486,97.70386
Binaka,0,1.16486,97.70386
Binaka,0,1.16486,97.70386
Binaka,0,1.16486,97.70386
Binaka,0,1.16486,97.70386
Binaka,0,1.16486,97.70386
Binaka,0,1.16486,97.70386
Binaka,0,1.16486,97.70386
Binaka,0,1.16486,97.70386
Binaka,0,1.16486,97.70386
Binaka,0,1.16486,97.70386
Binaka,0,1.16486,97.70386
Binaka,0,1.16486,97.70386
Binaka,0,1.16486,97.70386
Binaka,0,1.16486,97.70386
Binaka,0,1.16486,97.70386
Binaka,0,1.16486,97.70386
Binaka,0,1.16486,97.70386
Binaka,0,1.16486,97.70386
Binaka,0,1.16486,97.70386
Binaka,0,1.16486,97.70386
Binaka,0,1.16486,97.70386
Binaka,0,1.16486,97.70386
Binaka,0,1.16486,97.70386
Binaka,0,1.16486,97.70386
Binaka,0,1.16486,97.70386
Binaka,0,1.16486,97.70386
Binaka,0,1.16486,97.70386
Binaka,0,1.16486,97.70386
Binaka,0,1.16486,97.70386
Binaka,0,1.16486,97.70386
Binaka,0,1.16486,97.70386
Binaka,0,1.16486,97.70386
Binaka,0,1.16486,97.70386
Binaka,0,1.16486,97.70386
Binaka,0,1.16486,97.70386
Binaka,0,1.16486,97.70386
Binaka,1.9,1.16486,97.70386
Binaka,0,1.16486,97.70386
Binaka,0.5,1.16486,97.70386
Binaka,2.9,1.16486,97.70386
Binaka,0,1.16486,97.70386
Binaka,0,1.16486,97.70386
Binaka,0,1.16486,97.70386
Binaka,0,1.16486,97.70386
Binaka,0,1.16486,97.70386
Binaka,0,1.16486,97.70386
Binaka,0,1.16486,97.70386
Binaka,0,1.16486,97.70386
Binaka,0,1.16486,97.70386
Binaka,0,1.16486,97.70386
Binaka,0,1.16486,97.70386
Binaka,0,1.16486,97.70386
Binaka,3.7,1.16486,97.70386
Binaka,5,1.16486,97.70386
Binaka,23.6,1.16486,97.70386
Binaka,0,1.16486,97.70386
Binaka,43.8,1.16486,97.70386
Binaka,0,1.16486,97.70386
Binaka,0,1.16486,97.70386
Binaka,0,1.16486,97.70386
Binaka,0,1.16486,97.70386
Binaka,0,1.16486,97.70386
Binaka,35.7,1.16486,97.70386
Binaka,13.7,1.16486,97.70386
Binaka,13.1,1.16486,97.70386
Binaka,13.8,1.16486,97.70386
Binaka,0,1.16486,97.70386
Binaka,4,1.16486,97.70386
Binaka,0,1.16486,97.70386
Binaka,1.4,1.16486,97.70386
Binaka,0,1.16486,97.70386
Binaka,2,1.16486,97.70386
Binaka,0,1.16486,97.70386
Binaka,0.8,1.16486,97.70386
Binaka,2.6,1.16486,97.70386
Binaka,0,1.16486,97.70386
Binaka,0,1.16486,97.70386
Binaka,3.4,1.16486,97.70386
Binaka,0,1.16486,97.70386
Binaka,5.2,1.16486,97.70386
Binaka,1.1,1.16486,97.70386
Binaka,0,1.16486,97.70386
Binaka,0,1.16486,97.70386
Binaka,0,1.16486,97.70386
Binaka,3,1.16486,97.70386
Binaka,6.4,1.16486,97.70386
Binaka,1.4,1.16486,97.70386
Binaka,10.8,1.16486,97.70386
Binaka,0,1.16486,97.70386
Binaka,0,1.16486,97.70386
Binaka,4,1.16486,97.70386
Binaka,0,1.16486,97.70386
Binaka,2.3,1.16486,97.70386
Binaka,19.6,1.16486,97.70386
Binaka,0,1.16486,97.70386
Binaka,15,1.16486,97.70386
Binaka,0,1.16486,97.70386
Binaka,2.8,1.16486,97.70386
Binaka,0.2,1.16486,97.70386
Binaka,1,1.16486,97.70386
Binaka,0,1.16486,97.70386
Binaka,3.5,1.16486,97.70386
Binaka,0,1.16486,97.70386
Binaka,7,1.16486,97.70386
Binaka,0,1.16486,97.70386
Binaka,2,1.16486,97.70386
Binaka,0,1.16486,97.70386
Binaka,11.3,1.16486,97.70386
Binaka,22.3,1.16486,97.70386
Binaka,5.6,1.16486,97.70386
Binaka,4,1.16486,97.70386
Binaka,3.4,1.16486,97.70386
Binaka,30.4,1.16486,97.70386
Binaka,3.1,1.16486,97.70386
Binaka,0,1.16486,97.70386
Binaka,0,1.16486,97.70386
Binaka,9.7,1.16486,97.70386
Binaka,14.4,1.16486,97.70386
Binaka,5.6,1.16486,97.70386
Binaka,0,1.16486,97.70386
Binaka,2.3,1.16486,97.70386
Binaka,23.1,1.16486,97.70386
Binaka,0,1.16486,97.70386
Binaka,1,1.16486,97.70386
Binaka,6,1.16486,97.70386
Binaka,29,1.16486,97.70386
Binaka,0,1.16486,97.70386
Binaka,5.9,1.16486,97.70386
Binaka,0,1.16486,97.70386
Binaka,0,1.16486,97.70386
Binaka,0,1.16486,97.70386
Binaka,0,1.16486,97.70386
Binaka,0,1.16486,97.70386
Binaka,1,1.16486,97.70386
Binaka,0,1.16486,97.70386
Binaka,0,1.16486,97.70386
Binaka,5.6,1.16486,97.70386
Binaka,3.1,1.16486,97.70386
Binaka,8.8,1.16486,97.70386
Binaka,0,1.16486,97.70386
Binaka,0,1.16486,97.70386
Binaka,6.5,1.16486,97.70386
Binaka,0,1.16486,97.70386
Binaka,0,1.16486,97.70386
Binaka,0,1.16486,97.70386
Binaka,0,1.16486,97.70386
Binaka,1.2,1.16486,97.70386
Binaka,3.8,1.16486,97.70386
Binaka,0,1.16486,97.70386
Binaka,3.1,1.16486,97.70386
Binaka,24,1.16486,97.70386
Binaka,1,1.16486,97.70386
Binaka,6.7,1.16486,97.70386
Binaka,9.1,1.16486,97.70386
Binaka,3.6,1.16486,97.70386
Binaka,0,1.16486,97.70386
Binaka,0.7,1.16486,97.70386
Binaka,0,1.16486,97.70386
Binaka,0,1.16486,97.70386
Binaka,5,1.16486,97.70386
Binaka,10.2,1.16486,97.70386
Binaka,5.4,1.16486,97.70386
Binaka,0,1.16486,97.70386
Binaka,8,1.16486,97.70386
Binaka,0,1.16486,97.70386
Binaka,12,1.16486,97.70386
Binaka,4.6,1.16486,97.70386
Binaka,0,1.16486,97.70386
Binaka,0,1.16486,97.70386
Binaka,0,1.16486,97.70386
Binaka,47.1,1.16486,97.70386
Binaka,0,1.16486,97.70386
Binaka,6,1.16486,97.70386
Binaka,9.4,1.16486,97.70386
Binaka,5,1.16486,97.70386
Binaka,0,1.16486,97.70386
Binaka,95,1.16486,97.70386
Binaka,0,1.16486,97.70386
Binaka,0,1.16486,97.70386
Binaka,54.8,1.16486,97.70386
Binaka,0,1.16486,97.70386
Binaka,0.2,1.16486,97.70386
Binaka,0,1.16486,97.70386
Binaka,0,1.16486,97.70386
Binaka,0,1.16486,97.70386
Binaka,10.4,1.16486,97.70386
Binaka,0,1.16486,97.70386
Binaka,0.6,1.16486,97.70386
Binaka,0,1.16486,97.70386
Binaka,1,1.16486,97.70386
Binaka,0,1.16486,97.70386
Binaka,0,1.16486,97.70386
Binaka,3,1.16486,97.70386
Binaka,0,1.16486,97.70386
Binaka,7.7,1.16486,97.70386
Binaka,6.9,1.16486,97.70386
Binaka,6.7,1.16486,97.70386
Binaka,0,1.16486,97.70386
Binaka,5.7,1.16486,97.70386
Binaka,0,1.16486,97.70386
Binaka,56.5,1.16486,97.70386
Binaka,0,1.16486,97.70386
Binaka,25.1,1.16486,97.70386
Binaka,3.6,1.16486,97.70386
Binaka,0,1.16486,97.70386
Binaka,0,1.16486,97.70386
Binaka,0,1.16486,97.70386
Binaka,1,1.16486,97.70386
Binaka,0,1.16486,97.70386
Binaka,6.7,1.16486,97.70386
Binaka,0,1.16486,97.70386
Binaka,9.2,1.16486,97.70386
Binaka,1,1.16486,97.70386
Binaka,0,1.16486,97.70386
Binaka,47.2,1.16486,97.70386
Binaka,0,1.16486,97.70386
Binaka,37.6,1.16486,97.70386
Binaka,11,1.16486,97.70386
Binaka,2.2,1.16486,97.70386
Binaka,1.1,1.16486,97.70386
Binaka,0,1.16486,97.70386
Binaka,0,1.16486,97.70386
Binaka,1.5,1.16486,97.70386
Binaka,13,1.16486,97.70386
Binaka,11,1.16486,97.70386
Binaka,4.6,1.16486,97.70386
Binaka,23.4,1.16486,97.70386
Binaka,3.2,1.16486,97.70386
Binaka,11.6,1.16486,97.70386
Binaka,5,1.16486,97.70386
Binaka,14.8,1.16486,97.70386
Binaka,50.1,1.16486,97.70386
Binaka,16.3,1.16486,97.70386
Binaka,53.1,1.16486,97.70386
Binaka,15,1.16486,97.70386
Binaka,1.9,1.16486,97.70386
Binaka,71,1.16486,97.70386
Binaka,0,1.16486,97.70386
Binaka,1.7,1.16486,97.70386
Binaka,0,1.16486,97.70386
Binaka,0,1.16486,97.70386
Binaka,0,1.16486,97.70386
Binaka,0,1.16486,97.70386
Binaka,6.6,1.16486,97.70386
Binaka,4.4,1.16486,97.70386
Binaka,4.5,1.16486,97.70386
Binaka,0,1.16486,97.70386
Binaka,0,1.16486,97.70386
Binaka,5.1,1.16486,97.70386
Binaka,0,1.16486,97.70386
Binaka,0,1.16486,97.70386
Binaka,0,1.16486,97.70386
Binaka,0,1.16486,97.70386
Binaka,18.8,1.16486,97.70386
Binaka,11,1.16486,97.70386
Binaka,10.5,1.16486,97.70386
Binaka,35.6,1.16486,97.70386
Binaka,0,1.16486,97.70386
Binaka,0,1.16486,97.70386
Binaka,26.3,1.16486,97.70386
Binaka,24.5,1.16486,97.70386
Binaka,0,1.16486,97.70386
Binaka,16.1,1.16486,97.70386
Binaka,4.3,1.16486,97.70386
Binaka,1.6,1.16486,97.70386
Binaka,9.7,1.16486,97.70386
Binaka,7.2,1.16486,97.70386
Binaka,12.7,1.16486,97.70386
Binaka,14.6,1.16486,97.70386
Binaka,2.6,1.16486,97.70386
Binaka,4.2,1.16486,97.70386
Binaka,2.4,1.16486,97.70386
Binaka,11.8,1.16486,97.70386
Binaka,1,1.16486,97.70386
Binaka,0,1.16486,97.70386
Binaka,1.5,1.16486,97.70386
Binaka,6.9,1.16486,97.70386
Binaka,8,1.16486,97.70386
Binaka,2.5,1.16486,97.70386
Binaka,53.8,1.16486,97.70386
Binaka,17.1,1.16486,97.70386
Binaka,0,1.16486,97.70386
Binaka,0,1.16486,97.70386
Binaka,7.9,1.16486,97.70386
Binaka,1.7,1.16486,97.70386
Binaka,0.3,1.16486,97.70386
Binaka,0,1.16486,97.70386
Binaka,2,1.16486,97.70386
Binaka,4.7,1.16486,97.70386
Binaka,1,1.16486,97.70386
Binaka,12.4,1.16486,97.70386
Binaka,4.4,1.16486,97.70386
Binaka,0,1.16486,97.70386
Binaka,0,1.16486,97.70386
Binaka,0,1.16486,97.70386
Binaka,3.9,1.16486,97.70386
Binaka,20.7,1.16486,97.70386
Binaka,0,1.16486,97.70386
Binaka,9.8,1.16486,97.70386
Binaka,18.7,1.16486,97.70386
Binaka,0,1.16486,97.70386
Binaka,6.6,1.16486,97.70386
Binaka,29.3,1.16486,97.70386
Binaka,11.4,1.16486,97.70386
Binaka,3,1.16486,97.70386
Binaka,43.2,1.16486,97.70386
Binaka,1,1.16486,97.70386
Binaka,33.2,1.16486,97.70386
Binaka,18.5,1.16486,97.70386
Binaka,22.8,1.16486,97.70386
Binaka,11.6,1.16486,97.70386
Binaka,4.1,1.16486,97.70386
Binaka,9.5,1.16486,97.70386
Binaka,11.5,1.16486,97.70386
Binaka,13.9,1.16486,97.70386
Binaka,18.2,1.16486,97.70386
Binaka,0,1.16486,97.70386
Binaka,8.4,1.16486,97.70386
Binaka,7,1.16486,97.70386
Binaka,21.9,1.16486,97.70386
Binaka,7.2,1.16486,97.70386
Binaka,23.3,1.16486,97.70386
Binaka,2.3,1.16486,97.70386
Binaka,9.2,1.16486,97.70386
Binaka,7.1,1.16486,97.70386
Binaka,0,1.16486,97.70386
Binaka,5.4,1.16486,97.70386
Binaka,1,1.16486,97.70386
Binaka,9,1.16486,97.70386
Binaka,26.3,1.16486,97.70386
Binaka,5.6,1.16486,97.70386
Binaka,0,1.16486,97.70386
Binaka,64.4,1.16486,97.70386
Binaka,1,1.16486,97.70386
Binaka,23.5,1.16486,97.70386
Binaka,26.4,1.16486,97.70386
Binaka,0,1.16486,97.70386
Binaka,4.4,1.16486,97.70386
Binaka,0,1.16486,97.70386
Binaka,39.2,1.16486,97.70386
Binaka,1.2,1.16486,97.70386
Binaka,2,1.16486,97.70386
Binaka,0,1.16486,97.70386
Binaka,0,1.16486,97.70386
Binaka,25.1,1.16486,97.70386
Binaka,16.9,1.16486,97.70386
Binaka,0,1.16486,97.70386
Binaka,1,1.16486,97.70386
Binaka,2.3,1.16486,97.70386
Binaka,12.9,1.16486,97.70386
Binaka,9,1.16486,97.70386
Binaka,17.3,1.16486,97.70386
Binaka,5.2,1.16486,97.70386
Binaka,13,1.16486,97.70386
Binaka,45.3,1.16486,97.70386
Binaka,1.3,1.16486,97.70386
Binaka,12.6,1.16486,97.70386
Binaka,0,1.16486,97.70386
Binaka,23.2,1.16486,97.70386
Binaka,3.3,1.16486,97.70386
Binaka,52.6,1.16486,97.70386
Binaka,2,1.16486,97.70386
Binaka,0,1.16486,97.70386
Binaka,12.6,1.16486,97.70386
Binaka,0,1.16486,97.70386
Binaka,30,1.16486,97.70386
Binaka,12.3,1.16486,97.70386
Binaka,0,1.16486,97.70386
Binaka,0,1.16486,97.70386
Binaka,0,1.16486,97.70386
Binaka,50.3,1.16486,97.70386
Binaka,12.3,1.16486,97.70386
Binaka,0,1.16486,97.70386
Binaka,5.6,1.16486,97.70386
Binaka,0,1.16486,97.70386
Binaka,0,1.16486,97.70386
Binaka,1.3,1.16486,97.70386
Binaka,8.4,1.16486,97.70386
Binaka,5.6,1.16486,97.70386
Binaka,0,1.16486,97.70386
Binaka,1,1.16486,97.70386
Binaka,1,1.16486,97.70386
Binaka,0,1.16486,97.70386
Binaka,1.6,1.16486,97.70386
Binaka,0,1.16486,97.70386
Binaka,0,1.16486,97.70386
Binaka,33.9,1.16486,97.70386
Binaka,19.3,1.16486,97.70386
Binaka,0,1.16486,97.70386
Binaka,0,1.16486,97.70386
Binaka,12.7,1.16486,97.70386
Binaka,0,1.16486,97.70386
Binaka,0,1.16486,97.70386
Binaka,7,1.16486,97.70386
Binaka,0.5,1.16486,97.70386
Binaka,6.4,1.16486,97.70386
Binaka,7,1.16486,97.70386
Binaka,4,1.16486,97.70386
Binaka,0,1.16486,97.70386
Binaka,0,1.16486,97.70386
Binaka,8.5,1.16486,97.70386
Binaka,0,1.16486,97.70386
Binaka,0,1.16486,97.70386
Binaka,0,1.16486,97.70386
Binaka,0,1.16486,97.70386
Binaka,0,1.16486,97.70386
Binaka,0,1.16486,97.70386
Binaka,5.9,1.16486,97.70386
Binaka,0,1.16486,97.70386
Binaka,0,1.16486,97.70386
Binaka,0,1.16486,97.70386
Binaka,0,1.16486,97.70386
Binaka,0,1.16486,97.70386
Binaka,0,1.16486,97.70386
Binaka,4.5,1.16486,97.70386
Binaka,7.9,1.16486,97.70386
Binaka,0,1.16486,97.70386
Binaka,0,1.16486,97.70386
Binaka,11.7,1.16486,97.70386
Binaka,18.8,1.16486,97.70386
Binaka,0,1.16486,97.70386
Binaka,2.2,1.16486,97.70386
Binaka,14.6,1.16486,97.70386
Binaka,0,1.16486,97.70386
Binaka,1.3,1.16486,97.70386
Binaka,0,1.16486,97.70386
Binaka,0.9,1.16486,97.70386
Binaka,0.1,1.16486,97.70386
Binaka,2,1.16486,97.70386
Binaka,1.2,1.16486,97.70386
Binaka,3.3,1.16486,97.70386
Binaka,7.4,1.16486,97.70386
Binaka,1,1.16486,97.70386
Binaka,0,1.16486,97.70386
Binaka,1.1,1.16486,97.70386
Binaka,0,1.16486,97.70386
Binaka,0,1.16486,97.70386
Binaka,9.5,1.16486,97.70386
Binaka,0,1.16486,97.70386
Binaka,0,1.16486,97.70386
Binaka,12.3,1.16486,97.70386
Binaka,0,1.16486,97.70386
Binaka,0.6,1.16486,97.70386
Binaka,30.6,1.16486,97.70386
Binaka,108.8,1.16486,97.70386
Binaka,6.2,1.16486,97.70386
Binaka,0,1.16486,97.70386
Binaka,1.1,1.16486,97.70386
Binaka,37.5,1.16486,97.70386
Binaka,0,1.16486,97.70386
Binaka,0,1.16486,97.70386
Binaka,9,1.16486,97.70386
Binaka,0.8,1.16486,97.70386
Binaka,0,1.16486,97.70386
Binaka,21.3,1.16486,97.70386
Binaka,88.4,1.16486,97.70386
Binaka,0,1.16486,97.70386
Binaka,0,1.16486,97.70386
Binaka,0,1.16486,97.70386
Binaka,0,1.16486,97.70386
Binaka,0.6,1.16486,97.70386
Binaka,17.5,1.16486,97.70386
Binaka,7.4,1.16486,97.70386
Binaka,0,1.16486,97.70386
Binaka,5,1.16486,97.70386
Binaka,2.2,1.16486,97.70386
Binaka,15,1.16486,97.70386
Binaka,1.9,1.16486,97.70386
Binaka,7.7,1.16486,97.70386
Binaka,0,1.16486,97.70386
Binaka,0,1.16486,97.70386
Binaka,0,1.16486,97.70386
Binaka,0,1.16486,97.70386
Binaka,10.9,1.16486,97.70386
Binaka,0.1,1.16486,97.70386
Binaka,40.7,1.16486,97.70386
Binaka,12.4,1.16486,97.70386
Binaka,4.6,1.16486,97.70386
Binaka,0,1.16486,97.70386
Binaka,0,1.16486,97.70386
Binaka,9.4,1.16486,97.70386
Binaka,0,1.16486,97.70386
Binaka,0,1.16486,97.70386
Binaka,7.1,1.16486,97.70386
Binaka,0,1.16486,97.70386
Binaka,29,1.16486,97.70386
Binaka,0,1.16486,97.70386
Binaka,0,1.16486,97.70386
Binaka,0,1.16486,97.70386
Binaka,39,1.16486,97.70386
Binaka,4.1,1.16486,97.70386
Binaka,0,1.16486,97.70386
Binaka,0,1.16486,97.70386
Binaka,17.6,1.16486,97.70386
Binaka,0,1.16486,97.70386
Binaka,25.1,1.16486,97.70386
Binaka,0,1.16486,97.70386
Binaka,3.8,1.16486,97.70386
Binaka,42.3,1.16486,97.70386
Binaka,0.3,1.16486,97.70386
Binaka,3,1.16486,97.70386
Binaka,4.3,1.16486,97.70386
Binaka,0,1.16486,97.70386
Binaka,6.6,1.16486,97.70386
Binaka,0,1.16486,97.70386
Binaka,0,1.16486,97.70386
Binaka,0,1.16486,97.70386
Binaka,0,1.16486,97.70386
Binaka,6.4,1.16486,97.70386
Binaka,0,1.16486,97.70386
Binaka,0,1.16486,97.70386
Binaka,0,1.16486,97.70386
Binaka,4.6,1.16486,97.70386
Binaka,0,1.16486,97.70386
Binaka,0,1.16486,97.70386
Binaka,0,1.16486,97.70386
Binaka,1.1,1.16486,97.70386
Binaka,7.8,1.16486,97.70386
Binaka,0,1.16486,97.70386
Binaka,1.5,1.16486,97.70386
Binaka,6.5,1.16486,97.70386
Binaka,0,1.16486,97.70386
Binaka,7.6,1.16486,97.70386
Binaka,7.6,1.16486,97.70386
Binaka,0,1.16486,97.70386
Binaka,0,1.16486,97.70386
Binaka,12.4,1.16486,97.70386
Binaka,0,1.16486,97.70386
Binaka,0.1,1.16486,97.70386
Binaka,0,1.16486,97.70386
Binaka,0,1.16486,97.70386
Binaka,0,1.16486,97.70386
Binaka,0,1.16486,97.70386
Binaka,3.2,1.16486,97.70386
Binaka,24.1,1.16486,97.70386
Binaka,9.2,1.16486,97.70386
Binaka,0,1.16486,97.70386
Binaka,11.8,1.16486,97.70386
Binaka,0,1.16486,97.70386
Binaka,0,1.16486,97.70386
Binaka,1.5,1.16486,97.70386
Binaka,0.4,1.16486,97.70386
Binaka,0,1.16486,97.70386
Binaka,0,1.16486,97.70386
Binaka,2.6,1.16486,97.70386
Binaka,28.4,1.16486,97.70386
Binaka,20.3,1.16486,97.70386
Binaka,0.2,1.16486,97.70386
Binaka,0,1.16486,97.70386
Binaka,0.6,1.16486,97.70386
Binaka,0,1.16486,97.70386
Binaka,4.6,1.16486,97.70386
Binaka,4.7,1.16486,97.70386
Binaka,0,1.16486,97.70386
Binaka,0,1.16486,97.70386
Binaka,3.2,1.16486,97.70386
Binaka,1,1.16486,97.70386
Binaka,8.9,1.16486,97.70386
Binaka,17.4,1.16486,97.70386
Binaka,9,1.16486,97.70386
Binaka,4.6,1.16486,97.70386
Binaka,6.8,1.16486,97.70386
Binaka,15.9,1.16486,97.70386
Binaka,0,1.16486,97.70386
Binaka,6,1.16486,97.70386
Binaka,0,1.16486,97.70386
Binaka,0,1.16486,97.70386
Binaka,10.3,1.16486,97.70386
Binaka,9.5,1.16486,97.70386
Binaka,1.3,1.16486,97.70386
Binaka,0.8,1.16486,97.70386
Binaka,4.2,1.16486,97.70386
Binaka,6.6,1.16486,97.70386
Binaka,13.8,1.16486,97.70386
Binaka,0,1.16486,97.70386
Binaka,3.7,1.16486,97.70386
Binaka,0,1.16486,97.70386
Binaka,2,1.16486,97.70386
Binaka,0,1.16486,97.70386
Binaka,0,1.16486,97.70386
Binaka,0,1.16486,97.70386
Binaka,0,1.16486,97.70386
Binaka,0,1.16486,97.70386
Binaka,16.3,1.16486,97.70386
Binaka,8.5,1.16486,97.70386
Binaka,19.7,1.16486,97.70386
Binaka,0,1.16486,97.70386
Binaka,0.4,1.16486,97.70386
Binaka,0,1.16486,97.70386
Binaka,6.3,1.16486,97.70386
Binaka,2.2,1.16486,97.70386
Binaka,0,1.16486,97.70386
Binaka,0,1.16486,97.70386
Binaka,0,1.16486,97.70386
Binaka,15.7,1.16486,97.70386
Binaka,0,1.16486,97.70386
Binaka,8.1,1.16486,97.70386
Binaka,4.9,1.16486,97.70386
Binaka,1.7,1.16486,97.70386
Binaka,0,1.16486,97.70386
Binaka,0,1.16486,97.70386
Binaka,4,1.16486,97.70386
Binaka,0,1.16486,97.70386
Binaka,0.4,1.16486,97.70386
Binaka,0,1.16486,97.70386
Binaka,0,1.16486,97.70386
Binaka,5,1.16486,97.70386
Binaka,2.5,1.16486,97.70386
Binaka,2.8,1.16486,97.70386
Binaka,0,1.16486,97.70386
Binaka,2,1.16486,97.70386
Binaka,2.7,1.16486,97.70386
Binaka,0,1.16486,97.70386
Binaka,77.1,1.16486,97.70386
Binaka,6.9,1.16486,97.70386
Binaka,7.1,1.16486,97.70386
Binaka,0,1.16486,97.70386
Binaka,11.9,1.16486,97.70386
Binaka,41.6,1.16486,97.70386
Binaka,0,1.16486,97.70386
Binaka,0,1.16486,97.70386
Binaka,3,1.16486,97.70386
Binaka,0.5,1.16486,97.70386
Binaka,2.3,1.16486,97.70386
Binaka,1.3,1.16486,97.70386
Binaka,0,1.16486,97.70386
Binaka,2.9,1.16486,97.70386
Binaka,7,1.16486,97.70386
Binaka,0,1.16486,97.70386
Binaka,54.6,1.16486,97.70386
Binaka,0,1.16486,97.70386
Binaka,0,1.16486,97.70386
Binaka,0.8,1.16486,97.70386
Binaka,0,1.16486,97.70386
Binaka,3.3,1.16486,97.70386
Binaka,1.2,1.16486,97.70386
Binaka,0,1.16486,97.70386
Binaka,0,1.16486,97.70386
Binaka,0,1.16486,97.70386
Binaka,5.5,1.16486,97.70386
Binaka,3,1.16486,97.70386
Binaka,0,1.16486,97.70386
Binaka,0.6,1.16486,97.70386
Binaka,0,1.16486,97.70386
Binaka,0,1.16486,97.70386
Binaka,0,1.16486,97.70386
Binaka,2.4,1.16486,97.70386
Binaka,10.9,1.16486,97.70386
Binaka,0,1.16486,97.70386
Binaka,0,1.16486,97.70386
Binaka,6,1.16486,97.70386
Binaka,0,1.16486,97.70386
Binaka,0,1.16486,97.70386
Binaka,0.1,1.16486,97.70386
Binaka,13.6,1.16486,97.70386
Binaka,3.8,1.16486,97.70386
Binaka,12.2,1.16486,97.70386
Binaka,0,1.16486,97.70386
Binaka,0,1.16486,97.70386
Binaka,0,1.16486,97.70386
Binaka,0,1.16486,97.70386
Binaka,0,1.16486,97.70386
Binaka,1.2,1.16486,97.70386
Binaka,0,1.16486,97.70386
Binaka,0.5,1.16486,97.70386
Binaka,0,1.16486,97.70386
Binaka,4.9,1.16486,97.70386
Binaka,0,1.16486,97.70386
Binaka,1.2,1.16486,97.70386
Binaka,0,1.16486,97.70386
Binaka,0,1.16486,97.70386
Binaka,11.7,1.16486,97.70386
Binaka,0,1.16486,97.70386
Binaka,0.8,1.16486,97.70386
Binaka,0,1.16486,97.70386
Binaka,16.2,1.16486,97.70386
Binaka,20.4,1.16486,97.70386
Binaka,0,1.16486,97.70386
Binaka,6.5,1.16486,97.70386
Binaka,8.2,1.16486,97.70386
Binaka,0,1.16486,97.70386
Binaka,0,1.16486,97.70386
Binaka,101.9,1.16486,97.70386
Binaka,0,1.16486,97.70386
Binaka,0,1.16486,97.70386
Binaka,7.4,1.16486,97.70386
Binaka,0,1.16486,97.70386
Binaka,2.1,1.16486,97.70386
Binaka,0,1.16486,97.70386
Binaka,0,1.16486,97.70386
Binaka,4,1.16486,97.70386
Binaka,4.7,1.16486,97.70386
Binaka,0,1.16486,97.70386
Binaka,35.6,1.16486,97.70386
Binaka,0,1.16486,97.70386
Binaka,7,1.16486,97.70386
Binaka,0,1.16486,97.70386
Binaka,0,1.16486,97.70386
Binaka,0,1.16486,97.70386
Binaka,2,1.16486,97.70386
Binaka,0,1.16486,97.70386
Binaka,28.1,1.16486,97.70386
Binaka,0.4,1.16486,97.70386
Binaka,32,1.16486,97.70386
Binaka,0,1.16486,97.70386
Binaka,0,1.16486,97.70386
Binaka,14.3,1.16486,97.70386
Binaka,0,1.16486,97.70386
Binaka,29.5,1.16486,97.70386
Binaka,1.8,1.16486,97.70386
Binaka,0,1.16486,97.70386
Binaka,1.9,1.16486,97.70386
Binaka,0,1.16486,97.70386
Binaka,0,1.16486,97.70386
Binaka,2,1.16486,97.70386
Binaka,44.3,1.16486,97.70386
Binaka,0,1.16486,97.70386
Binaka,5.6,1.16486,97.70386
Binaka,7,1.16486,97.70386
Binaka,25.9,1.16486,97.70386
Binaka,0,1.16486,97.70386
Binaka,0,1.16486,97.70386
Binaka,0,1.16486,97.70386
Binaka,10.7,1.16486,97.70386
Binaka,19.6,1.16486,97.70386
Binaka,3.5,1.16486,97.70386
Binaka,0,1.16486,97.70386
Binaka,0,1.16486,97.70386
Binaka,18,1.16486,97.70386
Binaka,10.4,1.16486,97.70386
Binaka,12.3,1.16486,97.70386
Binaka,12.4,1.16486,97.70386
Binaka,1.4,1.16486,97.70386
Binaka,1,1.16486,97.70386
Binaka,0,1.16486,97.70386
Binaka,5.7,1.16486,97.70386
Binaka,7.9,1.16486,97.70386
Binaka,0,1.16486,97.70386
Binaka,0,1.16486,97.70386
Binaka,50.5,1.16486,97.70386
Binaka,0,1.16486,97.70386
Binaka,0,1.16486,97.70386
Binaka,7.3,1.16486,97.70386
Binaka,8.2,1.16486,97.70386
Binaka,1,1.16486,97.70386
Binaka,4,1.16486,97.70386
Binaka,0,1.16486,97.70386
Binaka,19.8,1.16486,97.70386
Binaka,1,1.16486,97.70386
Binaka,4,1.16486,97.70386
Binaka,1.6,1.16486,97.70386
Binaka,7.9,1.16486,97.70386
Binaka,0,1.16486,97.70386
Binaka,0,1.16486,97.70386
Binaka,0,1.16486,97.70386
Binaka,0,1.16486,97.70386
Binaka,2.1,1.16486,97.70386
Binaka,0,1.16486,97.70386
Binaka,0,1.16486,97.70386
Binaka,8.5,1.16486,97.70386
Binaka,0,1.16486,97.70386
Binaka,9.6,1.16486,97.70386
Binaka,0,1.16486,97.70386
Binaka,0,1.16486,97.70386
Binaka,0,1.16486,97.70386
Binaka,0,1.16486,97.70386
Binaka,42.6,1.16486,97.70386
Binaka,0,1.16486,97.70386
Binaka,57.8,1.16486,97.70386
Binaka,0,1.16486,97.70386
Binaka,9,1.16486,97.70386
Binaka,0,1.16486,97.70386
Binaka,0,1.16486,97.70386
Binaka,6.1,1.16486,97.70386
Binaka,44.9,1.16486,97.70386
Binaka,3.9,1.16486,97.70386
Binaka,4.6,1.16486,97.70386
Binaka,0,1.16486,97.70386
Binaka,4.7,1.16486,97.70386
Binaka,7.5,1.16486,97.70386
Binaka,0,1.16486,97.70386
Binaka,0,1.16486,97.70386
Binaka,0.4,1.16486,97.70386
Binaka,22,1.16486,97.70386
Binaka,0.8,1.16486,97.70386
Binaka,0,1.16486,97.70386
Binaka,0,1.16486,97.70386
Binaka,1,1.16486,97.70386
Binaka,5.8,1.16486,97.70386
Binaka,2.2,1.16486,97.70386
Binaka,0,1.16486,97.70386
Binaka,6.3,1.16486,97.70386
Binaka,2.4,1.16486,97.70386
Binaka,0.6,1.16486,97.70386
Binaka,0,1.16486,97.70386
Binaka,0,1.16486,97.70386
Binaka,1.1,1.16486,97.70386
Binaka,7.9,1.16486,97.70386
Binaka,17.7,1.16486,97.70386
Binaka,0,1.16486,97.70386
Binaka,0,1.16486,97.70386
Binaka,0,1.16486,97.70386
Binaka,19,1.16486,97.70386
Binaka,0,1.16486,97.70386
Binaka,9.3,1.16486,97.70386
Binaka,1.2,1.16486,97.70386
Binaka,13.3,1.16486,97.70386
Binaka,0,1.16486,97.70386
Binaka,0,1.16486,97.70386
Binaka,4.6,1.16486,97.70386
Binaka,1,1.16486,97.70386
Binaka,0,1.16486,97.70386
Binaka,0,1.16486,97.70386
Binaka,0,1.16486,97.70386
Binaka,0,1.16486,97.70386
Binaka,0,1.16486,97.70386
Binaka,1,1.16486,97.70386
Binaka,0,1.16486,97.70386
Binaka,1.5,1.16486,97.70386
Binaka,0.8,1.16486,97.70386
Binaka,8,1.16486,97.70386
Binaka,0,1.16486,97.70386
Binaka,11,1.16486,97.70386
Binaka,0,1.16486,97.70386
Binaka,54.3,1.16486,97.70386
Binaka,0,1.16486,97.70386
Binaka,0,1.16486,97.70386
Binaka,0.1,1.16486,97.70386
Binaka,0.9,1.16486,97.70386
Binaka,0,1.16486,97.70386
Binaka,0.9,1.16486,97.70386
Binaka,0,1.16486,97.70386
Binaka,3.1,1.16486,97.70386
Binaka,0,1.16486,97.70386
Binaka,9.9,1.16486,97.70386
Binaka,4.1,1.16486,97.70386
Binaka,6.7,1.16486,97.70386
Binaka,1.2,1.16486,97.70386
Binaka,0,1.16486,97.70386
Binaka,2.1,1.16486,97.70386
Binaka,0,1.16486,97.70386
Binaka,2.8,1.16486,97.70386
Binaka,13.7,1.16486,97.70386
Binaka,22.1,1.16486,97.70386
Binaka,2.7,1.16486,97.70386
Binaka,0,1.16486,97.70386
Binaka,0.7,1.16486,97.70386
Binaka,53.6,1.16486,97.70386
Binaka,8.2,1.16486,97.70386
Binaka,0,1.16486,97.70386
Binaka,4.9,1.16486,97.70386
Binaka,0,1.16486,97.70386
Binaka,3.5,1.16486,97.70386
Binaka,51.9,1.16486,97.70386
Binaka,0.2,1.16486,97.70386
Binaka,27.6,1.16486,97.70386
Binaka,19.5,1.16486,97.70386
Binaka,101.9,1.16486,97.70386
Binaka,0,1.16486,97.70386
Binaka,1.2,1.16486,97.70386
Binaka,0.5,1.16486,97.70386
Binaka,0,1.16486,97.70386
Binaka,2,1.16486,97.70386
Binaka,22.4,1.16486,97.70386
Binaka,34.2,1.16486,97.70386
Binaka,2.4,1.16486,97.70386
Binaka,78.1,1.16486,97.70386
Binaka,0,1.16486,97.70386
Binaka,1.4,1.16486,97.70386
Binaka,0,1.16486,97.70386
Binaka,0,1.16486,97.70386
Binaka,36,1.16486,97.70386
Binaka,0.6,1.16486,97.70386
Binaka,0,1.16486,97.70386
Binaka,0,1.16486,97.70386
Binaka,27.1,1.16486,97.70386
Binaka,0,1.16486,97.70386
Binaka,4.2,1.16486,97.70386
Binaka,0,1.16486,97.70386
Binaka,2.6,1.16486,97.70386
Binaka,7.4,1.16486,97.70386
Binaka,1.4,1.16486,97.70386
Binaka,0,1.16486,97.70386
Binaka,5.4,1.16486,97.70386
Binaka,8.9,1.16486,97.70386
Binaka,0,1.16486,97.70386
Binaka,21.1,1.16486,97.70386
Binaka,4.7,1.16486,97.70386
Binaka,24,1.16486,97.70386
Binaka,38.2,1.16486,97.70386
Binaka,5.8,1.16486,97.70386
Binaka,1.5,1.16486,97.70386
Binaka,0,1.16486,97.70386
Binaka,65.8,1.16486,97.70386
Binaka,0,1.16486,97.70386
Binaka,0,1.16486,97.70386
Binaka,6.1,1.16486,97.70386
Binaka,0,1.16486,97.70386
Binaka,20.6,1.16486,97.70386
Binaka,0,1.16486,97.70386
Binaka,0,1.16486,97.70386
Binaka,0,1.16486,97.70386
Binaka,0,1.16486,97.70386
Binaka,27.5,1.16486,97.70386
Binaka,50.5,1.16486,97.70386
Binaka,0,1.16486,97.70386
Binaka,0,1.16486,97.70386
Binaka,0,1.16486,97.70386
Binaka,0,1.16486,97.70386
Binaka,2.8,1.16486,97.70386
Binaka,2,1.16486,97.70386
Binaka,3.7,1.16486,97.70386
Binaka,0,1.16486,97.70386
Binaka,21.7,1.16486,97.70386
Binaka,0,1.16486,97.70386
Binaka,6.5,1.16486,97.70386
Binaka,0.5,1.16486,97.70386
Binaka,50.6,1.16486,97.70386
Binaka,10.5,1.16486,97.70386
Binaka,0,1.16486,97.70386
Binaka,0.6,1.16486,97.70386
Binaka,0,1.16486,97.70386
Binaka,0,1.16486,97.70386
Binaka,0,1.16486,97.70386
Binaka,0,1.16486,97.70386
Binaka,0,1.16486,97.70386
Binaka,16.3,1.16486,97.70386
Binaka,2.9,1.16486,97.70386
Binaka,1.4,1.16486,97.70386
Binaka,0,1.16486,97.70386
Binaka,32.1,1.16486,97.70386
Binaka,0,1.16486,97.70386
Binaka,1.5,1.16486,97.70386
Binaka,0.3,1.16486,97.70386
Binaka,5.7,1.16486,97.70386
Binaka,7,1.16486,97.70386
Binaka,0,1.16486,97.70386
Binaka,42,1.16486,97.70386
Binaka,2.8,1.16486,97.70386
Binaka,1,1.16486,97.70386
Binaka,0,1.16486,97.70386
Binaka,11.3,1.16486,97.70386
Binaka,25.8,1.16486,97.70386
Binaka,10.7,1.16486,97.70386
Binaka,0,1.16486,97.70386
Binaka,14.3,1.16486,97.70386
Binaka,0,1.16486,97.70386
Binaka,15.6,1.16486,97.70386
Binaka,0,1.16486,97.70386
Binaka,0,1.16486,97.70386
Binaka,0,1.16486,97.70386
Binaka,0,1.16486,97.70386
Binaka,2,1.16486,97.70386
Binaka,5.2,1.16486,97.70386
Binaka,13.1,1.16486,97.70386
Binaka,33.2,1.16486,97.70386
Binaka,1.1,1.16486,97.70386
Binaka,6.2,1.16486,97.70386
Binaka,10.2,1.16486,97.70386
Binaka,8.5,1.16486,97.70386
Binaka,61.9,1.16486,97.70386
Binaka,5.7,1.16486,97.70386
Binaka,0.8,1.16486,97.70386
Binaka,0.8,1.16486,97.70386
Binaka,28.9,1.16486,97.70386
Binaka,1.6,1.16486,97.70386
Binaka,20.3,1.16486,97.70386
Binaka,3,1.16486,97.70386
Binaka,6.7,1.16486,97.70386
Binaka,0,1.16486,97.70386
Binaka,0.3,1.16486,97.70386
Binaka,3.7,1.16486,97.70386
Binaka,3.7,1.16486,97.70386
Binaka,4,1.16486,97.70386
Binaka,0,1.16486,97.70386
Binaka,12.1,1.16486,97.70386
Binaka,0.9,1.16486,97.70386
Binaka,3.9,1.16486,97.70386
Binaka,0.2,1.16486,97.70386
Binaka,5.4,1.16486,97.70386
Binaka,18.4,1.16486,97.70386
Binaka,16.7,1.16486,97.70386
Binaka,0,1.16486,97.70386
Binaka,8.2,1.16486,97.70386
Binaka,0.6,1.16486,97.70386
Binaka,1.5,1.16486,97.70386
Binaka,3.4,1.16486,97.70386
Binaka,14.5,1.16486,97.70386
Binaka,0,1.16486,97.70386
Binaka,2.7,1.16486,97.70386
Binaka,1,1.16486,97.70386
Binaka,1,1.16486,97.70386
Binaka,16.6,1.16486,97.70386
Binaka,3,1.16486,97.70386
Binaka,0,1.16486,97.70386
Binaka,2,1.16486,97.70386
Binaka,18.3,1.16486,97.70386
Binaka,1.9,1.16486,97.70386
Binaka,20.7,1.16486,97.70386
Binaka,9.6,1.16486,97.70386
Binaka,0,1.16486,97.70386
Binaka,0,1.16486,97.70386
Binaka,15.8,1.16486,97.70386
Binaka,12.9,1.16486,97.70386
Binaka,0,1.16486,97.70386
Binaka,36.1,1.16486,97.70386
Binaka,10.7,1.16486,97.70386
Binaka,1.3,1.16486,97.70386
Binaka,1.2,1.16486,97.70386
Binaka,20.7,1.16486,97.70386
Binaka,11.8,1.16486,97.70386
Binaka,0.4,1.16486,97.70386
Binaka,1.5,1.16486,97.70386
Binaka,9.9,1.16486,97.70386
Binaka,0,1.16486,97.70386
Binaka,0,1.16486,97.70386
Binaka,40.4,1.16486,97.70386
Binaka,1.4,1.16486,97.70386
Binaka,6.6,1.16486,97.70386
Binaka,0,1.16486,97.70386
Binaka,0.7,1.16486,97.70386
Binaka,7.6,1.16486,97.70386
Binaka,46.8,1.16486,97.70386
Binaka,9.8,1.16486,97.70386
Binaka,15.5,1.16486,97.70386
Binaka,0,1.16486,97.70386
Binaka,8.5,1.16486,97.70386
Binaka,14.1,1.16486,97.70386
Binaka,1,1.16486,97.70386
Binaka,0,1.16486,97.70386
Binaka,7.8,1.16486,97.70386
Binaka,2,1.16486,97.70386
Binaka,24.6,1.16486,97.70386
Binaka,0,1.16486,97.70386
Binaka,22.5,1.16486,97.70386
Binaka,12.1,1.16486,97.70386
Binaka,2.2,1.16486,97.70386
Binaka,0,1.16486,97.70386
Binaka,65.6,1.16486,97.70386
Binaka,6.8,1.16486,97.70386
Binaka,1.2,1.16486,97.70386
Binaka,63.3,1.16486,97.70386
Binaka,0,1.16486,97.70386
Binaka,31.7,1.16486,97.70386
Binaka,28.9,1.16486,97.70386
Binaka,9.1,1.16486,97.70386
Binaka,12.7,1.16486,97.70386
Binaka,9.8,1.16486,97.70386
Binaka,31.1,1.16486,97.70386
Binaka,5,1.16486,97.70386
Binaka,12.4,1.16486,97.70386
Binaka,0,1.16486,97.70386
Binaka,5.3,1.16486,97.70386
Binaka,49.8,1.16486,97.70386
Binaka,0,1.16486,97.70386
Binaka,8.3,1.16486,97.70386
Binaka,20.9,1.16486,97.70386
Binaka,0,1.16486,97.70386
Binaka,11.4,1.16486,97.70386
Binaka,36.6,1.16486,97.70386
Binaka,0,1.16486,97.70386
Binaka,7.7,1.16486,97.70386
Binaka,0,1.16486,97.70386
Binaka,12.5,1.16486,97.70386
Binaka,49.2,1.16486,97.70386
Binaka,1.1,1.16486,97.70386
Binaka,12.5,1.16486,97.70386
Binaka,0,1.16486,97.70386
Binaka,20.8,1.16486,97.70386
Binaka,0,1.16486,97.70386
Binaka,6,1.16486,97.70386
Binaka,0,1.16486,97.70386
Binaka,13,1.16486,97.70386
Binaka,21,1.16486,97.70386
Binaka,5.5,1.16486,97.70386
Binaka,0,1.16486,97.70386
Binaka,0,1.16486,97.70386
Binaka,1.9,1.16486,97.70386
Binaka,7,1.16486,97.70386
Binaka,7.8,1.16486,97.70386
Binaka,21.2,1.16486,97.70386
Binaka,0,1.16486,97.70386
Binaka,2.3,1.16486,97.70386
Binaka,0,1.16486,97.70386
Binaka,0,1.16486,97.70386
Binaka,0,1.16486,97.70386
Binaka,0,1.16486,97.70386
Binaka,9.4,1.16486,97.70386
Binaka,15.1,1.16486,97.70386
Binaka,33.6,1.16486,97.70386
Binaka,17.2,1.16486,97.70386
Binaka,0,1.16486,97.70386
Binaka,0.7,1.16486,97.70386
Binaka,0.1,1.16486,97.70386
Binaka,10.7,1.16486,97.70386
Binaka,7.8,1.16486,97.70386
Binaka,9.1,1.16486,97.70386
Binaka,0,1.16486,97.70386
Binaka,2,1.16486,97.70386
Binaka,0,1.16486,97.70386
Binaka,2.5,1.16486,97.70386
Binaka,0,1.16486,97.70386
Binaka,0,1.16486,97.70386
Binaka,0,1.16486,97.70386
Binaka,17.9,1.16486,97.70386
Binaka,16.8,1.16486,97.70386
Binaka,0,1.16486,97.70386
Binaka,0,1.16486,97.70386
Binaka,0.2,1.16486,97.70386
Binaka,0,1.16486,97.70386
Binaka,0,1.16486,97.70386
Binaka,3.5,1.16486,97.70386
Binaka,0,1.16486,97.70386
Binaka,0,1.16486,97.70386
Binaka,14.8,1.16486,97.70386
Binaka,11.6,1.16486,97.70386
Binaka,1.5,1.16486,97.70386
Binaka,0,1.16486,97.70386
Binaka,0,1.16486,97.70386
Binaka,12.9,1.16486,97.70386
Binaka,0,1.16486,97.70386
Binaka,49.1,1.16486,97.70386
Binaka,1.7,1.16486,97.70386
Binaka,1.4,1.16486,97.70386
Binaka,0,1.16486,97.70386
Binaka,13.7,1.16486,97.70386
Binaka,0,1.16486,97.70386
Binaka,7.9,1.16486,97.70386
Binaka,0,1.16486,97.70386
Binaka,11.5,1.16486,97.70386
Binaka,13.9,1.16486,97.70386
Binaka,14.7,1.16486,97.70386
Binaka,5.8,1.16486,97.70386
Binaka,12,1.16486,97.70386
Binaka,26.9,1.16486,97.70386
Binaka,6,1.16486,97.70386
Binaka,9.9,1.16486,97.70386
Binaka,0,1.16486,97.70386
Binaka,1.2,1.16486,97.70386
Binaka,2.7,1.16486,97.70386
Binaka,0.5,1.16486,97.70386
Binaka,0,1.16486,97.70386
Binaka,2.5,1.16486,97.70386
Binaka,0,1.16486,97.70386
Binaka,9.7,1.16486,97.70386
Binaka,6.6,1.16486,97.70386
Binaka,0,1.16486,97.70386
Binaka,1.9,1.16486,97.70386
Binaka,37.5,1.16486,97.70386
Binaka,8.1,1.16486,97.70386
Binaka,22.4,1.16486,97.70386
Binaka,1,1.16486,97.70386
Binaka,0.7,1.16486,97.70386
Binaka,0,1.16486,97.70386
Binaka,42.6,1.16486,97.70386
Binaka,0,1.16486,97.70386
Binaka,0,1.16486,97.70386
Binaka,4.5,1.16486,97.70386
Binaka,1,1.16486,97.70386
Binaka,0,1.16486,97.70386
Binaka,1,1.16486,97.70386
Binaka,5.8,1.16486,97.70386
Binaka,0,1.16486,97.70386
Binaka,0,1.16486,97.70386
Binaka,0,1.16486,97.70386
Binaka,2.2,1.16486,97.70386
Binaka,11.3,1.16486,97.70386
Binaka,4.1,1.16486,97.70386
Binaka,0,1.16486,97.70386
Binaka,3.5,1.16486,97.70386
Binaka,1.9,1.16486,97.70386
Binaka,0,1.16486,97.70386
Binaka,8.1,1.16486,97.70386
Binaka,29.6,1.16486,97.70386
Binaka,0,1.16486,97.70386
Binaka,0,1.16486,97.70386
Binaka,0,1.16486,97.70386
Binaka,18.5,1.16486,97.70386
Binaka,2.2,1.16486,97.70386
Binaka,0,1.16486,97.70386
Binaka,0,1.16486,97.70386
Binaka,0.3,1.16486,97.70386
Binaka,3.1,1.16486,97.70386
Binaka,13.9,1.16486,97.70386
Binaka,6.2,1.16486,97.70386
Binaka,1.8,1.16486,97.70386
Binaka,7.7,1.16486,97.70386
Binaka,20.2,1.16486,97.70386
Binaka,6.1,1.16486,97.70386
Binaka,0,1.16486,97.70386
Binaka,0.6,1.16486,97.70386
Binaka,17.7,1.16486,97.70386
Binaka,5.6,1.16486,97.70386
Binaka,30.7,1.16486,97.70386
Binaka,1.2,1.16486,97.70386
Binaka,25.9,1.16486,97.70386
Binaka,4.2,1.16486,97.70386
Binaka,4.1,1.16486,97.70386
Binaka,0,1.16486,97.70386
Binaka,0.3,1.16486,97.70386
Binaka,2.7,1.16486,97.70386
Binaka,0.5,1.16486,97.70386
Binaka,0.9,1.16486,97.70386
Binaka,3.6,1.16486,97.70386
Binaka,0,1.16486,97.70386
Binaka,11.1,1.16486,97.70386
Binaka,12.8,1.16486,97.70386
Binaka,0.2,1.16486,97.70386
Binaka,10.8,1.16486,97.70386
Binaka,0,1.16486,97.70386
Binaka,0,1.16486,97.70386
Binaka,0.3,1.16486,97.70386
Binaka,0,1.16486,97.70386
Binaka,9.4,1.16486,97.70386
Binaka,1.8,1.16486,97.70386
Binaka,54.5,1.16486,97.70386
Binaka,11.2,1.16486,97.70386
Binaka,8.2,1.16486,97.70386
Binaka,0,1.16486,97.70386
Binaka,6.9,1.16486,97.70386
Binaka,6.4,1.16486,97.70386
Binaka,0,1.16486,97.70386
Binaka,44.1,1.16486,97.70386
Binaka,0,1.16486,97.70386
Binaka,0,1.16486,97.70386
Binaka,6.3,1.16486,97.70386
Binaka,0,1.16486,97.70386
Binaka,11.2,1.16486,97.70386
Binaka,18.3,1.16486,97.70386
Binaka,0,1.16486,97.70386
Binaka,0.8,1.16486,97.70386
Binaka,0,1.16486,97.70386
Binaka,0.4,1.16486,97.70386
Binaka,15.3,1.16486,97.70386
Binaka,0,1.16486,97.70386
Binaka,0,1.16486,97.70386
Binaka,8.9,1.16486,97.70386
Binaka,6.2,1.16486,97.70386
Binaka,0,1.16486,97.70386
Binaka,3.2,1.16486,97.70386
Binaka,1.3,1.16486,97.70386
Binaka,0,1.16486,97.70386
Binaka,3.5,1.16486,97.70386
Binaka,9,1.16486,97.70386
Binaka,0,1.16486,97.70386
Binaka,0,1.16486,97.70386
Binaka,0.1,1.16486,97.70386
Binaka,0,1.16486,97.70386
Binaka,1.2,1.16486,97.70386
Binaka,0,1.16486,97.70386
Binaka,0,1.16486,97.70386
Binaka,0,1.16486,97.70386
Binaka,0,1.16486,97.70386
Binaka,0,1.16486,97.70386
Binaka,0,1.16486,97.70386
Binaka,0.8,1.16486,97.70386
Binaka,0,1.16486,97.70386
Binaka,25.4,1.16486,97.70386
Binaka,0.6,1.16486,97.70386
Binaka,0,1.16486,97.70386
Binaka,0,1.16486,97.70386
Binaka,0.6,1.16486,97.70386
Binaka,0,1.16486,97.70386
Binaka,4.3,1.16486,97.70386
Binaka,10.9,1.16486,97.70386
Binaka,0,1.16486,97.70386
Binaka,0.6,1.16486,97.70386
Binaka,0,1.16486,97.70386
Binaka,3.4,1.16486,97.70386
Binaka,0,1.16486,97.70386
Binaka,0,1.16486,97.70386
Binaka,0,1.16486,97.70386
Binaka,18.5,1.16486,97.70386
Binaka,13.9,1.16486,97.70386
Binaka,0,1.16486,97.70386
Binaka,3.7,1.16486,97.70386
Binaka,0,1.16486,97.70386
Binaka,0,1.16486,97.70386
Binaka,1.6,1.16486,97.70386
Binaka,0,1.16486,97.70386
Binaka,0,1.16486,97.70386
Binaka,0,1.16486,97.70386
Binaka,10.5,1.16486,97.70386
Binaka,7.4,1.16486,97.70386
Binaka,0,1.16486,97.70386
Binaka,0.5,1.16486,97.70386
Binaka,14.2,1.16486,97.70386
Binaka,11.1,1.16486,97.70386
Binaka,1.5,1.16486,97.70386
Binaka,6.6,1.16486,97.70386
Binaka,0.3,1.16486,97.70386
Binaka,0.8,1.16486,97.70386
Binaka,13.9,1.16486,97.70386
Binaka,0,1.16486,97.70386
Binaka,3.6,1.16486,97.70386
Binaka,0,1.16486,97.70386
Binaka,0,1.16486,97.70386
Binaka,0,1.16486,97.70386
Binaka,0,1.16486,97.70386
Binaka,0,1.16486,97.70386
Binaka,27.9,1.16486,97.70386
Binaka,1.7,1.16486,97.70386
Binaka,25.5,1.16486,97.70386
Binaka,2.8,1.16486,97.70386
Binaka,0.3,1.16486,97.70386
Binaka,2.3,1.16486,97.70386
Binaka,27.7,1.16486,97.70386
Binaka,0.3,1.16486,97.70386
Binaka,7.9,1.16486,97.70386
Binaka,6,1.16486,97.70386
Binaka,33.8,1.16486,97.70386
Binaka,7.8,1.16486,97.70386
Binaka,7.1,1.16486,97.70386
Binaka,5,1.16486,97.70386
Binaka,15.7,1.16486,97.70386
Binaka,0,1.16486,97.70386
Binaka,11.7,1.16486,97.70386
Binaka,44.2,1.16486,97.70386
Binaka,0,1.16486,97.70386
Binaka,0,1.16486,97.70386
Binaka,0,1.16486,97.70386
Binaka,10.7,1.16486,97.70386
Binaka,0,1.16486,97.70386
Binaka,3.5,1.16486,97.70386
Binaka,0,1.16486,97.70386
Binaka,13.5,1.16486,97.70386
Binaka,0,1.16486,97.70386
Binaka,1.1,1.16486,97.70386
Binaka,48,1.16486,97.70386
Binaka,5.2,1.16486,97.70386
Binaka,4.2,1.16486,97.70386
Binaka,23.9,1.16486,97.70386
Binaka,12,1.16486,97.70386
Binaka,32.9,1.16486,97.70386
Binaka,5.2,1.16486,97.70386
Binaka,0,1.16486,97.70386
Binaka,1.2,1.16486,97.70386
Binaka,0,1.16486,97.70386
Binaka,1.2,1.16486,97.70386
Binaka,8.3,1.16486,97.70386
Binaka,0,1.16486,97.70386
Binaka,1.5,1.16486,97.70386
Binaka,37.8,1.16486,97.70386
Binaka,0,1.16486,97.70386
Binaka,6.3,1.16486,97.70386
Binaka,0,1.16486,97.70386
Binaka,5,1.16486,97.70386
Binaka,1,1.16486,97.70386
Binaka,31.5,1.16486,97.70386
Binaka,0,1.16486,97.70386
Binaka,45.2,1.16486,97.70386
Binaka,51.9,1.16486,97.70386
Binaka,4.3,1.16486,97.70386
Binaka,16.8,1.16486,97.70386
Binaka,3.9,1.16486,97.70386
Binaka,0,1.16486,97.70386
Binaka,42.8,1.16486,97.70386
Binaka,3.7,1.16486,97.70386
Binaka,1.5,1.16486,97.70386
Binaka,25,1.16486,97.70386
Binaka,49.6,1.16486,97.70386
Binaka,4,1.16486,97.70386
Binaka,0,1.16486,97.70386
Binaka,0,1.16486,97.70386
Binaka,2.2,1.16486,97.70386
Binaka,25.5,1.16486,97.70386
Binaka,3,1.16486,97.70386
Binaka,22.7,1.16486,97.70386
Binaka,1.5,1.16486,97.70386
Binaka,0,1.16486,97.70386
Binaka,9,1.16486,97.70386
Binaka,0,1.16486,97.70386
Binaka,4.4,1.16486,97.70386
Binaka,27,1.16486,97.70386
Binaka,3.5,1.16486,97.70386
Binaka,0,1.16486,97.70386
Binaka,0,1.16486,97.70386
Binaka,27.7,1.16486,97.70386
Binaka,13.5,1.16486,97.70386
Binaka,28,1.16486,97.70386
Binaka,0,1.16486,97.70386
Binaka,30,1.16486,97.70386
Binaka,0,1.16486,97.70386
Binaka,11.2,1.16486,97.70386
Binaka,0,1.16486,97.70386
Binaka,0.4,1.16486,97.70386
Binaka,0,1.16486,97.70386
Binaka,0.7,1.16486,97.70386
Binaka,0,1.16486,97.70386
Binaka,4,1.16486,97.70386
Binaka,0,1.16486,97.70386
Binaka,0,1.16486,97.70386
Binaka,87.5,1.16486,97.70386
Binaka,31.9,1.16486,97.70386
Binaka,10.4,1.16486,97.70386
Binaka,4.2,1.16486,97.70386
Binaka,0,1.16486,97.70386
Binaka,36.4,1.16486,97.70386
Binaka,1.1,1.16486,97.70386
Binaka,2.6,1.16486,97.70386
Binaka,6,1.16486,97.70386
Binaka,1,1.16486,97.70386
Binaka,3.5,1.16486,97.70386
Binaka,0,1.16486,97.70386
Binaka,0.8,1.16486,97.70386
Binaka,3.2,1.16486,97.70386
Binaka,1.6,1.16486,97.70386
Binaka,1.2,1.16486,97.70386
Binaka,1.6,1.16486,97.70386
Binaka,16.9,1.16486,97.70386
Binaka,3.7,1.16486,97.70386
Binaka,3.3,1.16486,97.70386
Binaka,18.6,1.16486,97.70386
Binaka,7.8,1.16486,97.70386
Binaka,9.4,1.16486,97.70386
Binaka,2.2,1.16486,97.70386
Binaka,1.9,1.16486,97.70386
Binaka,30.2,1.16486,97.70386
Binaka,32.2,1.16486,97.70386
Binaka,44.8,1.16486,97.70386
Binaka,45.1,1.16486,97.70386
Binaka,44.4,1.16486,97.70386
Binaka,7,1.16486,97.70386
Binaka,1,1.16486,97.70386
Binaka,32.9,1.16486,97.70386
Binaka,2,1.16486,97.70386
Binaka,9.5,1.16486,97.70386
Binaka,0,1.16486,97.70386
Binaka,0.7,1.16486,97.70386
Binaka,0,1.16486,97.70386
Binaka,14.8,1.16486,97.70386
Binaka,0.6,1.16486,97.70386
Binaka,10.9,1.16486,97.70386
Binaka,0,1.16486,97.70386
Binaka,20.2,1.16486,97.70386
Binaka,0,1.16486,97.70386
Binaka,0,1.16486,97.70386
Binaka,0,1.16486,97.70386
Binaka,0,1.16486,97.70386
Binaka,15.4,1.16486,97.70386
Binaka,9,1.16486,97.70386
Binaka,13.2,1.16486,97.70386
Binaka,5.9,1.16486,97.70386
Binaka,0,1.16486,97.70386
Binaka,19.3,1.16486,97.70386
Binaka,0.8,1.16486,97.70386
Binaka,6.7,1.16486,97.70386
Binaka,41.7,1.16486,97.70386
Binaka,0,1.16486,97.70386
Binaka,8.5,1.16486,97.70386
Binaka,31.1,1.16486,97.70386
Binaka,32.5,1.16486,97.70386
Binaka,38.2,1.16486,97.70386
Binaka,0,1.16486,97.70386
Binaka,11.6,1.16486,97.70386
Binaka,0.4,1.16486,97.70386
Binaka,5.6,1.16486,97.70386
Binaka,12.3,1.16486,97.70386
Binaka,1.8,1.16486,97.70386
Binaka,2.3,1.16486,97.70386
Binaka,0.9,1.16486,97.70386
Binaka,6,1.16486,97.70386
Binaka,1.6,1.16486,97.70386
Binaka,2,1.16486,97.70386
Binaka,0,1.16486,97.70386
Binaka,0,1.16486,97.70386
Binaka,0,1.16486,97.70386
Binaka,1.2,1.16486,97.70386
Binaka,0,1.16486,97.70386
Binaka,0,1.16486,97.70386
Binaka,0,1.16486,97.70386
Binaka,4.5,1.16486,97.70386
Binaka,3.6,1.16486,97.70386
Binaka,0,1.16486,97.70386
Binaka,0,1.16486,97.70386
Binaka,0,1.16486,97.70386
Binaka,0,1.16486,97.70386
Binaka,15.6,1.16486,97.70386
Binaka,0,1.16486,97.70386
Binaka,0,1.16486,97.70386
Binaka,0,1.16486,97.70386
Binaka,37.1,1.16486,97.70386
Binaka,0,1.16486,97.70386
Binaka,17.5,1.16486,97.70386
Binaka,30.5,1.16486,97.70386
Binaka,3,1.16486,97.70386
Binaka,0,1.16486,97.70386
Binaka,22.3,1.16486,97.70386
Binaka,0,1.16486,97.70386
Binaka,0.9,1.16486,97.70386
Binaka,0,1.16486,97.70386
Binaka,32.1,1.16486,97.70386
Binaka,0,1.16486,97.70386
Binaka,22.8,1.16486,97.70386
Binaka,0,1.16486,97.70386
Binaka,0,1.16486,97.70386
Binaka,0,1.16486,97.70386
Binaka,15.1,1.16486,97.70386
Binaka,0,1.16486,97.70386
Binaka,0,1.16486,97.70386
Binaka,4.6,1.16486,97.70386
Binaka,0,1.16486,97.70386
Binaka,0,1.16486,97.70386
Binaka,2.3,1.16486,97.70386
Binaka,0.4,1.16486,97.70386
Binaka,0,1.16486,97.70386
Binaka,0,1.16486,97.70386
Binaka,0,1.16486,97.70386
Binaka,0,1.16486,97.70386
Binaka,0.7,1.16486,97.70386
Binaka,15.5,1.16486,97.70386
Binaka,14.6,1.16486,97.70386
Binaka,0,1.16486,97.70386
Binaka,0,1.16486,97.70386
Binaka,0,1.16486,97.70386
Binaka,2.7,1.16486,97.70386
Binaka,0,1.16486,97.70386
Binaka,0,1.16486,97.70386
Binaka,0,1.16486,97.70386
Binaka,0,1.16486,97.70386
Binaka,99.9,1.16486,97.70386
Binaka,0,1.16486,97.70386
Binaka,0,1.16486,97.70386
Binaka,10.4,1.16486,97.70386
Binaka,4,1.16486,97.70386
Binaka,15,1.16486,97.70386
Binaka,0,1.16486,97.70386
Binaka,20,1.16486,97.70386
Binaka,86,1.16486,97.70386
Binaka,0.5,1.16486,97.70386
Binaka,20,1.16486,97.70386
Binaka,0,1.16486,97.70386
Binaka,0,1.16486,97.70386
Binaka,0,1.16486,97.70386
Binaka,5.4,1.16486,97.70386
Binaka,0,1.16486,97.70386
Binaka,47.2,1.16486,97.70386
Binaka,0,1.16486,97.70386
Binaka,3.6,1.16486,97.70386
Binaka,4.8,1.16486,97.70386
Binaka,0,1.16486,97.70386
Binaka,8.7,1.16486,97.70386
Binaka,0,1.16486,97.70386
Binaka,6.3,1.16486,97.70386
Binaka,19,1.16486,97.70386
Binaka,60.4,1.16486,97.70386
Binaka,19.6,1.16486,97.70386
Binaka,0,1.16486,97.70386
Binaka,1,1.16486,97.70386
Binaka,1,1.16486,97.70386
Binaka,65.3,1.16486,97.70386
Binaka,4,1.16486,97.70386
Binaka,1.8,1.16486,97.70386
Binaka,0.7,1.16486,97.70386
Binaka,0,1.16486,97.70386
Binaka,1.4,1.16486,97.70386
Binaka,5,1.16486,97.70386
Binaka,0,1.16486,97.70386
Binaka,19.5,1.16486,97.70386
Binaka,0,1.16486,97.70386
Binaka,45.5,1.16486,97.70386
Binaka,0,1.16486,97.70386
Binaka,6.1,1.16486,97.70386
Binaka,0,1.16486,97.70386
Binaka,0,1.16486,97.70386
Binaka,3.2,1.16486,97.70386
Binaka,0,1.16486,97.70386
Binaka,4.7,1.16486,97.70386
Binaka,6.9,1.16486,97.70386
Binaka,0,1.16486,97.70386
Binaka,24.9,1.16486,97.70386
Binaka,12,1.16486,97.70386
Binaka,0,1.16486,97.70386
Binaka,1.7,1.16486,97.70386
Binaka,0,1.16486,97.70386
Binaka,0,1.16486,97.70386
Binaka,0,1.16486,97.70386
Binaka,0,1.16486,97.70386
Binaka,0,1.16486,97.70386
Binaka,23.9,1.16486,97.70386
Binaka,0,1.16486,97.70386
Binaka,3.4,1.16486,97.70386
Binaka,33.8,1.16486,97.70386
Binaka,1.3,1.16486,97.70386
Binaka,0,1.16486,97.70386
Binaka,0,1.16486,97.70386
Binaka,0.2,1.16486,97.70386
Binaka,94.3,1.16486,97.70386
Binaka,2.6,1.16486,97.70386
Binaka,21.6,1.16486,97.70386
Binaka,2.2,1.16486,97.70386
Binaka,1,1.16486,97.70386
Binaka,0,1.16486,97.70386
Binaka,47.4,1.16486,97.70386
Binaka,9,1.16486,97.70386
Binaka,19,1.16486,97.70386
Binaka,0,1.16486,97.70386
Binaka,0,1.16486,97.70386
Binaka,1.3,1.16486,97.70386
Binaka,50,1.16486,97.70386
Binaka,4.9,1.16486,97.70386
Binaka,1.6,1.16486,97.70386
Binaka,3.4,1.16486,97.70386
Binaka,0,1.16486,97.70386
Binaka,0,1.16486,97.70386
Binaka,5.8,1.16486,97.70386
Binaka,5.8,1.16486,97.70386
Binaka,2.5,1.16486,97.70386
Binaka,1,1.16486,97.70386
Binaka,0,1.16486,97.70386
Binaka,43.3,1.16486,97.70386
Binaka,0,1.16486,97.70386
Binaka,0,1.16486,97.70386
Binaka,36.9,1.16486,97.70386
Binaka,0,1.16486,97.70386
Binaka,1.4,1.16486,97.70386
Binaka,15.1,1.16486,97.70386
Binaka,0,1.16486,97.70386
Binaka,0,1.16486,97.70386
Binaka,0.2,1.16486,97.70386
Binaka,0,1.16486,97.70386
Binaka,0,1.16486,97.70386
Binaka,0,1.16486,97.70386
Binaka,5.6,1.16486,97.70386
Binaka,6.8,1.16486,97.70386
Binaka,0,1.16486,97.70386
Binaka,9,1.16486,97.70386
Binaka,0,1.16486,97.70386
Binaka,0,1.16486,97.70386
Binaka,0,1.16486,97.70386
Binaka,5.1,1.16486,97.70386
Binaka,0,1.16486,97.70386
Binaka,0,1.16486,97.70386
Binaka,0,1.16486,97.70386
Binaka,2.2,1.16486,97.70386
Binaka,0,1.16486,97.70386
Binaka,11.6,1.16486,97.70386
Binaka,4.4,1.16486,97.70386
Binaka,13.1,1.16486,97.70386
Binaka,7.4,1.16486,97.70386
Binaka,8.5,1.16486,97.70386
Binaka,0,1.16486,97.70386
Binaka,16.1,1.16486,97.70386
Binaka,20.1,1.16486,97.70386
Binaka,0,1.16486,97.70386
Binaka,0,1.16486,97.70386
Binaka,9.4,1.16486,97.70386
Binaka,24.9,1.16486,97.70386
Binaka,24.9,1.16486,97.70386
Binaka,7,1.16486,97.70386
Binaka,0,1.16486,97.70386
Binaka,20,1.16486,97.70386
Binaka,8.6,1.16486,97.70386
Binaka,2.2,1.16486,97.70386
Binaka,0,1.16486,97.70386
Binaka,1.3,1.16486,97.70386
Binaka,4.4,1.16486,97.70386
Binaka,0,1.16486,97.70386
Binaka,3.1,1.16486,97.70386
Binaka,0,1.16486,97.70386
Binaka,3.5,1.16486,97.70386
Binaka,0,1.16486,97.70386
Binaka,8,1.16486,97.70386
Binaka,0.1,1.16486,97.70386
Binaka,1.4,1.16486,97.70386
Binaka,7.6,1.16486,97.70386
Binaka,0,1.16486,97.70386
Binaka,19.2,1.16486,97.70386
Binaka,31.8,1.16486,97.70386
Binaka,5,1.16486,97.70386
Binaka,40.3,1.16486,97.70386
Binaka,0,1.16486,97.70386
Binaka,0,1.16486,97.70386
Binaka,0,1.16486,97.70386
Binaka,0,1.16486,97.70386
Binaka,2,1.16486,97.70386
Binaka,0,1.16486,97.70386
Binaka,20.5,1.16486,97.70386
Binaka,0,1.16486,97.70386
Binaka,0,1.16486,97.70386
Binaka,0.9,1.16486,97.70386
Binaka,0,1.16486,97.70386
Binaka,1,1.16486,97.70386
Binaka,0,1.16486,97.70386
Binaka,6.4,1.16486,97.70386
Binaka,0,1.16486,97.70386
Binaka,0.9,1.16486,97.70386
Binaka,35.4,1.16486,97.70386
Binaka,6.3,1.16486,97.70386
Binaka,1.6,1.16486,97.70386
Binaka,0,1.16486,97.70386
Binaka,16.1,1.16486,97.70386
Binaka,20.2,1.16486,97.70386
Binaka,0,1.16486,97.70386
Binaka,1,1.16486,97.70386
Binaka,0,1.16486,97.70386
Binaka,1,1.16486,97.70386
Binaka,13.8,1.16486,97.70386
Binaka,20.5,1.16486,97.70386
Binaka,1.9,1.16486,97.70386
Binaka,34.3,1.16486,97.70386
Binaka,0,1.16486,97.70386
Binaka,0,1.16486,97.70386
Binaka,50.2,1.16486,97.70386
Binaka,1.7,1.16486,97.70386
Binaka,16.8,1.16486,97.70386
Binaka,0,1.16486,97.70386
Binaka,0,1.16486,97.70386
Binaka,7.9,1.16486,97.70386
Binaka,0.6,1.16486,97.70386
Binaka,33.2,1.16486,97.70386
Binaka,0,1.16486,97.70386
Binaka,0.5,1.16486,97.70386
Binaka,0,1.16486,97.70386
Binaka,0,1.16486,97.70386
Binaka,0,1.16486,97.70386
Binaka,1,1.16486,97.70386
Binaka,2.5,1.16486,97.70386
Binaka,4.4,1.16486,97.70386
Binaka,1,1.16486,97.70386
Binaka,1.7,1.16486,97.70386
Binaka,1.2,1.16486,97.70386
Binaka,0.4,1.16486,97.70386
Binaka,4.2,1.16486,97.70386
Binaka,5.3,1.16486,97.70386
Binaka,25.3,1.16486,97.70386
Binaka,0,1.16486,97.70386
Binaka,16.8,1.16486,97.70386
Binaka,8.1,1.16486,97.70386
Binaka,8,1.16486,97.70386
Binaka,0.8,1.16486,97.70386
Binaka,1,1.16486,97.70386
Binaka,0.2,1.16486,97.70386
Binaka,4.9,1.16486,97.70386
Binaka,9.7,1.16486,97.70386
Binaka,4.9,1.16486,97.70386
Binaka,17.8,1.16486,97.70386
Binaka,2.9,1.16486,97.70386
Binaka,5.8,1.16486,97.70386
Binaka,0.9,1.16486,97.70386
Binaka,0,1.16486,97.70386
Binaka,4.6,1.16486,97.70386
Binaka,24,1.16486,97.70386
Binaka,17.1,1.16486,97.70386
Binaka,28.1,1.16486,97.70386
Binaka,13.9,1.16486,97.70386
Binaka,11.7,1.16486,97.70386
Binaka,0,1.16486,97.70386
Binaka,0,1.16486,97.70386
Binaka,26.3,1.16486,97.70386
Binaka,1,1.16486,97.70386
Binaka,4.2,1.16486,97.70386
Binaka,24.9,1.16486,97.70386
Binaka,0,1.16486,97.70386
Binaka,3.5,1.16486,97.70386
Binaka,11.6,1.16486,97.70386
Binaka,14.5,1.16486,97.70386
Binaka,29.9,1.16486,97.70386
Binaka,0.8,1.16486,97.70386
Binaka,11.2,1.16486,97.70386
Binaka,5.9,1.16486,97.70386
Binaka,3.7,1.16486,97.70386
Binaka,26.2,1.16486,97.70386
Binaka,1.7,1.16486,97.70386
Binaka,0,1.16486,97.70386
Binaka,44.4,1.16486,97.70386
Binaka,17,1.16486,97.70386
Binaka,6.7,1.16486,97.70386
Binaka,0,1.16486,97.70386
Binaka,11.6,1.16486,97.70386
Binaka,35,1.16486,97.70386
Binaka,77.2,1.16486,97.70386
Binaka,0.1,1.16486,97.70386
Binaka,9.3,1.16486,97.70386
Binaka,3.3,1.16486,97.70386
Binaka,23.6,1.16486,97.70386
Binaka,51.4,1.16486,97.70386
Binaka,14.8,1.16486,97.70386
Binaka,38.1,1.16486,97.70386
Binaka,4,1.16486,97.70386
Binaka,13.5,1.16486,97.70386
Binaka,9.2,1.16486,97.70386
Binaka,18.7,1.16486,97.70386
Binaka,11.3,1.16486,97.70386
Binaka,0.1,1.16486,97.70386
Binaka,1.3,1.16486,97.70386
Binaka,51.8,1.16486,97.70386
Binaka,0,1.16486,97.70386
Binaka,7.7,1.16486,97.70386
Binaka,4,1.16486,97.70386
Binaka,36.7,1.16486,97.70386
Binaka,3,1.16486,97.70386
Binaka,0,1.16486,97.70386
Binaka,0,1.16486,97.70386
Binaka,11.9,1.16486,97.70386
Binaka,0,1.16486,97.70386
Binaka,0,1.16486,97.70386
Binaka,24.4,1.16486,97.70386
Binaka,1.1,1.16486,97.70386
Binaka,2.5,1.16486,97.70386
Binaka,2.6,1.16486,97.70386
Binaka,8,1.16486,97.70386
Binaka,0,1.16486,97.70386
Binaka,0,1.16486,97.70386
Binaka,0,1.16486,97.70386
Binaka,4.6,1.16486,97.70386
Binaka,20.1,1.16486,97.70386
Binaka,15.8,1.16486,97.70386
Binaka,80.5,1.16486,97.70386
Binaka,13.9,1.16486,97.70386
Binaka,5.8,1.16486,97.70386
Binaka,6.9,1.16486,97.70386
Binaka,5.6,1.16486,97.70386
Binaka,12.5,1.16486,97.70386
Binaka,8.6,1.16486,97.70386
Binaka,12.6,1.16486,97.70386
Binaka,0,1.16486,97.70386
Binaka,46.7,1.16486,97.70386
Binaka,60,1.16486,97.70386
Binaka,5.1,1.16486,97.70386
Binaka,5.4,1.16486,97.70386
Binaka,13.1,1.16486,97.70386
Binaka,1,1.16486,97.70386
Binaka,0.4,1.16486,97.70386
Binaka,0,1.16486,97.70386
Binaka,0,1.16486,97.70386
Binaka,51.5,1.16486,97.70386
Binaka,0,1.16486,97.70386
Binaka,22.4,1.16486,97.70386
Binaka,0,1.16486,97.70386
Binaka,0,1.16486,97.70386
Binaka,8,1.16486,97.70386
Binaka,0,1.16486,97.70386
Binaka,0,1.16486,97.70386
Binaka,7.1,1.16486,97.70386
Binaka,4.1,1.16486,97.70386
Binaka,17.4,1.16486,97.70386
Binaka,17.6,1.16486,97.70386
Binaka,0.3,1.16486,97.70386
Binaka,0,1.16486,97.70386
Binaka,0,1.16486,97.70386
Binaka,4.1,1.16486,97.70386
Binaka,26.3,1.16486,97.70386
Binaka,0,1.16486,97.70386
Binaka,7.4,1.16486,97.70386
Binaka,0,1.16486,97.70386
Binaka,2.5,1.16486,97.70386
Binaka,0,1.16486,97.70386
Binaka,17,1.16486,97.70386
Binaka,0,1.16486,97.70386
Binaka,0,1.16486,97.70386
Binaka,0,1.16486,97.70386
Binaka,0,1.16486,97.70386
Binaka,0.2,1.16486,97.70386
Binaka,0,1.16486,97.70386
Binaka,15.4,1.16486,97.70386
Binaka,0,1.16486,97.70386
Binaka,0,1.16486,97.70386
Binaka,0,1.16486,97.70386
Binaka,0,1.16486,97.70386
Binaka,5.7,1.16486,97.70386
Binaka,0,1.16486,97.70386
Binaka,5.5,1.16486,97.70386
Binaka,0.6,1.16486,97.70386
Binaka,6.6,1.16486,97.70386
Binaka,0,1.16486,97.70386
Binaka,0.6,1.16486,97.70386
Binaka,0,1.16486,97.70386
Binaka,0,1.16486,97.70386
Binaka,0,1.16486,97.70386
Binaka,0,1.16486,97.70386
Binaka,0,1.16486,97.70386
Binaka,0,1.16486,97.70386
Binaka,19,1.16486,97.70386
Binaka,12.1,1.16486,97.70386
Binaka,70.2,1.16486,97.70386
Binaka,35.6,1.16486,97.70386
Binaka,0.1,1.16486,97.70386
Binaka,1.6,1.16486,97.70386
Binaka,0,1.16486,97.70386
Binaka,0,1.16486,97.70386
Binaka,7.1,1.16486,97.70386
Binaka,0,1.16486,97.70386
Binaka,0,1.16486,97.70386
Binaka,0,1.16486,97.70386
Binaka,3.6,1.16486,97.70386
Binaka,65.4,1.16486,97.70386
Binaka,0.8,1.16486,97.70386
Binaka,13.4,1.16486,97.70386
Binaka,51.6,1.16486,97.70386
Binaka,3.6,1.16486,97.70386
Binaka,0,1.16486,97.70386
Binaka,1.4,1.16486,97.70386
Binaka,0,1.16486,97.70386
Binaka,0,1.16486,97.70386
Binaka,69.2,1.16486,97.70386
Binaka,0,1.16486,97.70386
Binaka,0,1.16486,97.70386
Binaka,27.6,1.16486,97.70386
Binaka,19.5,1.16486,97.70386
Binaka,0,1.16486,97.70386
Binaka,0,1.16486,97.70386
Binaka,0,1.16486,97.70386
Binaka,0,1.16486,97.70386
Binaka,0,1.16486,97.70386
Binaka,0.3,1.16486,97.70386
Binaka,13.1,1.16486,97.70386
Binaka,23.9,1.16486,97.70386
Binaka,4.1,1.16486,97.70386
Binaka,0,1.16486,97.70386
Binaka,0,1.16486,97.70386
Binaka,1,1.16486,97.70386
Binaka,26,1.16486,97.70386
Binaka,0,1.16486,97.70386
Binaka,0,1.16486,97.70386
Binaka,0,1.16486,97.70386
Binaka,0,1.16486,97.70386
Binaka,0.2,1.16486,97.70386
Binaka,9.5,1.16486,97.70386
Binaka,0,1.16486,97.70386
Binaka,1.6,1.16486,97.70386
Binaka,0.5,1.16486,97.70386
Binaka,2.8,1.16486,97.70386
Binaka,0,1.16486,97.70386
Binaka,1,1.16486,97.70386
Binaka,0.4,1.16486,97.70386
Binaka,52.2,1.16486,97.70386
Binaka,0,1.16486,97.70386
Binaka,8.5,1.16486,97.70386
Binaka,0.7,1.16486,97.70386
Binaka,1.7,1.16486,97.70386
Binaka,41.4,1.16486,97.70386
Binaka,0,1.16486,97.70386
Binaka,1,1.16486,97.70386
Binaka,39.3,1.16486,97.70386
Binaka,1,1.16486,97.70386
Binaka,0.9,1.16486,97.70386
Binaka,0,1.16486,97.70386
Binaka,0,1.16486,97.70386
Binaka,1.6,1.16486,97.70386
Binaka,0,1.16486,97.70386
Binaka,16.6,1.16486,97.70386
Binaka,1.6,1.16486,97.70386
Binaka,12,1.16486,97.70386
Binaka,0,1.16486,97.70386
Binaka,0,1.16486,97.70386
Binaka,0,1.16486,97.70386
Binaka,0.2,1.16486,97.70386
Binaka,8.8,1.16486,97.70386
Binaka,6.8,1.16486,97.70386
Binaka,1.7,1.16486,97.70386
Binaka,0,1.16486,97.70386
Binaka,5.8,1.16486,97.70386
Binaka,12.8,1.16486,97.70386
Binaka,8.7,1.16486,97.70386
Binaka,0,1.16486,97.70386
Binaka,0.6,1.16486,97.70386
Binaka,0,1.16486,97.70386
Binaka,8.7,1.16486,97.70386
Binaka,3,1.16486,97.70386
Binaka,0,1.16486,97.70386
Binaka,1.2,1.16486,97.70386
Binaka,1.9,1.16486,97.70386
Binaka,0.9,1.16486,97.70386
Binaka,0,1.16486,97.70386
Binaka,3.9,1.16486,97.70386
Binaka,1.1,1.16486,97.70386
Binaka,0,1.16486,97.70386
Binaka,0,1.16486,97.70386
Binaka,0.2,1.16486,97.70386
Binaka,76.1,1.16486,97.70386
Binaka,13,1.16486,97.70386
Binaka,7.1,1.16486,97.70386
Binaka,43.2,1.16486,97.70386
Binaka,0,1.16486,97.70386
Binaka,0.6,1.16486,97.70386
Binaka,57.8,1.16486,97.70386
Binaka,9.5,1.16486,97.70386
Binaka,57.3,1.16486,97.70386
Binaka,0,1.16486,97.70386
Binaka,0,1.16486,97.70386
Binaka,7.9,1.16486,97.70386
Binaka,17.5,1.16486,97.70386
Binaka,0,1.16486,97.70386
Binaka,0,1.16486,97.70386
Binaka,9.6,1.16486,97.70386
Binaka,0,1.16486,97.70386
Binaka,29.5,1.16486,97.70386
Binaka,3.4,1.16486,97.70386
Binaka,0,1.16486,97.70386
Binaka,0,1.16486,97.70386
Binaka,1.9,1.16486,97.70386
Binaka,0,1.16486,97.70386
Binaka,10.1,1.16486,97.70386
Binaka,4.6,1.16486,97.70386
Binaka,0,1.16486,97.70386
Binaka,0,1.16486,97.70386
Binaka,2.8,1.16486,97.70386
Binaka,0,1.16486,97.70386
Binaka,3.2,1.16486,97.70386
Binaka,1,1.16486,97.70386
Binaka,13.5,1.16486,97.70386
Binaka,0,1.16486,97.70386
Binaka,0,1.16486,97.70386
Binaka,0,1.16486,97.70386
Binaka,18.4,1.16486,97.70386
Binaka,8.1,1.16486,97.70386
Binaka,0,1.16486,97.70386
Binaka,5.9,1.16486,97.70386
Binaka,1,1.16486,97.70386
Binaka,0,1.16486,97.70386
Binaka,0,1.16486,97.70386
Binaka,0,1.16486,97.70386
Binaka,0,1.16486,97.70386
Binaka,30,1.16486,97.70386
Binaka,0.5,1.16486,97.70386
Binaka,0,1.16486,97.70386
Binaka,7.8,1.16486,97.70386
Binaka,0,1.16486,97.70386
Binaka,3.6,1.16486,97.70386
Binaka,0,1.16486,97.70386
Binaka,0,1.16486,97.70386
Binaka,13.8,1.16486,97.70386
Binaka,11.3,1.16486,97.70386
Binaka,0,1.16486,97.70386
Binaka,0,1.16486,97.70386
Binaka,9.7,1.16486,97.70386
Binaka,5.6,1.16486,97.70386
Binaka,9.9,1.16486,97.70386
Binaka,1.3,1.16486,97.70386
Binaka,0,1.16486,97.70386
Binaka,13.5,1.16486,97.70386
Binaka,0,1.16486,97.70386
Binaka,0,1.16486,97.70386
Binaka,28.8,1.16486,97.70386
Binaka,1,1.16486,97.70386
Binaka,0,1.16486,97.70386
Binaka,0.2,1.16486,97.70386
Binaka,1.4,1.16486,97.70386
Binaka,12.7,1.16486,97.70386
Binaka,0,1.16486,97.70386
Binaka,1.7,1.16486,97.70386
Binaka,1.4,1.16486,97.70386
Binaka,1,1.16486,97.70386
Binaka,15.8,1.16486,97.70386
Binaka,13.5,1.16486,97.70386
Binaka,3.5,1.16486,97.70386
Binaka,3.5,1.16486,97.70386
Binaka,0,1.16486,97.70386
Binaka,0,1.16486,97.70386
Binaka,6.7,1.16486,97.70386
Binaka,4,1.16486,97.70386
Binaka,17.8,1.16486,97.70386
Binaka,3.9,1.16486,97.70386
Binaka,0,1.16486,97.70386
Binaka,0,1.16486,97.70386
Binaka,3.6,1.16486,97.70386
Binaka,10.7,1.16486,97.70386
Binaka,47.4,1.16486,97.70386
Binaka,8.6,1.16486,97.70386
Binaka,7.7,1.16486,97.70386
Binaka,9.1,1.16486,97.70386
Binaka,1.1,1.16486,97.70386
Binaka,0,1.16486,97.70386
Binaka,17.3,1.16486,97.70386
Binaka,0,1.16486,97.70386
Binaka,0,1.16486,97.70386
Binaka,27.7,1.16486,97.70386
Binaka,28,1.16486,97.70386
Binaka,0,1.16486,97.70386
Binaka,0,1.16486,97.70386
Binaka,1.5,1.16486,97.70386
Binaka,3,1.16486,97.70386
Binaka,1.4,1.16486,97.70386
Binaka,0,1.16486,97.70386
Binaka,0.2,1.16486,97.70386
Binaka,0,1.16486,97.70386
Binaka,7.6,1.16486,97.70386
Binaka,23,1.16486,97.70386
Binaka,0,1.16486,97.70386
Binaka,0,1.16486,97.70386
Binaka,7.8,1.16486,97.70386
Binaka,0,1.16486,97.70386
Binaka,0,1.16486,97.70386
Binaka,9.2,1.16486,97.70386
Binaka,6.4,1.16486,97.70386
Binaka,0,1.16486,97.70386
Binaka,0,1.16486,97.70386
Binaka,0,1.16486,97.70386
Binaka,1.5,1.16486,97.70386
Binaka,7.3,1.16486,97.70386
Binaka,4.5,1.16486,97.70386
Binaka,0,1.16486,97.70386
Binaka,42.1,1.16486,97.70386
Binaka,5.8,1.16486,97.70386
Binaka,18.4,1.16486,97.70386
Binaka,13.1,1.16486,97.70386
Binaka,0,1.16486,97.70386
Binaka,16.6,1.16486,97.70386
Binaka,18.1,1.16486,97.70386
Binaka,0,1.16486,97.70386
Binaka,17.9,1.16486,97.70386
Binaka,16.7,1.16486,97.70386
Binaka,36.8,1.16486,97.70386
Binaka,5.9,1.16486,97.70386
Binaka,18.9,1.16486,97.70386
Binaka,0,1.16486,97.70386
Binaka,3.1,1.16486,97.70386
Binaka,1,1.16486,97.70386
Binaka,11.5,1.16486,97.70386
Binaka,3.5,1.16486,97.70386
Binaka,32.8,1.16486,97.70386
Binaka,2.4,1.16486,97.70386
Binaka,16.1,1.16486,97.70386
Binaka,2.1,1.16486,97.70386
Binaka,5.7,1.16486,97.70386
Binaka,8.8,1.16486,97.70386
Binaka,9.1,1.16486,97.70386
Binaka,7.3,1.16486,97.70386
Binaka,15.2,1.16486,97.70386
Binaka,28.1,1.16486,97.70386
Binaka,7.9,1.16486,97.70386
Binaka,0.2,1.16486,97.70386
Binaka,35.5,1.16486,97.70386
Binaka,0,1.16486,97.70386
Binaka,30.3,1.16486,97.70386
Binaka,7.2,1.16486,97.70386
Binaka,3.6,1.16486,97.70386
Binaka,45.4,1.16486,97.70386
Binaka,1.4,1.16486,97.70386
Binaka,30.9,1.16486,97.70386
Binaka,1.5,1.16486,97.70386
Binaka,84.9,1.16486,97.70386
Binaka,0,1.16486,97.70386
Binaka,0.7,1.16486,97.70386
Binaka,0,1.16486,97.70386
Binaka,0.3,1.16486,97.70386
Binaka,29.4,1.16486,97.70386
Binaka,0,1.16486,97.70386
Binaka,2.2,1.16486,97.70386
Binaka,5,1.16486,97.70386
Binaka,8.9,1.16486,97.70386
Binaka,0,1.16486,97.70386
Binaka,3.5,1.16486,97.70386
Binaka,0,1.16486,97.70386
Binaka,15.6,1.16486,97.70386
Binaka,0.2,1.16486,97.70386
Binaka,2.2,1.16486,97.70386
Binaka,13.2,1.16486,97.70386
Binaka,0.3,1.16486,97.70386
Binaka,3,1.16486,97.70386
Binaka,1.1,1.16486,97.70386
Binaka,7.6,1.16486,97.70386
Binaka,5,1.16486,97.70386
Binaka,0,1.16486,97.70386
Binaka,10.3,1.16486,97.70386
Binaka,0,1.16486,97.70386
Binaka,6,1.16486,97.70386
Binaka,69.3,1.16486,97.70386
Binaka,1.6,1.16486,97.70386
Binaka,5.9,1.16486,97.70386
Binaka,14,1.16486,97.70386
Binaka,30.2,1.16486,97.70386
Binaka,42.7,1.16486,97.70386
Binaka,0,1.16486,97.70386
Binaka,27.5,1.16486,97.70386
Binaka,2.5,1.16486,97.70386
Binaka,1,1.16486,97.70386
Binaka,54.3,1.16486,97.70386
Binaka,0,1.16486,97.70386
Binaka,1.7,1.16486,97.70386
Binaka,13.2,1.16486,97.70386
Binaka,0.5,1.16486,97.70386
Binaka,8,1.16486,97.70386
Binaka,1.8,1.16486,97.70386
Binaka,0,1.16486,97.70386
Binaka,0.1,1.16486,97.70386
Binaka,22.2,1.16486,97.70386
Binaka,1,1.16486,97.70386
Binaka,25.5,1.16486,97.70386
Binaka,8.8,1.16486,97.70386
Binaka,6.5,1.16486,97.70386
Binaka,18.8,1.16486,97.70386
Binaka,4.3,1.16486,97.70386
Binaka,0,1.16486,97.70386
Binaka,0,1.16486,97.70386
Binaka,22.7,1.16486,97.70386
Binaka,1.4,1.16486,97.70386
Binaka,11.7,1.16486,97.70386
Binaka,0.7,1.16486,97.70386
Binaka,0,1.16486,97.70386
Binaka,0,1.16486,97.70386
Binaka,0,1.16486,97.70386
Binaka,6,1.16486,97.70386
Binaka,1,1.16486,97.70386
Binaka,2.3,1.16486,97.70386
Binaka,0,1.16486,97.70386
Binaka,37,1.16486,97.70386
Binaka,5.3,1.16486,97.70386
Binaka,0,1.16486,97.70386
Binaka,2.6,1.16486,97.70386
Binaka,0,1.16486,97.70386
Binaka,0,1.16486,97.70386
Binaka,0,1.16486,97.70386
Binaka,0,1.16486,97.70386
Binaka,0,1.16486,97.70386
Binaka,5.1,1.16486,97.70386
Binaka,42.9,1.16486,97.70386
Binaka,0,1.16486,97.70386
Binaka,0,1.16486,97.70386
Binaka,0.7,1.16486,97.70386
Binaka,0,1.16486,97.70386
Binaka,0,1.16486,97.70386
Binaka,0,1.16486,97.70386
Binaka,3,1.16486,97.70386
Binaka,0,1.16486,97.70386
Binaka,0,1.16486,97.70386
Binaka,0,1.16486,97.70386
Binaka,1.6,1.16486,97.70386
Binaka,0,1.16486,97.70386
Binaka,53.9,1.16486,97.70386
Binaka,3.8,1.16486,97.70386
Binaka,0,1.16486,97.70386
Binaka,0,1.16486,97.70386
Binaka,0,1.16486,97.70386
Binaka,7.1,1.16486,97.70386
Binaka,0.6,1.16486,97.70386
Binaka,0,1.16486,97.70386
Binaka,0,1.16486,97.70386
Binaka,11.2,1.16486,97.70386
Binaka,18.4,1.16486,97.70386
Binaka,0,1.16486,97.70386
Binaka,0,1.16486,97.70386
Binaka,0,1.16486,97.70386
Binaka,0,1.16486,97.70386
Binaka,0,1.16486,97.70386
Binaka,1,1.16486,97.70386
Binaka,0,1.16486,97.70386
Binaka,0,1.16486,97.70386
Binaka,0.1,1.16486,97.70386
Binaka,22.5,1.16486,97.70386
Binaka,0,1.16486,97.70386
Binaka,0,1.16486,97.70386
Binaka,0,1.16486,97.70386
Binaka,0,1.16486,97.70386
Binaka,6.3,1.16486,97.70386
Binaka,0,1.16486,97.70386
Binaka,0,1.16486,97.70386
Binaka,0.6,1.16486,97.70386
Binaka,0.8,1.16486,97.70386
Binaka,0,1.16486,97.70386
Binaka,3.7,1.16486,97.70386
Binaka,3.3,1.16486,97.70386
Binaka,0,1.16486,97.70386
Binaka,0,1.16486,97.70386
Binaka,2.2,1.16486,97.70386
Binaka,0,1.16486,97.70386
Binaka,1.7,1.16486,97.70386
Binaka,0,1.16486,97.70386
Binaka,0.8,1.16486,97.70386
Binaka,5.7,1.16486,97.70386
Binaka,1.1,1.16486,97.70386
Binaka,17.6,1.16486,97.70386
Binaka,0,1.16486,97.70386
Binaka,2,1.16486,97.70386
Binaka,0,1.16486,97.70386
Binaka,0.2,1.16486,97.70386
Binaka,2,1.16486,97.70386
Binaka,1,1.16486,97.70386
Binaka,11.7,1.16486,97.70386
Binaka,29,1.16486,97.70386
Binaka,5.7,1.16486,97.70386
Binaka,56.1,1.16486,97.70386
Binaka,6,1.16486,97.70386
Binaka,0,1.16486,97.70386
Binaka,6.2,1.16486,97.70386
Binaka,10.5,1.16486,97.70386
Binaka,32.6,1.16486,97.70386
Binaka,4.8,1.16486,97.70386
Binaka,0,1.16486,97.70386
Binaka,6,1.16486,97.70386
Binaka,2.2,1.16486,97.70386
Binaka,25.1,1.16486,97.70386
Binaka,9.5,1.16486,97.70386
Binaka,16.4,1.16486,97.70386
Binaka,3.6,1.16486,97.70386
Binaka,0,1.16486,97.70386
Binaka,3.9,1.16486,97.70386
Binaka,0.2,1.16486,97.70386
Binaka,1,1.16486,97.70386
Binaka,0.3,1.16486,97.70386
Binaka,1.1,1.16486,97.70386
Binaka,0,1.16486,97.70386
Binaka,0,1.16486,97.70386
Binaka,4,1.16486,97.70386
Binaka,6.2,1.16486,97.70386
Binaka,2,1.16486,97.70386
Binaka,3,1.16486,97.70386
Binaka,1.3,1.16486,97.70386
Binaka,10.9,1.16486,97.70386
Binaka,0,1.16486,97.70386
Binaka,27.3,1.16486,97.70386
Binaka,0,1.16486,97.70386
Binaka,3,1.16486,97.70386
Binaka,0.8,1.16486,97.70386
Binaka,16.2,1.16486,97.70386
Binaka,6.5,1.16486,97.70386
Binaka,0,1.16486,97.70386
Binaka,0,1.16486,97.70386
Binaka,8.4,1.16486,97.70386
Binaka,87.8,1.16486,97.70386
Binaka,9.5,1.16486,97.70386
Binaka,2.6,1.16486,97.70386
Binaka,36.4,1.16486,97.70386
Binaka,0,1.16486,97.70386
Binaka,0.7,1.16486,97.70386
Binaka,23.3,1.16486,97.70386
Binaka,49.2,1.16486,97.70386
Binaka,2.4,1.16486,97.70386
Binaka,9.5,1.16486,97.70386
Binaka,11,1.16486,97.70386
Binaka,0,1.16486,97.70386
Binaka,7.6,1.16486,97.70386
Binaka,0.3,1.16486,97.70386
Binaka,19.1,1.16486,97.70386
Binaka,28.9,1.16486,97.70386
Binaka,0.5,1.16486,97.70386
Binaka,6,1.16486,97.70386
Binaka,0,1.16486,97.70386
Binaka,41,1.16486,97.70386
Binaka,18.5,1.16486,97.70386
Binaka,17.1,1.16486,97.70386
Binaka,20,1.16486,97.70386
Binaka,0.5,1.16486,97.70386
Binaka,0,1.16486,97.70386
Binaka,0,1.16486,97.70386
Binaka,0.2,1.16486,97.70386
Binaka,1.1,1.16486,97.70386
Binaka,0.7,1.16486,97.70386
Binaka,17.9,1.16486,97.70386
Binaka,1.8,1.16486,97.70386
Binaka,0,1.16486,97.70386
Binaka,36.6,1.16486,97.70386
Binaka,0,1.16486,97.70386
Binaka,0,1.16486,97.70386
Binaka,0,1.16486,97.70386
Binaka,8.8,1.16486,97.70386
Binaka,3.9,1.16486,97.70386
Binaka,0.2,1.16486,97.70386
Binaka,14.5,1.16486,97.70386
Binaka,24.2,1.16486,97.70386
Binaka,0,1.16486,97.70386
Binaka,14,1.16486,97.70386
Binaka,8,1.16486,97.70386
Binaka,2.2,1.16486,97.70386
Binaka,0,1.16486,97.70386
Binaka,0,1.16486,97.70386
Binaka,0.3,1.16486,97.70386
Binaka,0,1.16486,97.70386
Binaka,0.4,1.16486,97.70386
Binaka,2.3,1.16486,97.70386
Binaka,0.7,1.16486,97.70386
Binaka,0,1.16486,97.70386
Binaka,0,1.16486,97.70386
Binaka,0.9,1.16486,97.70386
Binaka,28.1,1.16486,97.70386
Binaka,29.8,1.16486,97.70386
Binaka,5,1.16486,97.70386
Binaka,25.9,1.16486,97.70386
Binaka,52.7,1.16486,97.70386
Binaka,5.7,1.16486,97.70386
Binaka,0,1.16486,97.70386
Binaka,0,1.16486,97.70386
Binaka,0,1.16486,97.70386
Binaka,0,1.16486,97.70386
Binaka,1.6,1.16486,97.70386
Binaka,31.3,1.16486,97.70386
Binaka,16,1.16486,97.70386
Binaka,9.3,1.16486,97.70386
Binaka,31.7,1.16486,97.70386
Binaka,4.5,1.16486,97.70386
Binaka,1,1.16486,97.70386
Binaka,14.3,1.16486,97.70386
Binaka,2,1.16486,97.70386
Binaka,9.6,1.16486,97.70386
Binaka,0,1.16486,97.70386
Binaka,0,1.16486,97.70386
Binaka,0,1.16486,97.70386
Binaka,4.5,1.16486,97.70386
Binaka,25.8,1.16486,97.70386
Binaka,0,1.16486,97.70386
Binaka,15.3,1.16486,97.70386
Binaka,6,1.16486,97.70386
Binaka,4.3,1.16486,97.70386
Binaka,0,1.16486,97.70386
Binaka,7.2,1.16486,97.70386
Binaka,0,1.16486,97.70386
Binaka,0.6,1.16486,97.70386
Binaka,12.9,1.16486,97.70386
Binaka,1,1.16486,97.70386
Binaka,0,1.16486,97.70386
Binaka,0,1.16486,97.70386
Binaka,0,1.16486,97.70386
Binaka,4.7,1.16486,97.70386
Binaka,12.7,1.16486,97.70386
Binaka,42.3,1.16486,97.70386
Binaka,1,1.16486,97.70386
Binaka,4.6,1.16486,97.70386
Binaka,1,1.16486,97.70386
Binaka,29.9,1.16486,97.70386
Binaka,0,1.16486,97.70386
Binaka,8.3,1.16486,97.70386
Binaka,0,1.16486,97.70386
Binaka,72,1.16486,97.70386
Binaka,10.5,1.16486,97.70386
Binaka,44.1,1.16486,97.70386
Binaka,2.5,1.16486,97.70386
Binaka,2,1.16486,97.70386
Binaka,5.9,1.16486,97.70386
Binaka,18.4,1.16486,97.70386
Binaka,0,1.16486,97.70386
Binaka,0,1.16486,97.70386
Binaka,2,1.16486,97.70386
Binaka,19.8,1.16486,97.70386
Binaka,24.8,1.16486,97.70386
Binaka,1.4,1.16486,97.70386
Binaka,1.2,1.16486,97.70386
Binaka,56.2,1.16486,97.70386
Binaka,16,1.16486,97.70386
Binaka,18.2,1.16486,97.70386
Binaka,58.1,1.16486,97.70386
Binaka,0.1,1.16486,97.70386
Binaka,8,1.16486,97.70386
Binaka,0,1.16486,97.70386
Binaka,3.7,1.16486,97.70386
Binaka,0.5,1.16486,97.70386
Binaka,1.9,1.16486,97.70386
Binaka,0,1.16486,97.70386
Binaka,2.3,1.16486,97.70386
Binaka,4.4,1.16486,97.70386
Binaka,27.1,1.16486,97.70386
Binaka,0,1.16486,97.70386
Binaka,0.6,1.16486,97.70386
Binaka,0,1.16486,97.70386
Binaka,21.2,1.16486,97.70386
Binaka,17.6,1.16486,97.70386
Binaka,0,1.16486,97.70386
Binaka,19.9,1.16486,97.70386
Binaka,15.6,1.16486,97.70386
Binaka,11.5,1.16486,97.70386
Binaka,5.2,1.16486,97.70386
Binaka,23.1,1.16486,97.70386
Binaka,15.7,1.16486,97.70386
Binaka,16.9,1.16486,97.70386
Binaka,9.1,1.16486,97.70386
Binaka,3.5,1.16486,97.70386
Binaka,31.9,1.16486,97.70386
Binaka,3.5,1.16486,97.70386
Binaka,8.2,1.16486,97.70386
Binaka,11.4,1.16486,97.70386
Binaka,16.5,1.16486,97.70386
Binaka,1.8,1.16486,97.70386
Binaka,64.3,1.16486,97.70386
Binaka,7.9,1.16486,97.70386
Binaka,1,1.16486,97.70386
Binaka,2,1.16486,97.70386
Binaka,2.5,1.16486,97.70386
Binaka,1.4,1.16486,97.70386
Binaka,24.5,1.16486,97.70386
Binaka,0,1.16486,97.70386
Binaka,22,1.16486,97.70386
Binaka,0,1.16486,97.70386
Binaka,1.2,1.16486,97.70386
Binaka,38.2,1.16486,97.70386
Binaka,3.8,1.16486,97.70386
Binaka,16.3,1.16486,97.70386
Binaka,6.2,1.16486,97.70386
Binaka,49,1.16486,97.70386
Binaka,1,1.16486,97.70386
Binaka,0,1.16486,97.70386
Binaka,17.6,1.16486,97.70386
Binaka,16.3,1.16486,97.70386
Binaka,21.7,1.16486,97.70386
Binaka,0,1.16486,97.70386
Binaka,7.7,1.16486,97.70386
Binaka,0,1.16486,97.70386
Binaka,18.7,1.16486,97.70386
Binaka,1,1.16486,97.70386
Binaka,2.9,1.16486,97.70386
Binaka,12.6,1.16486,97.70386
Binaka,0,1.16486,97.70386
Binaka,7.6,1.16486,97.70386
Binaka,2.9,1.16486,97.70386
Binaka,74.1,1.16486,97.70386
Binaka,1.7,1.16486,97.70386
Binaka,3.8,1.16486,97.70386
Binaka,20.7,1.16486,97.70386
Binaka,5,1.16486,97.70386
Binaka,0,1.16486,97.70386
Binaka,17.1,1.16486,97.70386
Binaka,10.2,1.16486,97.70386
Binaka,0,1.16486,97.70386
Binaka,4,1.16486,97.70386
Binaka,3.8,1.16486,97.70386
Binaka,38.4,1.16486,97.70386
Binaka,3.1,1.16486,97.70386
Binaka,1,1.16486,97.70386
Binaka,0.2,1.16486,97.70386
Binaka,10.2,1.16486,97.70386
Binaka,29.9,1.16486,97.70386
Binaka,2.4,1.16486,97.70386
Binaka,0,1.16486,97.70386
Binaka,9.5,1.16486,97.70386
Binaka,22.5,1.16486,97.70386
Binaka,0.8,1.16486,97.70386
Binaka,4.3,1.16486,97.70386
Binaka,20.6,1.16486,97.70386
Binaka,15.6,1.16486,97.70386
Binaka,0,1.16486,97.70386
Binaka,14.7,1.16486,97.70386
Binaka,5.5,1.16486,97.70386
Binaka,9.5,1.16486,97.70386
Binaka,0,1.16486,97.70386
Binaka,10.4,1.16486,97.70386
Binaka,0.6,1.16486,97.70386
Binaka,0,1.16486,97.70386
Binaka,0,1.16486,97.70386
Binaka,0,1.16486,97.70386
Binaka,29.2,1.16486,97.70386
Binaka,10,1.16486,97.70386
Binaka,28.4,1.16486,97.70386
Binaka,1.5,1.16486,97.70386
Binaka,0,1.16486,97.70386
Binaka,1.2,1.16486,97.70386
Binaka,0,1.16486,97.70386
Binaka,1.5,1.16486,97.70386
Binaka,15.8,1.16486,97.70386
Binaka,27,1.16486,97.70386
Binaka,10.8,1.16486,97.70386
Binaka,9.4,1.16486,97.70386
Binaka,11.8,1.16486,97.70386
Binaka,15.2,1.16486,97.70386
Binaka,28.7,1.16486,97.70386
Binaka,8.4,1.16486,97.70386
Binaka,0.2,1.16486,97.70386
Binaka,0.9,1.16486,97.70386
Binaka,2,1.16486,97.70386
Binaka,12,1.16486,97.70386
Binaka,22.4,1.16486,97.70386
Binaka,5.3,1.16486,97.70386
Binaka,2,1.16486,97.70386
Binaka,0,1.16486,97.70386
Binaka,0,1.16486,97.70386
Binaka,0,1.16486,97.70386
Binaka,48.3,1.16486,97.70386
Binaka,0,1.16486,97.70386
Binaka,2.8,1.16486,97.70386
Binaka,39.3,1.16486,97.70386
Binaka,25.3,1.16486,97.70386
Binaka,0,1.16486,97.70386
Binaka,0,1.16486,97.70386
Binaka,0,1.16486,97.70386
Binaka,2.8,1.16486,97.70386
Binaka,0.8,1.16486,97.70386
Binaka,3,1.16486,97.70386
Binaka,63,1.16486,97.70386
Binaka,3.9,1.16486,97.70386
Binaka,9.9,1.16486,97.70386
Binaka,12.8,1.16486,97.70386
Binaka,0,1.16486,97.70386
Binaka,5,1.16486,97.70386
Binaka,0,1.16486,97.70386
Binaka,1,1.16486,97.70386
Binaka,0,1.16486,97.70386
Binaka,9.6,1.16486,97.70386
Binaka,0,1.16486,97.70386
Binaka,0,1.16486,97.70386
Binaka,0,1.16486,97.70386
Binaka,19.8,1.16486,97.70386
Binaka,0.5,1.16486,97.70386
Binaka,0,1.16486,97.70386
Binaka,1,1.16486,97.70386
Binaka,0,1.16486,97.70386
Binaka,0.5,1.16486,97.70386
Binaka,14.9,1.16486,97.70386
Binaka,0.4,1.16486,97.70386
Binaka,0.5,1.16486,97.70386
Binaka,0,1.16486,97.70386
Binaka,0,1.16486,97.70386
Binaka,12,1.16486,97.70386
Binaka,0,1.16486,97.70386
Binaka,34.2,1.16486,97.70386
Binaka,0,1.16486,97.70386
Binaka,0,1.16486,97.70386
Binaka,0.5,1.16486,97.70386
Binaka,0,1.16486,97.70386
Binaka,7.6,1.16486,97.70386
Binaka,0,1.16486,97.70386
Binaka,0.8,1.16486,97.70386
Binaka,16.5,1.16486,97.70386
Binaka,0,1.16486,97.70386
Binaka,0,1.16486,97.70386
Binaka,0,1.16486,97.70386
Binaka,0,1.16486,97.70386
Binaka,3,1.16486,97.70386
Binaka,0.2,1.16486,97.70386
Binaka,0,1.16486,97.70386
Binaka,12.7,1.16486,97.70386
Binaka,0.3,1.16486,97.70386
Binaka,0,1.16486,97.70386
Binaka,4,1.16486,97.70386
Binaka,46,1.16486,97.70386
Binaka,3.5,1.16486,97.70386
Binaka,34.5,1.16486,97.70386
Binaka,109.2,1.16486,97.70386
Binaka,1.1,1.16486,97.70386
Binaka,0,1.16486,97.70386
Binaka,0,1.16486,97.70386
Binaka,2.8,1.16486,97.70386
Binaka,0,1.16486,97.70386
Binaka,9.4,1.16486,97.70386
Binaka,21,1.16486,97.70386
Binaka,13,1.16486,97.70386
Binaka,0,1.16486,97.70386
Binaka,0,1.16486,97.70386
Binaka,14.9,1.16486,97.70386
Binaka,0,1.16486,97.70386
Binaka,22.4,1.16486,97.70386
Binaka,4.4,1.16486,97.70386
Binaka,21.6,1.16486,97.70386
Binaka,4,1.16486,97.70386
Binaka,0,1.16486,97.70386
Binaka,32.8,1.16486,97.70386
Binaka,33.3,1.16486,97.70386
Binaka,0,1.16486,97.70386
Binaka,25.4,1.16486,97.70386
Binaka,0,1.16486,97.70386
Binaka,44,1.16486,97.70386
Binaka,4,1.16486,97.70386
Binaka,0,1.16486,97.70386
Binaka,4.9,1.16486,97.70386
Binaka,0,1.16486,97.70386
Binaka,0.5,1.16486,97.70386
Binaka,3.5,1.16486,97.70386
Binaka,20,1.16486,97.70386
Binaka,0,1.16486,97.70386
Binaka,1.5,1.16486,97.70386
Binaka,0,1.16486,97.70386
Binaka,1.5,1.16486,97.70386
Binaka,3.2,1.16486,97.70386
Binaka,0,1.16486,97.70386
Binaka,2.5,1.16486,97.70386
Binaka,11.1,1.16486,97.70386
Binaka,57.7,1.16486,97.70386
Binaka,0,1.16486,97.70386
Binaka,13.3,1.16486,97.70386
Binaka,45.8,1.16486,97.70386
Binaka,11.9,1.16486,97.70386
Binaka,1.4,1.16486,97.70386
Binaka,0,1.16486,97.70386
Binaka,0,1.16486,97.70386
Binaka,0.8,1.16486,97.70386
Binaka,13.2,1.16486,97.70386
Binaka,0,1.16486,97.70386
Binaka,11.2,1.16486,97.70386
Binaka,0,1.16486,97.70386
Binaka,2,1.16486,97.70386
Binaka,6.8,1.16486,97.70386
Binaka,4.5,1.16486,97.70386
Binaka,0,1.16486,97.70386
Binaka,0,1.16486,97.70386
Binaka,0.4,1.16486,97.70386
Binaka,0,1.16486,97.70386
Binaka,7.3,1.16486,97.70386
Binaka,0,1.16486,97.70386
Binaka,0.3,1.16486,97.70386
Binaka,0,1.16486,97.70386
Binaka,0,1.16486,97.70386
Binaka,0,1.16486,97.70386
Binaka,0,1.16486,97.70386
Binaka,1,1.16486,97.70386
Binaka,0,1.16486,97.70386
Binaka,18.7,1.16486,97.70386
Binaka,0,1.16486,97.70386
Binaka,31.2,1.16486,97.70386
Binaka,8.5,1.16486,97.70386
Binaka,0.8,1.16486,97.70386
Binaka,0,1.16486,97.70386
Binaka,22.9,1.16486,97.70386
Binaka,0,1.16486,97.70386
Binaka,1.5,1.16486,97.70386
Binaka,22.5,1.16486,97.70386
Binaka,5.6,1.16486,97.70386
Binaka,2.7,1.16486,97.70386
Binaka,1,1.16486,97.70386
Binaka,3,1.16486,97.70386
Binaka,11.5,1.16486,97.70386
Binaka,0.3,1.16486,97.70386
Binaka,0.3,1.16486,97.70386
Binaka,0,1.16486,97.70386
Binaka,36.9,1.16486,97.70386
Binaka,12,1.16486,97.70386
Binaka,0,1.16486,97.70386
Binaka,0,1.16486,97.70386
Binaka,0.8,1.16486,97.70386
Binaka,2.8,1.16486,97.70386
Binaka,0.7,1.16486,97.70386
Binaka,2.4,1.16486,97.70386
Binaka,0,1.16486,97.70386
Binaka,9,1.16486,97.70386
Binaka,1,1.16486,97.70386
Binaka,11.4,1.16486,97.70386
Binaka,0,1.16486,97.70386
Binaka,1.7,1.16486,97.70386
Binaka,0,1.16486,97.70386
Binaka,4.5,1.16486,97.70386
Binaka,0,1.16486,97.70386
Binaka,0,1.16486,97.70386
Binaka,12.1,1.16486,97.70386
Binaka,0,1.16486,97.70386
Binaka,22.2,1.16486,97.70386
Binaka,0,1.16486,97.70386
Binaka,12.6,1.16486,97.70386
Binaka,43.6,1.16486,97.70386
Binaka,0,1.16486,97.70386
Binaka,5.2,1.16486,97.70386
Binaka,14.5,1.16486,97.70386
Binaka,0,1.16486,97.70386
Binaka,30.2,1.16486,97.70386
Binaka,0.1,1.16486,97.70386
Binaka,28.9,1.16486,97.70386
Binaka,0,1.16486,97.70386
Binaka,0,1.16486,97.70386
Binaka,0.6,1.16486,97.70386
Binaka,0.8,1.16486,97.70386
Binaka,3.3,1.16486,97.70386
Binaka,26.8,1.16486,97.70386
Binaka,0,1.16486,97.70386
Binaka,3.1,1.16486,97.70386
Binaka,0,1.16486,97.70386
Binaka,0,1.16486,97.70386
Binaka,0,1.16486,97.70386
Binaka,0,1.16486,97.70386
Binaka,4.7,1.16486,97.70386
Binaka,0,1.16486,97.70386
Binaka,81.9,1.16486,97.70386
Binaka,0,1.16486,97.70386
Binaka,2.3,1.16486,97.70386
Binaka,10.6,1.16486,97.70386
Binaka,0,1.16486,97.70386
Binaka,1,1.16486,97.70386
Binaka,0,1.16486,97.70386
Binaka,6,1.16486,97.70386
Binaka,0.2,1.16486,97.70386
Binaka,21.1,1.16486,97.70386
Binaka,0,1.16486,97.70386
Binaka,0,1.16486,97.70386
Binaka,15.5,1.16486,97.70386
Binaka,1.5,1.16486,97.70386
Binaka,0,1.16486,97.70386
Binaka,0,1.16486,97.70386
Binaka,0.3,1.16486,97.70386
Binaka,11,1.16486,97.70386
Binaka,0,1.16486,97.70386
Binaka,45,1.16486,97.70386
Binaka,4.8,1.16486,97.70386
Binaka,9.6,1.16486,97.70386
Binaka,0,1.16486,97.70386
Binaka,1.4,1.16486,97.70386
Binaka,0,1.16486,97.70386
Binaka,6.9,1.16486,97.70386
Binaka,22.2,1.16486,97.70386
Binaka,0.9,1.16486,97.70386
Binaka,25.8,1.16486,97.70386
Binaka,2,1.16486,97.70386
Binaka,10,1.16486,97.70386
Binaka,15.9,1.16486,97.70386
Binaka,18.2,1.16486,97.70386
Binaka,6,1.16486,97.70386
Binaka,0,1.16486,97.70386
Binaka,5.3,1.16486,97.70386
Binaka,22.2,1.16486,97.70386
Binaka,1.2,1.16486,97.70386
Binaka,0,1.16486,97.70386
Binaka,15,1.16486,97.70386
Binaka,6.1,1.16486,97.70386
Binaka,1.4,1.16486,97.70386
Binaka,4.4,1.16486,97.70386
Binaka,0.4,1.16486,97.70386
Binaka,8,1.16486,97.70386
Binaka,21.8,1.16486,97.70386
Binaka,83,1.16486,97.70386
Binaka,1,1.16486,97.70386
Binaka,0,1.16486,97.70386
Binaka,22.9,1.16486,97.70386
Binaka,1.3,1.16486,97.70386
Binaka,27.8,1.16486,97.70386
Binaka,1,1.16486,97.70386
Binaka,0,1.16486,97.70386
Binaka,4.5,1.16486,97.70386
Binaka,93,1.16486,97.70386
Binaka,3.3,1.16486,97.70386
Binaka,0,1.16486,97.70386
Binaka,0,1.16486,97.70386
Binaka,0.8,1.16486,97.70386
Binaka,0.2,1.16486,97.70386
Binaka,0,1.16486,97.70386
Binaka,13.5,1.16486,97.70386
Binaka,82.8,1.16486,97.70386
Binaka,0,1.16486,97.70386
Binaka,0,1.16486,97.70386
Binaka,2,1.16486,97.70386
Binaka,4.2,1.16486,97.70386
Binaka,1.5,1.16486,97.70386
Binaka,24.2,1.16486,97.70386
Binaka,78.6,1.16486,97.70386
Binaka,15.5,1.16486,97.70386
Binaka,3.5,1.16486,97.70386
Binaka,1,1.16486,97.70386
Binaka,0,1.16486,97.70386
Binaka,0.5,1.16486,97.70386
Binaka,2.4,1.16486,97.70386
Binaka,0,1.16486,97.70386
Binaka,1,1.16486,97.70386
Binaka,17.8,1.16486,97.70386
Binaka,11.1,1.16486,97.70386
Binaka,27.7,1.16486,97.70386
Binaka,2.9,1.16486,97.70386
Binaka,0,1.16486,97.70386
Binaka,6,1.16486,97.70386
Binaka,7,1.16486,97.70386
Binaka,44.2,1.16486,97.70386
Binaka,0,1.16486,97.70386
Binaka,2,1.16486,97.70386
Binaka,0.2,1.16486,97.70386
Binaka,5.7,1.16486,97.70386
Binaka,40.5,1.16486,97.70386
Binaka,2.6,1.16486,97.70386
Binaka,0,1.16486,97.70386
Binaka,0.1,1.16486,97.70386
Binaka,16.8,1.16486,97.70386
Binaka,8,1.16486,97.70386
Binaka,0,1.16486,97.70386
Binaka,0,1.16486,97.70386
Binaka,0,1.16486,97.70386
Binaka,15.5,1.16486,97.70386
Binaka,19.3,1.16486,97.70386
Binaka,5,1.16486,97.70386
Binaka,0,1.16486,97.70386
Binaka,14.8,1.16486,97.70386
Binaka,6.1,1.16486,97.70386
Binaka,11.7,1.16486,97.70386
Binaka,12,1.16486,97.70386
Binaka,0,1.16486,97.70386
Binaka,0.5,1.16486,97.70386
Binaka,5.3,1.16486,97.70386
Binaka,0.8,1.16486,97.70386
Binaka,6,1.16486,97.70386
Binaka,9.7,1.16486,97.70386
Binaka,4.4,1.16486,97.70386
Binaka,7,1.16486,97.70386
Binaka,5.1,1.16486,97.70386
Binaka,0.2,1.16486,97.70386
Binaka,25.4,1.16486,97.70386
Binaka,20.7,1.16486,97.70386
Binaka,61.4,1.16486,97.70386
Binaka,1.8,1.16486,97.70386
Binaka,0.7,1.16486,97.70386
Binaka,0.5,1.16486,97.70386
Binaka,3.9,1.16486,97.70386
Binaka,1.3,1.16486,97.70386
Binaka,0,1.16486,97.70386
Binaka,6.4,1.16486,97.70386
Binaka,35.6,1.16486,97.70386
Binaka,75.9,1.16486,97.70386
Binaka,44.4,1.16486,97.70386
Binaka,9.3,1.16486,97.70386
Binaka,39,1.16486,97.70386
Binaka,8.4,1.16486,97.70386
Binaka,0,1.16486,97.70386
Binaka,3,1.16486,97.70386
Binaka,28.5,1.16486,97.70386
Binaka,17.7,1.16486,97.70386
Binaka,53.6,1.16486,97.70386
Binaka,0.5,1.16486,97.70386
Binaka,0,1.16486,97.70386
Binaka,1.8,1.16486,97.70386
Binaka,0,1.16486,97.70386
Binaka,1.6,1.16486,97.70386
Binaka,0,1.16486,97.70386
Binaka,0.8,1.16486,97.70386
Binaka,44.7,1.16486,97.70386
Binaka,0,1.16486,97.70386
Binaka,3.5,1.16486,97.70386
Binaka,47.7,1.16486,97.70386
Binaka,3.6,1.16486,97.70386
Binaka,0,1.16486,97.70386
Binaka,0,1.16486,97.70386
Binaka,0,1.16486,97.70386
Binaka,10,1.16486,97.70386
Binaka,136,1.16486,97.70386
Binaka,13.7,1.16486,97.70386
Binaka,8,1.16486,97.70386
Binaka,4.3,1.16486,97.70386
Binaka,27.2,1.16486,97.70386
Binaka,2.5,1.16486,97.70386
Binaka,0.5,1.16486,97.70386
Binaka,2.5,1.16486,97.70386
Binaka,2.5,1.16486,97.70386
Binaka,7.8,1.16486,97.70386
Binaka,4,1.16486,97.70386
Binaka,0,1.16486,97.70386
Binaka,0,1.16486,97.70386
Binaka,0,1.16486,97.70386
Binaka,0,1.16486,97.70386
Binaka,2.5,1.16486,97.70386
Binaka,0,1.16486,97.70386
Binaka,6.5,1.16486,97.70386
Binaka,0,1.16486,97.70386
Binaka,3.5,1.16486,97.70386
Binaka,0.5,1.16486,97.70386
Binaka,0,1.16486,97.70386
Binaka,0.9,1.16486,97.70386
Binaka,42.3,1.16486,97.70386
Binaka,22.9,1.16486,97.70386
Binaka,1.5,1.16486,97.70386
Binaka,0,1.16486,97.70386
Binaka,0,1.16486,97.70386
Binaka,0,1.16486,97.70386
Binaka,37,1.16486,97.70386
Binaka,0,1.16486,97.70386
Binaka,0,1.16486,97.70386
Binaka,0,1.16486,97.70386
Binaka,35.9,1.16486,97.70386
Binaka,1.5,1.16486,97.70386
Binaka,0,1.16486,97.70386
Binaka,15.7,1.16486,97.70386
Binaka,0,1.16486,97.70386
Binaka,0,1.16486,97.70386
Binaka,33.8,1.16486,97.70386
Binaka,0,1.16486,97.70386
Binaka,0.2,1.16486,97.70386
Binaka,2.2,1.16486,97.70386
Binaka,100.4,1.16486,97.70386
Binaka,14.5,1.16486,97.70386
Binaka,1.6,1.16486,97.70386
Binaka,0.4,1.16486,97.70386
Binaka,0,1.16486,97.70386
Binaka,3.7,1.16486,97.70386
Binaka,10.4,1.16486,97.70386
Binaka,0,1.16486,97.70386
Binaka,0,1.16486,97.70386
Binaka,0,1.16486,97.70386
Binaka,0,1.16486,97.70386
Binaka,0,1.16486,97.70386
Binaka,4.3,1.16486,97.70386
Binaka,0,1.16486,97.70386
Binaka,17,1.16486,97.70386
Binaka,3.4,1.16486,97.70386
Binaka,0.5,1.16486,97.70386
Binaka,0,1.16486,97.70386
Binaka,7.6,1.16486,97.70386
Binaka,0,1.16486,97.70386
Binaka,0,1.16486,97.70386
Binaka,3.6,1.16486,97.70386
Binaka,0.5,1.16486,97.70386
Binaka,6.8,1.16486,97.70386
Binaka,18.8,1.16486,97.70386
Binaka,11.7,1.16486,97.70386
Binaka,0,1.16486,97.70386
Binaka,0,1.16486,97.70386
Binaka,3.1,1.16486,97.70386
Binaka,5.5,1.16486,97.70386
Binaka,0.3,1.16486,97.70386
Binaka,13.3,1.16486,97.70386
Binaka,0,1.16486,97.70386
Binaka,0.9,1.16486,97.70386
Binaka,0,1.16486,97.70386
Binaka,12.3,1.16486,97.70386
Binaka,50.3,1.16486,97.70386
Binaka,22.1,1.16486,97.70386
Binaka,0,1.16486,97.70386
Binaka,14.7,1.16486,97.70386
Binaka,17.2,1.16486,97.70386
Binaka,0,1.16486,97.70386
Binaka,1.4,1.16486,97.70386
Binaka,0,1.16486,97.70386
Binaka,5.3,1.16486,97.70386
Binaka,11.5,1.16486,97.70386
Binaka,9.1,1.16486,97.70386
Binaka,12.3,1.16486,97.70386
Binaka,4.9,1.16486,97.70386
Binaka,7.4,1.16486,97.70386
Binaka,13.6,1.16486,97.70386
Binaka,1.8,1.16486,97.70386
Binaka,42.8,1.16486,97.70386
Binaka,0,1.16486,97.70386
Binaka,16.7,1.16486,97.70386
Binaka,0.5,1.16486,97.70386
Binaka,5.9,1.16486,97.70386
Binaka,0,1.16486,97.70386
Binaka,1.3,1.16486,97.70386
Binaka,0,1.16486,97.70386
Binaka,25.1,1.16486,97.70386
Binaka,0.5,1.16486,97.70386
Binaka,2.5,1.16486,97.70386
Binaka,3.3,1.16486,97.70386
Binaka,15.3,1.16486,97.70386
Binaka,0,1.16486,97.70386
Binaka,0,1.16486,97.70386
Binaka,1.2,1.16486,97.70386
Binaka,0,1.16486,97.70386
Binaka,2.5,1.16486,97.70386
Binaka,0,1.16486,97.70386
Binaka,27.6,1.16486,97.70386
Binaka,29.5,1.16486,97.70386
Binaka,0,1.16486,97.70386
Binaka,1,1.16486,97.70386
Binaka,0,1.16486,97.70386
Binaka,1.5,1.16486,97.70386
Binaka,24.2,1.16486,97.70386
Binaka,0.4,1.16486,97.70386
Binaka,21,1.16486,97.70386
Binaka,0,1.16486,97.70386
Binaka,54.7,1.16486,97.70386
Binaka,1.1,1.16486,97.70386
Binaka,0,1.16486,97.70386
Binaka,0,1.16486,97.70386
Binaka,1,1.16486,97.70386
Binaka,0,1.16486,97.70386
Binaka,5.8,1.16486,97.70386
Binaka,0,1.16486,97.70386
Binaka,31.4,1.16486,97.70386
Binaka,0,1.16486,97.70386
Binaka,0,1.16486,97.70386
Binaka,0,1.16486,97.70386
Binaka,12.7,1.16486,97.70386
Binaka,8.9,1.16486,97.70386
Binaka,21.7,1.16486,97.70386
Binaka,0,1.16486,97.70386
Binaka,0,1.16486,97.70386
Binaka,0,1.16486,97.70386
Binaka,4,1.16486,97.70386
Binaka,0,1.16486,97.70386
Binaka,2.6,1.16486,97.70386
Binaka,0,1.16486,97.70386
Binaka,41.7,1.16486,97.70386
Binaka,15.3,1.16486,97.70386
Binaka,0,1.16486,97.70386
Binaka,0,1.16486,97.70386
Binaka,2.6,1.16486,97.70386
Binaka,46.6,1.16486,97.70386
Binaka,6.8,1.16486,97.70386
Binaka,65.3,1.16486,97.70386
Binaka,0,1.16486,97.70386
Binaka,0.5,1.16486,97.70386
Binaka,0,1.16486,97.70386
Binaka,0,1.16486,97.70386
Binaka,7.7,1.16486,97.70386
Binaka,9.3,1.16486,97.70386
Binaka,0,1.16486,97.70386
Binaka,1,1.16486,97.70386
Binaka,51,1.16486,97.70386
Binaka,0.6,1.16486,97.70386
Binaka,1,1.16486,97.70386
Binaka,0,1.16486,97.70386
Binaka,0.1,1.16486,97.70386
Binaka,0,1.16486,97.70386
Binaka,9,1.16486,97.70386
Binaka,46.1,1.16486,97.70386
Binaka,0,1.16486,97.70386
Binaka,5.1,1.16486,97.70386
Binaka,20.9,1.16486,97.70386
Binaka,2,1.16486,97.70386
Binaka,5.2,1.16486,97.70386
Binaka,17.3,1.16486,97.70386
Binaka,0.1,1.16486,97.70386
Binaka,30.3,1.16486,97.70386
Binaka,2,1.16486,97.70386
Binaka,0,1.16486,97.70386
Binaka,0,1.16486,97.70386
Binaka,27.6,1.16486,97.70386
Binaka,0.5,1.16486,97.70386
Binaka,28.6,1.16486,97.70386
Binaka,10.5,1.16486,97.70386
Binaka,10.7,1.16486,97.70386
Binaka,46,1.16486,97.70386
Binaka,0,1.16486,97.70386
Binaka,23.5,1.16486,97.70386
Binaka,4.3,1.16486,97.70386
Binaka,0,1.16486,97.70386
Binaka,0,1.16486,97.70386
Binaka,35.1,1.16486,97.70386
Binaka,0,1.16486,97.70386
Binaka,3.6,1.16486,97.70386
Binaka,0.6,1.16486,97.70386
Binaka,0,1.16486,97.70386
Binaka,7.6,1.16486,97.70386
Binaka,51.2,1.16486,97.70386
Binaka,0,1.16486,97.70386
Binaka,0,1.16486,97.70386
Binaka,13.5,1.16486,97.70386
Binaka,50.4,1.16486,97.70386
Binaka,44.5,1.16486,97.70386
Binaka,0,1.16486,97.70386
Binaka,0.2,1.16486,97.70386
Binaka,17.4,1.16486,97.70386
Binaka,0,1.16486,97.70386
Binaka,5.9,1.16486,97.70386
Binaka,0,1.16486,97.70386
Binaka,4.4,1.16486,97.70386
Binaka,0,1.16486,97.70386
Binaka,0,1.16486,97.70386
Binaka,20.8,1.16486,97.70386
Binaka,0,1.16486,97.70386
Binaka,8.5,1.16486,97.70386
Binaka,2.3,1.16486,97.70386
Binaka,27.5,1.16486,97.70386
Binaka,0.3,1.16486,97.70386
Binaka,0,1.16486,97.70386
Binaka,5.6,1.16486,97.70386
Binaka,7.5,1.16486,97.70386
Binaka,0,1.16486,97.70386
Binaka,39.5,1.16486,97.70386
Binaka,4.6,1.16486,97.70386
Binaka,14.7,1.16486,97.70386
Binaka,23.8,1.16486,97.70386
Binaka,0,1.16486,97.70386
Binaka,0,1.16486,97.70386
Binaka,1,1.16486,97.70386
Binaka,16.8,1.16486,97.70386
Binaka,16.2,1.16486,97.70386
Binaka,4,1.16486,97.70386
Binaka,6.5,1.16486,97.70386
Binaka,0,1.16486,97.70386
Binaka,0,1.16486,97.70386
Binaka,0,1.16486,97.70386
Binaka,11.1,1.16486,97.70386
Binaka,29.5,1.16486,97.70386
Binaka,0,1.16486,97.70386
Binaka,0,1.16486,97.70386
Binaka,0,1.16486,97.70386
Binaka,0,1.16486,97.70386
Binaka,17,1.16486,97.70386
Binaka,38,1.16486,97.70386
Binaka,16.4,1.16486,97.70386
Binaka,5.4,1.16486,97.70386
Binaka,5.1,1.16486,97.70386
Binaka,0,1.16486,97.70386
Binaka,1,1.16486,97.70386
Binaka,0,1.16486,97.70386
Binaka,6.2,1.16486,97.70386
Binaka,13.1,1.16486,97.70386
Binaka,1.9,1.16486,97.70386
Binaka,0,1.16486,97.70386
Binaka,3,1.16486,97.70386
Binaka,3,1.16486,97.70386
Binaka,2,1.16486,97.70386
Binaka,0,1.16486,97.70386
Binaka,39.1,1.16486,97.70386
Binaka,6.3,1.16486,97.70386
Binaka,33.4,1.16486,97.70386
Binaka,0,1.16486,97.70386
Binaka,0,1.16486,97.70386
Binaka,4.2,1.16486,97.70386
Binaka,0,1.16486,97.70386
Binaka,29.6,1.16486,97.70386
Binaka,0,1.16486,97.70386
Binaka,1.3,1.16486,97.70386
Binaka,2.9,1.16486,97.70386
Binaka,0,1.16486,97.70386
Binaka,0,1.16486,97.70386
Binaka,0.4,1.16486,97.70386
Binaka,0.1,1.16486,97.70386
Binaka,8.5,1.16486,97.70386
Binaka,13,1.16486,97.70386
Binaka,103.3,1.16486,97.70386
Binaka,16.5,1.16486,97.70386
Binaka,29.5,1.16486,97.70386
Binaka,1.7,1.16486,97.70386
Binaka,6,1.16486,97.70386
Binaka,0,1.16486,97.70386
Binaka,0,1.16486,97.70386
Binaka,0,1.16486,97.70386
Binaka,0,1.16486,97.70386
Binaka,23.4,1.16486,97.70386
Binaka,25.6,1.16486,97.70386
Binaka,15.4,1.16486,97.70386
Binaka,19.2,1.16486,97.70386
Binaka,17.5,1.16486,97.70386
Binaka,1.1,1.16486,97.70386
Binaka,32.3,1.16486,97.70386
Binaka,16.6,1.16486,97.70386
Binaka,3.9,1.16486,97.70386
Binaka,1,1.16486,97.70386
Binaka,1,1.16486,97.70386
Binaka,31.3,1.16486,97.70386
Binaka,21.5,1.16486,97.70386
Binaka,36.9,1.16486,97.70386
Binaka,6.3,1.16486,97.70386
Binaka,0,1.16486,97.70386
Binaka,15.8,1.16486,97.70386
Binaka,8.1,1.16486,97.70386
Binaka,0,1.16486,97.70386
Binaka,14.7,1.16486,97.70386
Binaka,13.4,1.16486,97.70386
Binaka,10,1.16486,97.70386
Binaka,28.4,1.16486,97.70386
Binaka,0,1.16486,97.70386
Binaka,23.7,1.16486,97.70386
Binaka,0,1.16486,97.70386
Binaka,4.6,1.16486,97.70386
Binaka,4.3,1.16486,97.70386
Binaka,0,1.16486,97.70386
Binaka,0.6,1.16486,97.70386
Binaka,1.5,1.16486,97.70386
Binaka,0,1.16486,97.70386
Binaka,0,1.16486,97.70386
Binaka,28.9,1.16486,97.70386
Binaka,8.6,1.16486,97.70386
Binaka,14.9,1.16486,97.70386
Binaka,23.5,1.16486,97.70386
Binaka,29.5,1.16486,97.70386
Binaka,1,1.16486,97.70386
Binaka,9,1.16486,97.70386
Binaka,12.6,1.16486,97.70386
Binaka,27.3,1.16486,97.70386
Binaka,5.6,1.16486,97.70386
Binaka,19,1.16486,97.70386
Binaka,0,1.16486,97.70386
Binaka,7.1,1.16486,97.70386
Binaka,25.1,1.16486,97.70386
Binaka,0,1.16486,97.70386
Binaka,7.4,1.16486,97.70386
Binaka,24.1,1.16486,97.70386
Binaka,17,1.16486,97.70386
Binaka,0.9,1.16486,97.70386
Binaka,63.6,1.16486,97.70386
Binaka,10.4,1.16486,97.70386
Binaka,19.8,1.16486,97.70386
Binaka,33.9,1.16486,97.70386
Binaka,6.6,1.16486,97.70386
Binaka,0.8,1.16486,97.70386
Binaka,17,1.16486,97.70386
Binaka,2.3,1.16486,97.70386
Binaka,6.4,1.16486,97.70386
Binaka,8.8,1.16486,97.70386
Binaka,15.1,1.16486,97.70386
Binaka,2,1.16486,97.70386
Binaka,0,1.16486,97.70386
Binaka,0,1.16486,97.70386
Binaka,1.4,1.16486,97.70386
Binaka,6.2,1.16486,97.70386
Binaka,62.9,1.16486,97.70386
Binaka,0,1.16486,97.70386
Binaka,8.4,1.16486,97.70386
Binaka,0.2,1.16486,97.70386
Binaka,0,1.16486,97.70386
Binaka,14.9,1.16486,97.70386
Binaka,21.3,1.16486,97.70386
Binaka,9.8,1.16486,97.70386
Binaka,0,1.16486,97.70386
Binaka,33.8,1.16486,97.70386
Binaka,9.6,1.16486,97.70386
Binaka,18.6,1.16486,97.70386
Binaka,24.1,1.16486,97.70386
Binaka,0.5,1.16486,97.70386
Binaka,33.2,1.16486,97.70386
Binaka,8.8,1.16486,97.70386
Binaka,23.5,1.16486,97.70386
Binaka,0,1.16486,97.70386
Binaka,10.6,1.16486,97.70386
Binaka,54,1.16486,97.70386
Binaka,23.8,1.16486,97.70386
Binaka,0,1.16486,97.70386
Binaka,36,1.16486,97.70386
Binaka,5.3,1.16486,97.70386
Binaka,3.5,1.16486,97.70386
Binaka,1.6,1.16486,97.70386
Binaka,2.6,1.16486,97.70386
Binaka,0,1.16486,97.70386
Binaka,0,1.16486,97.70386
Binaka,0,1.16486,97.70386
Binaka,0,1.16486,97.70386
Binaka,5.3,1.16486,97.70386
Binaka,2.5,1.16486,97.70386
Binaka,3,1.16486,97.70386
Binaka,0,1.16486,97.70386
Binaka,1.6,1.16486,97.70386
Binaka,0,1.16486,97.70386
Binaka,29.6,1.16486,97.70386
Binaka,24.1,1.16486,97.70386
Binaka,1.3,1.16486,97.70386
Binaka,6.2,1.16486,97.70386
Binaka,10.7,1.16486,97.70386
Binaka,17.2,1.16486,97.70386
Binaka,0,1.16486,97.70386
Binaka,7.7,1.16486,97.70386
Binaka,39.9,1.16486,97.70386
Binaka,0,1.16486,97.70386
Binaka,20.3,1.16486,97.70386
Binaka,0,1.16486,97.70386
Binaka,7.2,1.16486,97.70386
Binaka,0,1.16486,97.70386
Binaka,10.1,1.16486,97.70386
Binaka,0,1.16486,97.70386
Binaka,0,1.16486,97.70386
Binaka,0.1,1.16486,97.70386
Binaka,1.5,1.16486,97.70386
Binaka,12.8,1.16486,97.70386
Binaka,7.5,1.16486,97.70386
Binaka,10.2,1.16486,97.70386
Binaka,0,1.16486,97.70386
Binaka,1,1.16486,97.70386
Binaka,1.1,1.16486,97.70386
Binaka,0,1.16486,97.70386
Binaka,22.6,1.16486,97.70386
Binaka,0.5,1.16486,97.70386
Binaka,0,1.16486,97.70386
Binaka,0,1.16486,97.70386
Binaka,0,1.16486,97.70386
Binaka,0.7,1.16486,97.70386
Binaka,0,1.16486,97.70386
Binaka,5.2,1.16486,97.70386
Binaka,0.5,1.16486,97.70386
Binaka,0,1.16486,97.70386
Binaka,0,1.16486,97.70386
Binaka,0,1.16486,97.70386
Binaka,1,1.16486,97.70386
Binaka,0,1.16486,97.70386
Binaka,14.4,1.16486,97.70386
Binaka,0,1.16486,97.70386
Binaka,8.5,1.16486,97.70386
Binaka,14.2,1.16486,97.70386
Binaka,16.3,1.16486,97.70386
Binaka,22.9,1.16486,97.70386
Binaka,1.5,1.16486,97.70386
Binaka,0,1.16486,97.70386
Binaka,0,1.16486,97.70386
Binaka,3.1,1.16486,97.70386
Binaka,15.5,1.16486,97.70386
Binaka,46,1.16486,97.70386
Binaka,0,1.16486,97.70386
Binaka,1,1.16486,97.70386
Binaka,11,1.16486,97.70386
Binaka,65.5,1.16486,97.70386
Binaka,8,1.16486,97.70386
Binaka,0,1.16486,97.70386
Binaka,2.3,1.16486,97.70386
Binaka,2,1.16486,97.70386
Binaka,2.6,1.16486,97.70386
Binaka,1.2,1.16486,97.70386
Binaka,18.9,1.16486,97.70386
Binaka,0.5,1.16486,97.70386
Binaka,1,1.16486,97.70386
Binaka,6.7,1.16486,97.70386
Binaka,2.6,1.16486,97.70386
Binaka,0,1.16486,97.70386
Binaka,0,1.16486,97.70386
Binaka,2,1.16486,97.70386
Binaka,0,1.16486,97.70386
Binaka,1.2,1.16486,97.70386
Binaka,0,1.16486,97.70386
Binaka,0.4,1.16486,97.70386
Binaka,25,1.16486,97.70386
Binaka,1,1.16486,97.70386
Binaka,1.4,1.16486,97.70386
Binaka,0,1.16486,97.70386
Binaka,1,1.16486,97.70386
Binaka,3,1.16486,97.70386
Binaka,3.8,1.16486,97.70386
Binaka,1.5,1.16486,97.70386
Binaka,0,1.16486,97.70386
Binaka,3.6,1.16486,97.70386
Binaka,0,1.16486,97.70386
Binaka,7.6,1.16486,97.70386
Binaka,13,1.16486,97.70386
Binaka,0.4,1.16486,97.70386
Binaka,0,1.16486,97.70386
Binaka,61.2,1.16486,97.70386
Binaka,0,1.16486,97.70386
Binaka,0,1.16486,97.70386
Binaka,20.6,1.16486,97.70386
Binaka,0.5,1.16486,97.70386
Binaka,0.5,1.16486,97.70386
Binaka,3.8,1.16486,97.70386
Binaka,7,1.16486,97.70386
Binaka,17.7,1.16486,97.70386
Binaka,26.8,1.16486,97.70386
Binaka,10.1,1.16486,97.70386
Binaka,0.8,1.16486,97.70386
Binaka,11,1.16486,97.70386
Binaka,0.8,1.16486,97.70386
Binaka,1,1.16486,97.70386
Binaka,5.6,1.16486,97.70386
Binaka,0,1.16486,97.70386
Binaka,0,1.16486,97.70386
Binaka,7.3,1.16486,97.70386
Binaka,0,1.16486,97.70386
Binaka,13.9,1.16486,97.70386
Binaka,0,1.16486,97.70386
Binaka,1.9,1.16486,97.70386
Binaka,0.2,1.16486,97.70386
Binaka,2.5,1.16486,97.70386
Binaka,17.7,1.16486,97.70386
Binaka,1.7,1.16486,97.70386
Binaka,5.8,1.16486,97.70386
Binaka,1.1,1.16486,97.70386
Binaka,3.7,1.16486,97.70386
Binaka,0,1.16486,97.70386
Binaka,32.8,1.16486,97.70386
Binaka,9.2,1.16486,97.70386
Binaka,93.8,1.16486,97.70386
Binaka,23.1,1.16486,97.70386
Binaka,10.2,1.16486,97.70386
Binaka,27.4,1.16486,97.70386
Binaka,0,1.16486,97.70386
Binaka,13.6,1.16486,97.70386
Binaka,9.5,1.16486,97.70386
Binaka,21.5,1.16486,97.70386
Binaka,5.7,1.16486,97.70386
Binaka,24.9,1.16486,97.70386
Binaka,0,1.16486,97.70386
Binaka,4,1.16486,97.70386
Binaka,0,1.16486,97.70386
Binaka,0,1.16486,97.70386
Binaka,1.1,1.16486,97.70386
Binaka,1.5,1.16486,97.70386
Binaka,2.8,1.16486,97.70386
Binaka,0,1.16486,97.70386
Binaka,1.6,1.16486,97.70386
Binaka,0,1.16486,97.70386
Binaka,4.5,1.16486,97.70386
Binaka,26.5,1.16486,97.70386
Binaka,0,1.16486,97.70386
Binaka,0,1.16486,97.70386
Binaka,0,1.16486,97.70386
Binaka,16.6,1.16486,97.70386
Binaka,9.4,1.16486,97.70386
Binaka,38.2,1.16486,97.70386
Binaka,0,1.16486,97.70386
Binaka,0,1.16486,97.70386
Binaka,0,1.16486,97.70386
Binaka,3,1.16486,97.70386
Binaka,0.5,1.16486,97.70386
Binaka,0,1.16486,97.70386
Binaka,2.1,1.16486,97.70386
Binaka,43.7,1.16486,97.70386
Binaka,0.4,1.16486,97.70386
Binaka,0,1.16486,97.70386
Binaka,0.7,1.16486,97.70386
Binaka,0,1.16486,97.70386
Binaka,0,1.16486,97.70386
Binaka,0,1.16486,97.70386
Binaka,5,1.16486,97.70386
Binaka,0,1.16486,97.70386
Binaka,2.5,1.16486,97.70386
Binaka,0,1.16486,97.70386
Binaka,9.5,1.16486,97.70386
Binaka,4,1.16486,97.70386
Binaka,0.4,1.16486,97.70386
Binaka,0,1.16486,97.70386
Binaka,1.2,1.16486,97.70386
Binaka,9.9,1.16486,97.70386
Binaka,42.1,1.16486,97.70386
Binaka,1.9,1.16486,97.70386
Binaka,0,1.16486,97.70386
Binaka,0.5,1.16486,97.70386
Binaka,3.1,1.16486,97.70386
Binaka,0,1.16486,97.70386
Binaka,0,1.16486,97.70386
Binaka,49.2,1.16486,97.70386
Binaka,44.4,1.16486,97.70386
Binaka,0,1.16486,97.70386
Binaka,8.1,1.16486,97.70386
Binaka,36.2,1.16486,97.70386
Binaka,1,1.16486,97.70386
Binaka,43.8,1.16486,97.70386
Binaka,3,1.16486,97.70386
Binaka,0.9,1.16486,97.70386
Binaka,23.6,1.16486,97.70386
Binaka,9.8,1.16486,97.70386
Binaka,1,1.16486,97.70386
Binaka,1.9,1.16486,97.70386
Binaka,0,1.16486,97.70386
Binaka,2.4,1.16486,97.70386
Binaka,0,1.16486,97.70386
Binaka,7.9,1.16486,97.70386
Binaka,17,1.16486,97.70386
Binaka,0,1.16486,97.70386
Binaka,1.2,1.16486,97.70386
Binaka,0,1.16486,97.70386
Binaka,0,1.16486,97.70386
Binaka,3.4,1.16486,97.70386
Binaka,64.2,1.16486,97.70386
Binaka,9.7,1.16486,97.70386
Binaka,0,1.16486,97.70386
Binaka,20.2,1.16486,97.70386
Binaka,54.8,1.16486,97.70386
Binaka,31.3,1.16486,97.70386
Binaka,4,1.16486,97.70386
Binaka,5.1,1.16486,97.70386
Binaka,1,1.16486,97.70386
Binaka,35.1,1.16486,97.70386
Binaka,2,1.16486,97.70386
Binaka,46.8,1.16486,97.70386
Binaka,10.3,1.16486,97.70386
Binaka,0,1.16486,97.70386
Binaka,0.4,1.16486,97.70386
Binaka,2.5,1.16486,97.70386
Binaka,1,1.16486,97.70386
Binaka,11.8,1.16486,97.70386
Binaka,0,1.16486,97.70386
Binaka,84.5,1.16486,97.70386
Binaka,0,1.16486,97.70386
Binaka,0,1.16486,97.70386
Binaka,3.8,1.16486,97.70386
Binaka,4.9,1.16486,97.70386
Binaka,0,1.16486,97.70386
Binaka,1.7,1.16486,97.70386
Binaka,14.3,1.16486,97.70386
Binaka,0,1.16486,97.70386
Binaka,51.2,1.16486,97.70386
Binaka,9.2,1.16486,97.70386
Binaka,28.1,1.16486,97.70386
Binaka,30.6,1.16486,97.70386
Binaka,45.9,1.16486,97.70386
Binaka,38.7,1.16486,97.70386
Binaka,2.8,1.16486,97.70386
Binaka,0,1.16486,97.70386
Binaka,42.9,1.16486,97.70386
Binaka,16.7,1.16486,97.70386
Binaka,9,1.16486,97.70386
Binaka,14.4,1.16486,97.70386
Binaka,14.5,1.16486,97.70386
Binaka,0,1.16486,97.70386
Binaka,1.3,1.16486,97.70386
Binaka,0,1.16486,97.70386
Binaka,2,1.16486,97.70386
Binaka,0,1.16486,97.70386
Binaka,0,1.16486,97.70386
Binaka,0,1.16486,97.70386
Binaka,0,1.16486,97.70386
Binaka,0,1.16486,97.70386
Binaka,1,1.16486,97.70386
Binaka,1.4,1.16486,97.70386
Binaka,1.5,1.16486,97.70386
Binaka,1,1.16486,97.70386
Binaka,14,1.16486,97.70386
Binaka,0,1.16486,97.70386
Binaka,1,1.16486,97.70386
Binaka,0,1.16486,97.70386
Binaka,5,1.16486,97.70386
Binaka,0,1.16486,97.70386
Binaka,1.4,1.16486,97.70386
Binaka,1,1.16486,97.70386
Binaka,14.4,1.16486,97.70386
Binaka,16.5,1.16486,97.70386
Binaka,0,1.16486,97.70386
Binaka,4.1,1.16486,97.70386
Binaka,10.9,1.16486,97.70386
Binaka,29.8,1.16486,97.70386
Binaka,0,1.16486,97.70386
Binaka,3.2,1.16486,97.70386
Binaka,0,1.16486,97.70386
Binaka,0,1.16486,97.70386
Binaka,0,1.16486,97.70386
Binaka,25.4,1.16486,97.70386
Binaka,0.2,1.16486,97.70386
Binaka,23,1.16486,97.70386
Binaka,0,1.16486,97.70386
Binaka,1.7,1.16486,97.70386
Binaka,5.1,1.16486,97.70386
Binaka,18.2,1.16486,97.70386
Binaka,0,1.16486,97.70386
Binaka,5.2,1.16486,97.70386
Binaka,0,1.16486,97.70386
Binaka,7.6,1.16486,97.70386
Binaka,0.3,1.16486,97.70386
Binaka,0.9,1.16486,97.70386
Binaka,7.9,1.16486,97.70386
Binaka,14.8,1.16486,97.70386
Binaka,0.6,1.16486,97.70386
Binaka,0,1.16486,97.70386
Binaka,3.8,1.16486,97.70386
Binaka,1,1.16486,97.70386
Binaka,74,1.16486,97.70386
Binaka,21.3,1.16486,97.70386
Binaka,0.9,1.16486,97.70386
Binaka,0.1,1.16486,97.70386
Binaka,2.7,1.16486,97.70386
Binaka,0,1.16486,97.70386
Binaka,8.4,1.16486,97.70386
Binaka,8.2,1.16486,97.70386
Binaka,5.4,1.16486,97.70386
Binaka,0,1.16486,97.70386
Binaka,6.8,1.16486,97.70386
Binaka,0.6,1.16486,97.70386
Binaka,8.5,1.16486,97.70386
Binaka,22.6,1.16486,97.70386
Binaka,4.5,1.16486,97.70386
Binaka,0,1.16486,97.70386
Binaka,14.9,1.16486,97.70386
Binaka,0,1.16486,97.70386
Binaka,11.7,1.16486,97.70386
Binaka,0,1.16486,97.70386
Binaka,4,1.16486,97.70386
Binaka,4.7,1.16486,97.70386
Binaka,4.3,1.16486,97.70386
Binaka,30.2,1.16486,97.70386
Binaka,13.2,1.16486,97.70386
Binaka,10.4,1.16486,97.70386
Binaka,0,1.16486,97.70386
Binaka,0,1.16486,97.70386
Binaka,2.1,1.16486,97.70386
Binaka,0.5,1.16486,97.70386
Binaka,0,1.16486,97.70386
Binaka,0,1.16486,97.70386
Binaka,0,1.16486,97.70386
Binaka,19,1.16486,97.70386
Binaka,0,1.16486,97.70386
Binaka,0,1.16486,97.70386
Binaka,2,1.16486,97.70386
Binaka,5.4,1.16486,97.70386
Binaka,5.5,1.16486,97.70386
Binaka,9.9,1.16486,97.70386
Binaka,34.2,1.16486,97.70386
Binaka,2.9,1.16486,97.70386
Binaka,0,1.16486,97.70386
Binaka,9.7,1.16486,97.70386
Binaka,1.4,1.16486,97.70386
Binaka,0.4,1.16486,97.70386
Binaka,0.1,1.16486,97.70386
Binaka,0,1.16486,97.70386
Binaka,0,1.16486,97.70386
Binaka,20.7,1.16486,97.70386
Binaka,9.8,1.16486,97.70386
Binaka,0,1.16486,97.70386
Binaka,0,1.16486,97.70386
Binaka,0,1.16486,97.70386
Binaka,6,1.16486,97.70386
Binaka,0,1.16486,97.70386
Binaka,0,1.16486,97.70386
Binaka,5,1.16486,97.70386
Binaka,0,1.16486,97.70386
Binaka,0,1.16486,97.70386
Binaka,0.5,1.16486,97.70386
Binaka,0.1,1.16486,97.70386
Binaka,11.7,1.16486,97.70386
Binaka,15,1.16486,97.70386
Binaka,0,1.16486,97.70386
Binaka,40.6,1.16486,97.70386
Binaka,0,1.16486,97.70386
Binaka,11,1.16486,97.70386
Binaka,0,1.16486,97.70386
Binaka,2.1,1.16486,97.70386
Binaka,0,1.16486,97.70386
Binaka,0,1.16486,97.70386
Binaka,2,1.16486,97.70386
Binaka,0,1.16486,97.70386
Binaka,0,1.16486,97.70386
Binaka,21.8,1.16486,97.70386
Binaka,0,1.16486,97.70386
Binaka,4,1.16486,97.70386
Binaka,1.6,1.16486,97.70386
Binaka,61.4,1.16486,97.70386
Binaka,1.4,1.16486,97.70386
Binaka,0.5,1.16486,97.70386
Binaka,14,1.16486,97.70386
Binaka,18,1.16486,97.70386
Binaka,1.3,1.16486,97.70386
Binaka,12.6,1.16486,97.70386
Binaka,1.2,1.16486,97.70386
Binaka,14.3,1.16486,97.70386
Binaka,19.1,1.16486,97.70386
Binaka,0,1.16486,97.70386
Binaka,0,1.16486,97.70386
Binaka,5,1.16486,97.70386
Binaka,0.8,1.16486,97.70386
Binaka,6.5,1.16486,97.70386
Binaka,6.5,1.16486,97.70386
Binaka,0,1.16486,97.70386
Binaka,0,1.16486,97.70386
Binaka,0,1.16486,97.70386
Binaka,2.7,1.16486,97.70386
Binaka,0,1.16486,97.70386
Binaka,0,1.16486,97.70386
Binaka,30,1.16486,97.70386
Binaka,0,1.16486,97.70386
Binaka,0,1.16486,97.70386
Binaka,0.8,1.16486,97.70386
Binaka,0,1.16486,97.70386
Binaka,0.9,1.16486,97.70386
Binaka,0,1.16486,97.70386
Binaka,18.9,1.16486,97.70386
Binaka,8.8,1.16486,97.70386
Binaka,4.2,1.16486,97.70386
Binaka,13.6,1.16486,97.70386
Binaka,0,1.16486,97.70386
Binaka,0,1.16486,97.70386
Binaka,19.5,1.16486,97.70386
Binaka,0,1.16486,97.70386
Binaka,0,1.16486,97.70386
Binaka,0,1.16486,97.70386
Binaka,35.4,1.16486,97.70386
Binaka,16.4,1.16486,97.70386
Binaka,5.7,1.16486,97.70386
Binaka,2.5,1.16486,97.70386
Binaka,10.5,1.16486,97.70386
Binaka,0.9,1.16486,97.70386
Binaka,0,1.16486,97.70386
Binaka,7.4,1.16486,97.70386
Binaka,2.4,1.16486,97.70386
Binaka,23.8,1.16486,97.70386
Binaka,0,1.16486,97.70386
Binaka,2.8,1.16486,97.70386
Binaka,1.5,1.16486,97.70386
Binaka,6.5,1.16486,97.70386
Binaka,1,1.16486,97.70386
Binaka,0,1.16486,97.70386
Binaka,12.4,1.16486,97.70386
Binaka,1.7,1.16486,97.70386
Binaka,0.1,1.16486,97.70386
Binaka,26.3,1.16486,97.70386
Binaka,0,1.16486,97.70386
Binaka,0,1.16486,97.70386
Binaka,0,1.16486,97.70386
Binaka,5.5,1.16486,97.70386
Binaka,0,1.16486,97.70386
Binaka,126.4,1.16486,97.70386
Binaka,0,1.16486,97.70386
Binaka,0,1.16486,97.70386
Binaka,11.2,1.16486,97.70386
Binaka,1.3,1.16486,97.70386
Binaka,0,1.16486,97.70386
Binaka,1.7,1.16486,97.70386
Binaka,5.7,1.16486,97.70386
Binaka,1.5,1.16486,97.70386
Binaka,5.3,1.16486,97.70386
Binaka,0,1.16486,97.70386
Binaka,8.1,1.16486,97.70386
Binaka,17.2,1.16486,97.70386
Binaka,5.5,1.16486,97.70386
Binaka,0.4,1.16486,97.70386
Binaka,1.9,1.16486,97.70386
Binaka,0,1.16486,97.70386
Binaka,24.3,1.16486,97.70386
Binaka,3.6,1.16486,97.70386
Binaka,2.1,1.16486,97.70386
Binaka,6,1.16486,97.70386
Binaka,1.4,1.16486,97.70386
Binaka,0,1.16486,97.70386
Binaka,36.7,1.16486,97.70386
Binaka,0,1.16486,97.70386
Binaka,21.7,1.16486,97.70386
Binaka,47.3,1.16486,97.70386
Binaka,1.7,1.16486,97.70386
Binaka,0.7,1.16486,97.70386
Binaka,3.4,1.16486,97.70386
Binaka,11.5,1.16486,97.70386
Binaka,25,1.16486,97.70386
Binaka,19.4,1.16486,97.70386
Binaka,0,1.16486,97.70386
Binaka,5.6,1.16486,97.70386
Binaka,0.6,1.16486,97.70386
Binaka,0,1.16486,97.70386
Binaka,6.1,1.16486,97.70386
Binaka,6.7,1.16486,97.70386
Binaka,9,1.16486,97.70386
Binaka,8.6,1.16486,97.70386
Binaka,0.5,1.16486,97.70386
Binaka,0,1.16486,97.70386
Binaka,2.6,1.16486,97.70386
Binaka,4.6,1.16486,97.70386
Binaka,34.1,1.16486,97.70386
Binaka,19.9,1.16486,97.70386
Binaka,10.1,1.16486,97.70386
Binaka,1.8,1.16486,97.70386
Binaka,0,1.16486,97.70386
Binaka,3.8,1.16486,97.70386
Binaka,0,1.16486,97.70386
Binaka,0,1.16486,97.70386
Binaka,2,1.16486,97.70386
Binaka,4.3,1.16486,97.70386
Binaka,0,1.16486,97.70386
Binaka,9.6,1.16486,97.70386
Binaka,0,1.16486,97.70386
Binaka,0,1.16486,97.70386
Binaka,1.4,1.16486,97.70386
Binaka,1,1.16486,97.70386
Binaka,2.2,1.16486,97.70386
Binaka,7.6,1.16486,97.70386
Binaka,0,1.16486,97.70386
Binaka,0,1.16486,97.70386
Binaka,0,1.16486,97.70386
Binaka,12.4,1.16486,97.70386
Binaka,0.5,1.16486,97.70386
Binaka,5.9,1.16486,97.70386
Binaka,0,1.16486,97.70386
Binaka,7.3,1.16486,97.70386
Binaka,0,1.16486,97.70386
Binaka,1.6,1.16486,97.70386
Binaka,0,1.16486,97.70386
Binaka,0,1.16486,97.70386
Binaka,18,1.16486,97.70386
Binaka,3,1.16486,97.70386
Binaka,0,1.16486,97.70386
Binaka,0,1.16486,97.70386
Binaka,23.6,1.16486,97.70386
Binaka,1.7,1.16486,97.70386
Binaka,0,1.16486,97.70386
Binaka,16,1.16486,97.70386
Binaka,10.6,1.16486,97.70386
Binaka,0,1.16486,97.70386
Binaka,37.4,1.16486,97.70386
Binaka,3.8,1.16486,97.70386
Binaka,0,1.16486,97.70386
Binaka,21,1.16486,97.70386
Binaka,2,1.16486,97.70386
Binaka,0,1.16486,97.70386
Binaka,4.9,1.16486,97.70386
Binaka,0,1.16486,97.70386
Binaka,0,1.16486,97.70386
Binaka,0,1.16486,97.70386
Binaka,0,1.16486,97.70386
Binaka,7.9,1.16486,97.70386
Binaka,0,1.16486,97.70386
Binaka,0,1.16486,97.70386
Binaka,0,1.16486,97.70386
Binaka,3.5,1.16486,97.70386
Binaka,5.8,1.16486,97.70386
Binaka,2.1,1.16486,97.70386
Binaka,0,1.16486,97.70386
Binaka,0,1.16486,97.70386
Binaka,4,1.16486,97.70386
Binaka,1,1.16486,97.70386
Binaka,0,1.16486,97.70386
Binaka,2.5,1.16486,97.70386
Binaka,18.3,1.16486,97.70386
Binaka,3,1.16486,97.70386
Binaka,2.9,1.16486,97.70386
Binaka,0,1.16486,97.70386
Binaka,0,1.16486,97.70386
Binaka,0,1.16486,97.70386
Binaka,0,1.16486,97.70386
Binaka,0.8,1.16486,97.70386
Binaka,30,1.16486,97.70386
Binaka,0,1.16486,97.70386
Binaka,34.6,1.16486,97.70386
Binaka,0,1.16486,97.70386
Binaka,0,1.16486,97.70386
Binaka,0,1.16486,97.70386
Binaka,0.5,1.16486,97.70386
Binaka,9.4,1.16486,97.70386
Binaka,0,1.16486,97.70386
Binaka,0,1.16486,97.70386
Binaka,0,1.16486,97.70386
Binaka,11.1,1.16486,97.70386
Binaka,36.6,1.16486,97.70386
Binaka,9.1,1.16486,97.70386
Binaka,21,1.16486,97.70386
Binaka,28.1,1.16486,97.70386
Binaka,3,1.16486,97.70386
Binaka,0,1.16486,97.70386
Binaka,6.6,1.16486,97.70386
Binaka,7.3,1.16486,97.70386
Binaka,0,1.16486,97.70386
Binaka,3.6,1.16486,97.70386
Binaka,29.9,1.16486,97.70386
Binaka,0,1.16486,97.70386
Binaka,0,1.16486,97.70386
Binaka,3,1.16486,97.70386
Binaka,10.7,1.16486,97.70386
Binaka,31.1,1.16486,97.70386
Binaka,1.2,1.16486,97.70386
Binaka,0,1.16486,97.70386
Binaka,9.1,1.16486,97.70386
Binaka,8.1,1.16486,97.70386
Binaka,2.8,1.16486,97.70386
Binaka,0,1.16486,97.70386
Binaka,0,1.16486,97.70386
Binaka,0,1.16486,97.70386
Binaka,27,1.16486,97.70386
Binaka,9.3,1.16486,97.70386
Binaka,0.1,1.16486,97.70386
Binaka,27.2,1.16486,97.70386
Binaka,0.7,1.16486,97.70386
Binaka,0.8,1.16486,97.70386
Binaka,23.9,1.16486,97.70386
Binaka,10.1,1.16486,97.70386
Binaka,41.4,1.16486,97.70386
Binaka,0,1.16486,97.70386
Binaka,8.7,1.16486,97.70386
Binaka,18.4,1.16486,97.70386
Binaka,0,1.16486,97.70386
Binaka,3.6,1.16486,97.70386
Binaka,26.3,1.16486,97.70386
Binaka,30.2,1.16486,97.70386
Binaka,0,1.16486,97.70386
Binaka,0,1.16486,97.70386
Binaka,1.4,1.16486,97.70386
Binaka,1.5,1.16486,97.70386
Binaka,48.2,1.16486,97.70386
Binaka,1.4,1.16486,97.70386
Binaka,10.4,1.16486,97.70386
Binaka,1.8,1.16486,97.70386
Binaka,33.8,1.16486,97.70386
Binaka,0,1.16486,97.70386
Binaka,0,1.16486,97.70386
Binaka,11.9,1.16486,97.70386
Binaka,0,1.16486,97.70386
Binaka,2.5,1.16486,97.70386
Binaka,14.1,1.16486,97.70386
Binaka,38.6,1.16486,97.70386
Binaka,23.9,1.16486,97.70386
Binaka,0,1.16486,97.70386
Binaka,14,1.16486,97.70386
Binaka,0,1.16486,97.70386
Binaka,50.5,1.16486,97.70386
Binaka,0,1.16486,97.70386
Binaka,1.5,1.16486,97.70386
Binaka,8.2,1.16486,97.70386
Binaka,2.6,1.16486,97.70386
Binaka,0,1.16486,97.70386
Binaka,9,1.16486,97.70386
Binaka,0,1.16486,97.70386
Binaka,75.5,1.16486,97.70386
Binaka,0,1.16486,97.70386
Binaka,0,1.16486,97.70386
Binaka,37.7,1.16486,97.70386
Binaka,15.5,1.16486,97.70386
Binaka,15.7,1.16486,97.70386
Binaka,6,1.16486,97.70386
Binaka,0,1.16486,97.70386
Binaka,26.2,1.16486,97.70386
Binaka,0,1.16486,97.70386
Binaka,25.1,1.16486,97.70386
Binaka,0,1.16486,97.70386
Binaka,6.8,1.16486,97.70386
Binaka,0.8,1.16486,97.70386
Binaka,25.3,1.16486,97.70386
Binaka,18.4,1.16486,97.70386
Binaka,0,1.16486,97.70386
Binaka,0,1.16486,97.70386
Binaka,21.5,1.16486,97.70386
Binaka,7.4,1.16486,97.70386
Binaka,13,1.16486,97.70386
Binaka,4.5,1.16486,97.70386
Binaka,4.3,1.16486,97.70386
Binaka,4.1,1.16486,97.70386
Binaka,10.5,1.16486,97.70386
Binaka,5.6,1.16486,97.70386
Binaka,7.3,1.16486,97.70386
Binaka,35.4,1.16486,97.70386
Binaka,0,1.16486,97.70386
Binaka,21.8,1.16486,97.70386
Binaka,0.3,1.16486,97.70386
Binaka,20.1,1.16486,97.70386
Binaka,0,1.16486,97.70386
Binaka,0,1.16486,97.70386
Binaka,0,1.16486,97.70386
Binaka,64.5,1.16486,97.70386
Binaka,38.4,1.16486,97.70386
Binaka,0,1.16486,97.70386
Binaka,0,1.16486,97.70386
Binaka,9,1.16486,97.70386
Binaka,6.7,1.16486,97.70386
Binaka,45.4,1.16486,97.70386
Binaka,0,1.16486,97.70386
Binaka,6,1.16486,97.70386
Binaka,18.3,1.16486,97.70386
Binaka,1,1.16486,97.70386
Binaka,2.7,1.16486,97.70386
Binaka,2.2,1.16486,97.70386
Binaka,2.3,1.16486,97.70386
Binaka,21.7,1.16486,97.70386
Binaka,3.3,1.16486,97.70386
Binaka,17,1.16486,97.70386
Binaka,2.1,1.16486,97.70386
Binaka,24.7,1.16486,97.70386
Binaka,2,1.16486,97.70386
Binaka,1.2,1.16486,97.70386
Binaka,0,1.16486,97.70386
Binaka,0,1.16486,97.70386
Binaka,19.1,1.16486,97.70386
Binaka,42.1,1.16486,97.70386
Binaka,5.8,1.16486,97.70386
Binaka,5,1.16486,97.70386
Binaka,5.8,1.16486,97.70386
Binaka,0.1,1.16486,97.70386
Binaka,31.8,1.16486,97.70386
Binaka,0.8,1.16486,97.70386
Binaka,8.3,1.16486,97.70386
Binaka,15.3,1.16486,97.70386
Binaka,3.4,1.16486,97.70386
Binaka,21.5,1.16486,97.70386
Binaka,15,1.16486,97.70386
Binaka,0,1.16486,97.70386
Binaka,8,1.16486,97.70386
Binaka,12.8,1.16486,97.70386
Binaka,11.5,1.16486,97.70386
Binaka,0,1.16486,97.70386
Binaka,24.2,1.16486,97.70386
Binaka,0,1.16486,97.70386
Binaka,2.5,1.16486,97.70386
Binaka,4.4,1.16486,97.70386
Binaka,14.4,1.16486,97.70386
Binaka,0.5,1.16486,97.70386
Binaka,14.8,1.16486,97.70386
Binaka,3.3,1.16486,97.70386
